page_id,client_id,archetype,reason_code,priority_score,staleness_days,ctr,avg_position,position_volatility
pg_02294,cl_042,prune,"Stale, low-visibility, low-engagement — review for removal.",11.072638020054871,530.8184318131615,0.0055340535215648474,36.86747564637186,0.678190318537925
pg_02061,cl_033,prune,"Stale, low-visibility, low-engagement — review for removal.",11.053864839419631,528.1942146899191,0.006592759645155903,27.32999311009507,1.1871829669910343
pg_02185,cl_017,prune,"Stale, low-visibility, low-engagement — review for removal.",10.827045870160363,491.9771819903888,0.004757239196273675,36.08973240145223,1.1025179408327386
pg_00640,cl_040,prune,"Stale, low-visibility, low-engagement — review for removal.",10.073337709429204,420.9184852655365,0.009771410859810838,29.56627633069344,1.8187046662103132
pg_03331,cl_051,prune,"Stale, low-visibility, low-engagement — review for removal.",9.780305444215823,500.20785881837094,0.0017052451634274653,34.76703587197361,1.5567341460085877
pg_01902,cl_043,prune,"Stale, low-visibility, low-engagement — review for removal.",9.684468231844418,411.4709954355165,0.003236132433026792,28.05958268785357,1.7182709673899728
pg_02098,cl_045,prune,"Stale, low-visibility, low-engagement — review for removal.",9.640558777003662,420.5246347322718,0.001,40.91426362961805,1.2189277585485643
pg_01840,cl_025,prune,"Stale, low-visibility, low-engagement — review for removal.",9.636832253235196,467.0848577958891,0.0036198915036762492,40.436740059679785,1.1217794119517066
pg_01009,cl_031,prune,"Stale, low-visibility, low-engagement — review for removal.",9.627857962827777,537.4707111381559,0.002803336566807619,19.405175737902553,1.6501493853953775
pg_02937,cl_043,prune,"Stale, low-visibility, low-engagement — review for removal.",9.626940082486621,484.75320179197377,0.0069563787969192156,37.74340103511439,0.5540379970395235
pg_03976,cl_038,prune,"Stale, low-visibility, low-engagement — review for removal.",9.610760310450456,498.31497107417164,0.006367171853318945,36.872961342566654,0.8829783155442011
pg_00465,cl_057,prune,"Stale, low-visibility, low-engagement — review for removal.",9.516227456547906,449.4404126601849,0.001,27.42952071569694,2.4709775337344304
pg_01345,cl_059,prune,"Stale, low-visibility, low-engagement — review for removal.",9.503374760778955,405.62800715503937,0.003820199219709176,26.31180838670308,0.20586306791552977
pg_01725,cl_046,prune,"Stale, low-visibility, low-engagement — review for removal.",9.270534933539189,368.34003705568745,0.00497711927931217,25.83466428312643,1.6988592624219296
pg_03657,cl_055,prune,"Stale, low-visibility, low-engagement — review for removal.",9.225491029358555,392.7836226025411,0.004144897757820711,31.123603898665937,0.0528553033648107
pg_01836,cl_056,prune,"Stale, low-visibility, low-engagement — review for removal.",9.223836466955577,512.432899428234,0.013021850021557289,17.000741466411455,0.9864696477981992
pg_03863,cl_036,prune,"Stale, low-visibility, low-engagement — review for removal.",9.211989443180977,366.5872060643083,0.008153518774016143,31.622765587035893,0.8273041737996135
pg_03463,cl_003,prune,"Stale, low-visibility, low-engagement — review for removal.",9.207457630988522,499.3847929944569,0.0028798560908198448,22.770126787875842,1.980213882337206
pg_01226,cl_006,prune,"Stale, low-visibility, low-engagement — review for removal.",9.193875143332722,431.45061009557264,0.008679955382205857,35.35046806014619,1.7092318352936842
pg_02849,cl_021,prune,"Stale, low-visibility, low-engagement — review for removal.",9.078022341007248,505.8040304407766,0.009087145880628065,41.3184046894751,1.7235566108975222
pg_00960,cl_009,prune,"Stale, low-visibility, low-engagement — review for removal.",9.017897660798479,453.38255774895737,0.004870155723652078,34.339538702879395,1.6567586325175154
pg_03740,cl_013,prune,"Stale, low-visibility, low-engagement — review for removal.",8.966483189265528,464.4364877654631,0.007520662828946118,30.188683471067336,1.4705703496035982
pg_01346,cl_051,prune,"Stale, low-visibility, low-engagement — review for removal.",8.959421062912709,461.44907610771037,0.001,30.506162038729933,1.0150389339403842
pg_02787,cl_003,prune,"Stale, low-visibility, low-engagement — review for removal.",8.958623411602666,372.6488078570784,0.0071119268059640466,38.07080672216101,1.9645412649112772
pg_01261,cl_055,prune,"Stale, low-visibility, low-engagement — review for removal.",8.925618563196943,498.58724133534605,0.005291533918845291,28.679019493285683,0.2951113165198713
pg_02272,cl_017,prune,"Stale, low-visibility, low-engagement — review for removal.",8.912718143391885,462.01511352764294,0.00104188245972151,27.13922697336183,1.1729863920499386
pg_03234,cl_034,prune,"Stale, low-visibility, low-engagement — review for removal.",8.854972123922956,443.01828674579986,0.009930876344212471,24.56989701632316,1.0993216474405878
pg_00990,cl_020,prune,"Stale, low-visibility, low-engagement — review for removal.",8.851265015238884,323.9351025585772,0.005355707481752167,29.05755129967262,3.3388368227368654
pg_00039,cl_037,prune,"Stale, low-visibility, low-engagement — review for removal.",8.815482193779962,495.8023414737261,0.004339203363478253,29.23332400285714,0.47514737675200514
pg_02499,cl_055,prune,"Stale, low-visibility, low-engagement — review for removal.",8.80474352397176,506.33337045327266,0.007526920309773767,20.504535434393404,2.333532220593745
pg_00152,cl_055,prune,"Stale, low-visibility, low-engagement — review for removal.",8.78667665596752,464.00351412410714,0.005996682005152718,31.309778040464145,0.8977863578201354
pg_03294,cl_011,prune,"Stale, low-visibility, low-engagement — review for removal.",8.739587183868718,431.8787925390576,0.0018587612185999502,51.5168484767797,2.24377948689015
pg_02947,cl_029,prune,"Stale, low-visibility, low-engagement — review for removal.",8.736798805034358,375.4104850122751,0.0031279008438405034,31.54810818424946,1.5513195371366535
pg_02915,cl_026,prune,"Stale, low-visibility, low-engagement — review for removal.",8.710365669818023,436.3170620376397,0.0070300274291081105,32.780134713111266,1.834713191632644
pg_03703,cl_054,prune,"Stale, low-visibility, low-engagement — review for removal.",8.68671880737519,395.01168300455043,0.0019567604345221835,27.65318250368407,0.5569901947328071
pg_00402,cl_019,prune,"Stale, low-visibility, low-engagement — review for removal.",8.682394793272337,417.4693697243949,0.0065056182859489125,24.940865945205157,1.1215369768852659
pg_02216,cl_027,prune,"Stale, low-visibility, low-engagement — review for removal.",8.674515658639715,437.88478215146796,0.010588125499517397,29.176774629472234,2.3858864435500333
pg_01135,cl_003,prune,"Stale, low-visibility, low-engagement — review for removal.",8.665344605954045,375.6946293802269,0.001,26.74508388356236,1.27522182295347
pg_02804,cl_010,prune,"Stale, low-visibility, low-engagement — review for removal.",8.64318698384099,491.83498581537805,0.00185414517290074,18.498485816264882,2.157896529455172
pg_00848,cl_049,prune,"Stale, low-visibility, low-engagement — review for removal.",8.640675828467389,316.7355349797502,0.001,29.49375256866569,1.9846245616208609
pg_02415,cl_029,prune,"Stale, low-visibility, low-engagement — review for removal.",8.624066934815001,344.15762905171647,0.00284346256699971,29.961074254229658,2.1085449424412546
pg_03302,cl_036,prune,"Stale, low-visibility, low-engagement — review for removal.",8.612778182903549,436.5402422490763,0.002494195902557835,23.53043747675654,1.297052529730481
pg_03286,cl_007,prune,"Stale, low-visibility, low-engagement — review for removal.",8.604419926005162,490.092567341925,0.008337808470461868,43.797674845838586,2.3643644214661346
pg_00296,cl_050,prune,"Stale, low-visibility, low-engagement — review for removal.",8.578887621837984,451.43043029647094,0.007904516224462215,32.191071506077456,2.0984307502238204
pg_01223,cl_039,prune,"Stale, low-visibility, low-engagement — review for removal.",8.571997916750927,549.4340937075674,0.002684713113652695,35.45204788655297,2.1533778164309925
pg_01394,cl_012,prune,"Stale, low-visibility, low-engagement — review for removal.",8.570441169437062,470.89023786528657,0.008176233858108487,33.77528003592971,0.12461917522488997
pg_03864,cl_037,prune,"Stale, low-visibility, low-engagement — review for removal.",8.55099674828511,480.52415558002633,0.010028928800787516,39.45111094404676,2.425649400908678
pg_02789,cl_050,prune,"Stale, low-visibility, low-engagement — review for removal.",8.547852245010613,439.49717015855185,0.0049136903335389205,35.554504222241235,2.656385961399548
pg_03849,cl_013,prune,"Stale, low-visibility, low-engagement — review for removal.",8.532538791598753,532.9763087748935,0.004970873819445774,38.87646453397394,1.0453673204834613
pg_02612,cl_010,prune,"Stale, low-visibility, low-engagement — review for removal.",8.529565867273638,361.35869572543635,0.001,21.58749604369249,1.6592635684625145
pg_03427,cl_053,prune,"Stale, low-visibility, low-engagement — review for removal.",8.517102457104558,427.61244415937347,0.006534788396602808,30.20432166712192,1.1579933666343842
pg_00226,cl_048,prune,"Stale, low-visibility, low-engagement — review for removal.",8.51457589668577,568.5011208072808,0.004809289273544511,44.14740262811077,0.6609648535859988
pg_03642,cl_055,prune,"Stale, low-visibility, low-engagement — review for removal.",8.49313193815516,407.4238155327607,0.006182331067109558,32.71623516979913,1.0592722258470466
pg_02692,cl_054,prune,"Stale, low-visibility, low-engagement — review for removal.",8.461546639970031,423.4540272749645,0.001,19.890069851830106,1.1958911670988046
pg_01103,cl_009,prune,"Stale, low-visibility, low-engagement — review for removal.",8.44561803468184,374.74848507510757,0.010489772722257007,44.26787896149488,1.0567685178873307
pg_03665,cl_027,prune,"Stale, low-visibility, low-engagement — review for removal.",8.444306590194385,431.5304401665278,0.0062407781762037935,32.427640673516294,0.2639027075811089
pg_02592,cl_031,prune,"Stale, low-visibility, low-engagement — review for removal.",8.406215247646953,647.1733568822203,0.003267258585906281,28.47473471064643,1.2852921784853804
pg_01856,cl_022,prune,"Stale, low-visibility, low-engagement — review for removal.",8.383273988722918,407.7798824531365,0.008867035328465937,32.95660112313797,1.9972772280964084
pg_01862,cl_050,prune,"Stale, low-visibility, low-engagement — review for removal.",8.360341736438665,453.67046505347184,0.004934106527809978,20.60047928555099,1.45392877471486
pg_01906,cl_017,prune,"Stale, low-visibility, low-engagement — review for removal.",8.357365655046724,318.8932914451267,0.009896443567678243,32.61550730077021,1.406126818244852
pg_00084,cl_037,prune,"Stale, low-visibility, low-engagement — review for removal.",8.34100302176882,332.61859223241913,0.00554679681330885,41.92353291280419,1.0011805807216168
pg_02557,cl_051,prune,"Stale, low-visibility, low-engagement — review for removal.",8.335589898761432,491.28733184628317,0.001,40.369725452310895,1.4849899663088901
pg_03626,cl_046,prune,"Stale, low-visibility, low-engagement — review for removal.",8.301414685804653,502.0106555934814,0.00874312025427252,28.54214362233688,1.274013988167056
pg_00613,cl_023,prune,"Stale, low-visibility, low-engagement — review for removal.",8.288005125514774,345.354962247039,0.006818484094269958,33.83694658917551,0.05
pg_00774,cl_050,prune,"Stale, low-visibility, low-engagement — review for removal.",8.281069570780286,383.791062911868,0.001,28.33462457032985,1.7184246486679216
pg_03452,cl_027,prune,"Stale, low-visibility, low-engagement — review for removal.",8.260940664011674,422.91849076184644,0.014848874980169846,46.24850101831224,1.8439216684912036
pg_03878,cl_010,prune,"Stale, low-visibility, low-engagement — review for removal.",8.23584394672227,565.1280615212953,0.0030843285886713646,20.954726689574077,1.7333076929901454
pg_00942,cl_054,prune,"Stale, low-visibility, low-engagement — review for removal.",8.23082008444518,465.87652045465563,0.011739532090330155,31.35148796606994,1.501717545556238
pg_02699,cl_007,prune,"Stale, low-visibility, low-engagement — review for removal.",8.22715346286007,430.83128665337887,0.011444775741744885,31.999115154234065,0.937385556439874
pg_03508,cl_003,prune,"Stale, low-visibility, low-engagement — review for removal.",8.198675085620641,494.74094447983447,0.010513111663343747,37.93058465997097,1.594575195584189
pg_01592,cl_023,prune,"Stale, low-visibility, low-engagement — review for removal.",8.19605024843981,363.07889486143176,0.008969833104025963,38.736483334240745,0.9431249030653136
pg_02169,cl_058,prune,"Stale, low-visibility, low-engagement — review for removal.",8.185370336557096,335.2176943139313,0.005328414833237108,20.789755406964684,1.455143724186434
pg_01212,cl_027,prune,"Stale, low-visibility, low-engagement — review for removal.",8.172066316960027,416.231297207983,0.0029066223268976086,38.112712997678116,1.705915081052782
pg_02689,cl_058,prune,"Stale, low-visibility, low-engagement — review for removal.",8.131917430605474,538.1978033734571,0.006848406630074027,28.00473674563794,2.3317859671090773
pg_02041,cl_053,prune,"Stale, low-visibility, low-engagement — review for removal.",8.128996508534959,623.1463106939341,0.008052281520615037,20.980116774639917,1.6111375985618492
pg_02992,cl_011,prune,"Stale, low-visibility, low-engagement — review for removal.",8.123561595947812,413.04084733864653,0.001,23.505161741734142,0.8675431215673582
pg_01738,cl_000,prune,"Stale, low-visibility, low-engagement — review for removal.",8.105933747508898,436.16627023583305,0.006563722207376524,32.03316342152229,1.107781695730494
pg_02106,cl_045,prune,"Stale, low-visibility, low-engagement — review for removal.",8.102736638498449,584.4231432262034,0.00424693049613618,20.4835857269359,1.4648385818339493
pg_03489,cl_042,prune,"Stale, low-visibility, low-engagement — review for removal.",8.06641001748016,573.7203170462031,0.001,33.96089743336696,1.7564496996885168
pg_03002,cl_055,prune,"Stale, low-visibility, low-engagement — review for removal.",8.063154071684917,408.74770770554335,0.0053607106393851675,25.524529402970348,2.2749822081199533
pg_03778,cl_059,prune,"Stale, low-visibility, low-engagement — review for removal.",8.059922544764804,493.11793059930244,0.008162917354357374,24.5992157501127,1.8817275309418702
pg_01385,cl_014,prune,"Stale, low-visibility, low-engagement — review for removal.",8.052435149155166,389.69298520697987,0.003695459561180176,33.697404982001686,1.4541813003409703
pg_02364,cl_045,prune,"Stale, low-visibility, low-engagement — review for removal.",8.04762107914942,274.84089263769283,0.001,27.01112764086407,1.8362956230590144
pg_02204,cl_027,prune,"Stale, low-visibility, low-engagement — review for removal.",8.03985069428826,359.5994079805002,0.001,21.488840801817,2.151980289279803
pg_02928,cl_011,prune,"Stale, low-visibility, low-engagement — review for removal.",8.029145782426093,432.00880539485354,0.0042261665481536734,19.46423282815889,2.197247842794458
pg_01745,cl_058,prune,"Stale, low-visibility, low-engagement — review for removal.",8.024661256194175,415.77566877795323,0.001,37.943333281615416,1.3942272242073022
pg_02233,cl_008,prune,"Stale, low-visibility, low-engagement — review for removal.",8.012838922349905,387.72474005068216,0.0024906503155301923,11.119691850695762,1.5422829698930873
pg_00785,cl_035,prune,"Stale, low-visibility, low-engagement — review for removal.",8.011800635566585,409.07035560552083,0.001,39.4949635912452,3.136698425920903
pg_02139,cl_024,prune,"Stale, low-visibility, low-engagement — review for removal.",7.995883871944155,378.11735917710746,0.0011352697350474074,38.4586323438869,1.9098222498730715
pg_03805,cl_050,prune,"Stale, low-visibility, low-engagement — review for removal.",7.9796967860083035,377.59036513183923,0.007845064736418694,30.760376504780705,2.2988167154491475
pg_01255,cl_005,prune,"Stale, low-visibility, low-engagement — review for removal.",7.975148861095242,464.29287850966216,0.0013270661503783135,27.863435692935287,1.3589345109551112
pg_00652,cl_012,prune,"Stale, low-visibility, low-engagement — review for removal.",7.974241071753297,436.4657626173296,0.0029513606225547604,32.382595539892826,2.401413282765597
pg_01486,cl_009,prune,"Stale, low-visibility, low-engagement — review for removal.",7.973449225112044,418.93324419884044,0.001,35.32174195267943,1.5020495304051074
pg_02301,cl_008,prune,"Stale, low-visibility, low-engagement — review for removal.",7.972153948330812,494.65498811759466,0.003917601153705341,26.595122051780596,2.545034297220092
pg_03637,cl_029,prune,"Stale, low-visibility, low-engagement — review for removal.",7.959745559130761,325.68003130209024,0.001,33.46168721479113,1.3957636238398103
pg_03822,cl_032,prune,"Stale, low-visibility, low-engagement — review for removal.",7.956852602219358,500.4144131618535,0.0013240545228815287,23.000146346653263,1.3087780389615165
pg_02894,cl_015,prune,"Stale, low-visibility, low-engagement — review for removal.",7.952303141889135,595.5112167217251,0.0032437826343501477,27.562230552060587,1.1015198409264662
pg_01858,cl_031,prune,"Stale, low-visibility, low-engagement — review for removal.",7.9355470002584125,569.2476753460966,0.004343056870452488,25.10735948889456,0.3270188734453181
pg_02683,cl_048,prune,"Stale, low-visibility, low-engagement — review for removal.",7.93411598552579,474.4212608985166,0.004904210645802553,32.17322722394209,2.551274466398646
pg_03943,cl_058,prune,"Stale, low-visibility, low-engagement — review for removal.",7.9322247750940615,278.3044557108204,0.007080080122821322,42.0041688708897,1.4851248737590546
pg_00721,cl_055,prune,"Stale, low-visibility, low-engagement — review for removal.",7.930172694412479,526.7227656915054,0.006470812916718855,29.760311612807026,0.18585850843930296
pg_02147,cl_056,prune,"Stale, low-visibility, low-engagement — review for removal.",7.926856284056243,412.1132556507141,0.0024152745563589106,31.07827182260884,1.0956577868584227
pg_00429,cl_042,prune,"Stale, low-visibility, low-engagement — review for removal.",7.892939415900777,520.9964474881219,0.004921359251659651,38.684289065449605,2.0639435195073945
pg_03769,cl_020,prune,"Stale, low-visibility, low-engagement — review for removal.",7.892053789015458,417.48637930775703,0.004786885820920629,34.88552894579515,2.8271455501177285
pg_01615,cl_010,prune,"Stale, low-visibility, low-engagement — review for removal.",7.892012100758419,401.14690286836526,0.007593715723256178,34.46167714370946,1.0054351557894887
pg_01638,cl_010,prune,"Stale, low-visibility, low-engagement — review for removal.",7.887139547620089,298.2490188919287,0.001,27.24426258340147,2.3691731307383543
pg_01846,cl_024,prune,"Stale, low-visibility, low-engagement — review for removal.",7.8789207443876945,420.4210914366517,0.0031483610830856283,28.93134456020763,2.231820274233561
pg_02959,cl_028,prune,"Stale, low-visibility, low-engagement — review for removal.",7.874550970273074,439.16342708967437,0.0024834757962320267,21.86739598404059,2.7333366262557997
pg_01703,cl_011,prune,"Stale, low-visibility, low-engagement — review for removal.",7.864562669304922,358.4308659576771,0.0026893224610194805,38.20446684574161,0.4944949364461435
pg_03903,cl_000,prune,"Stale, low-visibility, low-engagement — review for removal.",7.859594505594009,332.73547590551186,0.00576744768398137,37.7929433187791,1.533444607654555
pg_02171,cl_044,prune,"Stale, low-visibility, low-engagement — review for removal.",7.847797984703084,471.3903833400308,0.0058242380607444,31.217543054175238,2.670136979908398
pg_00484,cl_027,prune,"Stale, low-visibility, low-engagement — review for removal.",7.83493772154394,529.8277354610627,0.0015223662205813148,34.49839875780909,2.082096884043588
pg_01581,cl_012,prune,"Stale, low-visibility, low-engagement — review for removal.",7.833871824025004,426.95189714685984,0.001,33.93152235891577,0.7345416271497199
pg_03079,cl_026,prune,"Stale, low-visibility, low-engagement — review for removal.",7.824564928548792,428.109573131939,0.005102970703530293,25.747774007253327,1.636409988034666
pg_03724,cl_000,prune,"Stale, low-visibility, low-engagement — review for removal.",7.8242596979855525,476.068424108061,0.008697217067296504,35.19957528818988,1.0383267199163972
pg_02833,cl_032,prune,"Stale, low-visibility, low-engagement — review for removal.",7.817029222033896,445.83065844845993,0.012393853062205851,43.63504383973614,1.6797552806703822
pg_00561,cl_002,prune,"Stale, low-visibility, low-engagement — review for removal.",7.809093750188646,464.1187106643732,0.009102746736933861,10.592732760522647,1.005267214720258
pg_01909,cl_056,prune,"Stale, low-visibility, low-engagement — review for removal.",7.781990417260338,470.0151948680722,0.006926700249102882,27.218686310751927,2.113792914646401
pg_00798,cl_018,prune,"Stale, low-visibility, low-engagement — review for removal.",7.777713548572575,440.68194722058035,0.003147327181900174,45.879640110270266,1.0587316084560634
pg_03405,cl_021,prune,"Stale, low-visibility, low-engagement — review for removal.",7.774096480451067,457.54625473473925,0.008223166385235415,23.703176011242967,2.047584395763587
pg_01291,cl_051,prune,"Stale, low-visibility, low-engagement — review for removal.",7.770325983200076,528.143696224997,0.00285756433896362,41.28562722550925,2.3869707536306946
pg_01296,cl_015,prune,"Stale, low-visibility, low-engagement — review for removal.",7.761770942993375,399.5910978885894,0.0058692865099241945,38.87864609792025,1.6631638520316536
pg_00365,cl_031,prune,"Stale, low-visibility, low-engagement — review for removal.",7.759829580168407,531.75337640629,0.00832159099643017,40.552314687321854,2.332632761802554
pg_02823,cl_058,prune,"Stale, low-visibility, low-engagement — review for removal.",7.759185618597724,420.6106660940295,0.0023319499292125483,9.311549516527382,2.144635265076969
pg_00858,cl_040,prune,"Stale, low-visibility, low-engagement — review for removal.",7.753305197063659,299.18325232290294,0.006398109070438856,29.973933425550946,2.1293875593334515
pg_01042,cl_024,prune,"Stale, low-visibility, low-engagement — review for removal.",7.742700022564714,428.8541760719374,0.007398067960263047,34.40785828756536,2.7526284217770924
pg_01519,cl_027,prune,"Stale, low-visibility, low-engagement — review for removal.",7.725232972954733,417.72818249187196,0.011242301080752502,36.00765043991347,1.8143788861644268
pg_03133,cl_004,prune,"Stale, low-visibility, low-engagement — review for removal.",7.707691764430267,309.1937952391894,0.012394504792082563,23.09924348630032,2.56685797493821
pg_00501,cl_039,prune,"Stale, low-visibility, low-engagement — review for removal.",7.707198629502004,385.105882483222,0.00185393954400368,36.990130032449564,1.4642996830279578
pg_01497,cl_046,prune,"Stale, low-visibility, low-engagement — review for removal.",7.704146131423979,507.9421124753544,0.0022819046806869183,22.79463215958422,1.6401758107465882
pg_01222,cl_057,prune,"Stale, low-visibility, low-engagement — review for removal.",7.6986181084612575,369.5882936720581,0.001,29.49528837853112,0.75070720092835
pg_00665,cl_041,prune,"Stale, low-visibility, low-engagement — review for removal.",7.696463877873392,399.3415480574547,0.003233687458608015,42.40857123724555,1.3054636500448848
pg_01358,cl_006,prune,"Stale, low-visibility, low-engagement — review for removal.",7.696400557366721,517.6948622772878,0.005902293988914294,28.049365995827426,1.0244235392129037
pg_01128,cl_033,prune,"Stale, low-visibility, low-engagement — review for removal.",7.696105603962565,596.8278255050342,0.007532083793147824,32.1962786968884,0.9141759658888803
pg_03580,cl_052,prune,"Stale, low-visibility, low-engagement — review for removal.",7.692964557591264,368.4333063690535,0.005638145361284299,31.699579422156326,0.5348748441499697
pg_03013,cl_044,prune,"Stale, low-visibility, low-engagement — review for removal.",7.692880383055693,395.9751770437666,0.011575113711245984,34.6760442463314,1.7310198841922106
pg_03678,cl_032,prune,"Stale, low-visibility, low-engagement — review for removal.",7.691814122595278,384.42326275014017,0.004841378881873522,33.191714101676325,1.3040758839054254
pg_03254,cl_014,prune,"Stale, low-visibility, low-engagement — review for removal.",7.6803097691050795,259.41899962037076,0.004666797876408653,27.414223928104796,1.9257206284317463
pg_02736,cl_034,prune,"Stale, low-visibility, low-engagement — review for removal.",7.677002028101992,545.7268707090146,0.004111177899316454,27.255931047869755,2.1198566514117356
pg_01580,cl_017,prune,"Stale, low-visibility, low-engagement — review for removal.",7.675792002819532,453.41113641868134,0.0038605046678501214,42.00459715483966,1.869801839124606
pg_00840,cl_017,prune,"Stale, low-visibility, low-engagement — review for removal.",7.664100892132589,418.75760756774037,0.0013193825945138986,28.128480338572878,1.0375963062434432
pg_00041,cl_045,prune,"Stale, low-visibility, low-engagement — review for removal.",7.6496072408742055,408.01110283111205,0.0024249775446707725,36.83738469193044,0.17864593861286626
pg_00206,cl_045,prune,"Stale, low-visibility, low-engagement — review for removal.",7.640919389812961,473.74068281569964,0.001,41.946412497006044,2.592379558323432
pg_00451,cl_055,prune,"Stale, low-visibility, low-engagement — review for removal.",7.628155938118368,388.04831923534067,0.0022219459877209123,37.40886200358835,2.7856491239692476
pg_00834,cl_051,prune,"Stale, low-visibility, low-engagement — review for removal.",7.627361917423007,594.8628335289105,0.001,32.054069440303344,0.9237577608018886
pg_03501,cl_038,prune,"Stale, low-visibility, low-engagement — review for removal.",7.620706265703095,339.96418286677897,0.001,25.335460715709072,1.7728726876378587
pg_03997,cl_050,prune,"Stale, low-visibility, low-engagement — review for removal.",7.613533550791183,486.7578927240025,0.001,32.452407743510605,1.4454606016064355
pg_00562,cl_029,prune,"Stale, low-visibility, low-engagement — review for removal.",7.599680372329865,390.05913898230574,0.00793804364523447,25.87402732300663,1.000714858815638
pg_01073,cl_031,prune,"Stale, low-visibility, low-engagement — review for removal.",7.593512706343343,419.3402122078117,0.009136760383067082,40.173481573077865,1.669859351609577
pg_01953,cl_027,prune,"Stale, low-visibility, low-engagement — review for removal.",7.588323124389872,591.9619955156796,0.011142610323455085,25.89829555092441,1.0728115450891909
pg_01417,cl_026,prune,"Stale, low-visibility, low-engagement — review for removal.",7.586123082394796,434.20620055712857,0.002759433419248496,40.664930311401726,1.8480505005411259
pg_03474,cl_017,prune,"Stale, low-visibility, low-engagement — review for removal.",7.579807096195907,343.6771511763763,0.0034183340331914005,29.486041452372486,2.3213289185402357
pg_01117,cl_035,prune,"Stale, low-visibility, low-engagement — review for removal.",7.579219546781347,474.80155917238585,0.0071618567361122504,27.95690870516586,2.0025995201267848
pg_02205,cl_047,prune,"Stale, low-visibility, low-engagement — review for removal.",7.5787610279849,422.2761570224588,0.0069145746586471366,31.95807047664096,1.6966132229470932
pg_00102,cl_048,prune,"Stale, low-visibility, low-engagement — review for removal.",7.573420478183099,433.60963178940125,0.001,34.29453965278294,3.361131482246918
pg_02742,cl_030,prune,"Stale, low-visibility, low-engagement — review for removal.",7.56326885150741,422.3234381711193,0.009667204211164553,37.42935279488359,1.8581080956717475
pg_03443,cl_013,prune,"Stale, low-visibility, low-engagement — review for removal.",7.551552270175323,481.51983178497267,0.005037367636638826,52.11857489483356,0.9481425419068379
pg_03449,cl_029,prune,"Stale, low-visibility, low-engagement — review for removal.",7.550802720137059,342.15143687465775,0.012975618255429864,17.50378794636514,2.1904369877692633
pg_00828,cl_051,prune,"Stale, low-visibility, low-engagement — review for removal.",7.548094590921195,612.2019751037247,0.005934654973621303,29.505502472775607,2.214510626554854
pg_02863,cl_036,prune,"Stale, low-visibility, low-engagement — review for removal.",7.54378329808508,256.26035925233896,0.0018084708857662776,30.21248548784818,1.0620794502424555
pg_02524,cl_003,prune,"Stale, low-visibility, low-engagement — review for removal.",7.537661290723015,454.89815017357466,0.0033425153922751545,29.535416165285973,0.19294876595465538
pg_03577,cl_051,prune,"Stale, low-visibility, low-engagement — review for removal.",7.533228580487588,548.0522701290804,0.007183852382116481,39.8675852314892,3.055168228642852
pg_02311,cl_004,prune,"Stale, low-visibility, low-engagement — review for removal.",7.528571851764037,398.70127698518576,0.008432108976596398,35.60929374527544,2.2268289433959447
pg_03008,cl_037,prune,"Stale, low-visibility, low-engagement — review for removal.",7.524771491310414,434.9086718047371,0.003027942017131202,31.65357359231807,1.7584602475681361
pg_01147,cl_046,prune,"Stale, low-visibility, low-engagement — review for removal.",7.521283053226623,398.31160365187327,0.0017351230935178249,32.16223653788314,1.3600390749284599
pg_02397,cl_017,prune,"Stale, low-visibility, low-engagement — review for removal.",7.513609360988802,422.35046803891925,0.011747284618246642,29.07146336603452,1.4767684161137615
pg_01172,cl_023,prune,"Stale, low-visibility, low-engagement — review for removal.",7.50058422506603,314.32680256055585,0.007181092661948861,32.204583191700365,1.9740496274674284
pg_02067,cl_054,prune,"Stale, low-visibility, low-engagement — review for removal.",7.5001435823789855,346.6252936981248,0.004268106064958174,25.58395477748786,2.415071465929361
pg_01716,cl_038,prune,"Stale, low-visibility, low-engagement — review for removal.",7.4996435787702325,576.2493645530365,0.004856241592154806,29.859425915746666,1.1507719907327538
pg_01487,cl_000,prune,"Stale, low-visibility, low-engagement — review for removal.",7.498895344244279,629.7438148735139,0.0034494625192943483,32.58766796087498,3.197531497325101
pg_02924,cl_025,prune,"Stale, low-visibility, low-engagement — review for removal.",7.497331308959281,330.9218635940547,0.001,18.883921936729124,2.5645300437845893
pg_03744,cl_014,prune,"Stale, low-visibility, low-engagement — review for removal.",7.495752207281802,466.4099190593528,0.001,43.613547580390886,2.8595718276684443
pg_00787,cl_041,prune,"Stale, low-visibility, low-engagement — review for removal.",7.492507766584374,313.2917098616282,0.004708081567289267,16.14582559156744,2.5242607796633427
pg_03275,cl_055,prune,"Stale, low-visibility, low-engagement — review for removal.",7.476348608619326,517.5963248871006,0.013327517453608165,26.548266697092686,2.0002317549119297
pg_03523,cl_010,prune,"Stale, low-visibility, low-engagement — review for removal.",7.4727966275338025,525.644256994212,0.006978919057889324,28.419147585478928,1.8700611157106615
pg_01005,cl_055,prune,"Stale, low-visibility, low-engagement — review for removal.",7.471992998920019,342.5413713458301,0.004113440396596227,33.78671912666418,0.5622114890165506
pg_02208,cl_014,prune,"Stale, low-visibility, low-engagement — review for removal.",7.4649946430500425,326.917574879845,0.007042421850535002,24.37523059102913,2.046909041685613
pg_03802,cl_048,prune,"Stale, low-visibility, low-engagement — review for removal.",7.459379087512069,534.0458912285983,0.007741563423892343,13.10007967889748,0.8765275013546734
pg_01950,cl_054,prune,"Stale, low-visibility, low-engagement — review for removal.",7.458865278517793,331.2553244007774,0.015935292839432083,23.096079159877995,2.3191701200853068
pg_01138,cl_044,prune,"Stale, low-visibility, low-engagement — review for removal.",7.456147509638918,388.092094335901,0.001,16.257581940624785,1.3041524339298678
pg_00919,cl_038,prune,"Stale, low-visibility, low-engagement — review for removal.",7.454467866485627,611.708250758115,0.006616223392480383,23.878303643295823,1.1234588383584976
pg_03336,cl_031,prune,"Stale, low-visibility, low-engagement — review for removal.",7.449159689656106,485.20768918066307,0.006076931560368493,34.76637762684079,1.559186748886801
pg_01818,cl_008,prune,"Stale, low-visibility, low-engagement — review for removal.",7.44182698824636,498.54175281263485,0.0035003013274569166,18.447803440962133,1.7862322016509233
pg_02279,cl_040,prune,"Stale, low-visibility, low-engagement — review for removal.",7.413430134386515,430.7371956544763,0.001,37.10759658345764,1.7194804398562176
pg_01225,cl_058,prune,"Stale, low-visibility, low-engagement — review for removal.",7.411822328634839,432.4990683378836,0.001,34.43228975771619,1.2083014834963746
pg_03535,cl_004,prune,"Stale, low-visibility, low-engagement — review for removal.",7.409344082957266,394.7771194226323,0.0026003635261503855,27.993459905916872,2.122062472224602
pg_01459,cl_030,prune,"Stale, low-visibility, low-engagement — review for removal.",7.406512086994305,419.83184495262645,0.004005332431570557,25.22993026380226,2.472458801265015
pg_00636,cl_014,prune,"Stale, low-visibility, low-engagement — review for removal.",7.4047702542122344,226.59681352885764,0.001,23.04396769621066,1.9298536620336741
pg_00401,cl_046,prune,"Stale, low-visibility, low-engagement — review for removal.",7.40259706417447,363.9790471084729,0.008358839746239867,31.191668329938796,1.9733074278913643
pg_03940,cl_032,prune,"Stale, low-visibility, low-engagement — review for removal.",7.3905850577179395,531.4765754045202,0.008567235935813065,40.77654711153603,1.0689192914786043
pg_00009,cl_005,prune,"Stale, low-visibility, low-engagement — review for removal.",7.387772221618984,439.03922099930065,0.0068181274874752435,30.41118283453674,1.3032653624212727
pg_01003,cl_053,prune,"Stale, low-visibility, low-engagement — review for removal.",7.3652283314702,474.29728666411677,0.001,21.660327911249702,0.2613815940947506
pg_00472,cl_025,prune,"Stale, low-visibility, low-engagement — review for removal.",7.359041872539577,338.01951637096283,0.005744863449432539,13.744534479650373,1.4920658544908652
pg_03065,cl_033,prune,"Stale, low-visibility, low-engagement — review for removal.",7.355112476167574,325.15719547236574,0.02053597146579301,21.549093116306313,3.280689837001405
pg_03710,cl_021,prune,"Stale, low-visibility, low-engagement — review for removal.",7.352499385796902,348.4536175382823,0.008774317426954647,29.525919421443188,1.5735019398622903
pg_03191,cl_040,prune,"Stale, low-visibility, low-engagement — review for removal.",7.346686302718478,449.9896781118469,0.010008300085034358,41.43702955186587,2.045780042031201
pg_00738,cl_044,prune,"Stale, low-visibility, low-engagement — review for removal.",7.332432317233548,558.2995673360579,0.00320375349902164,29.292544988461778,0.7480066625870228
pg_00852,cl_057,prune,"Stale, low-visibility, low-engagement — review for removal.",7.329317642601097,393.36458089408,0.004216903151570275,23.260711742425766,1.7595936915478145
pg_01012,cl_014,prune,"Stale, low-visibility, low-engagement — review for removal.",7.328003478914368,365.1263741057475,0.0022091817174490188,31.983384036152046,1.7659831447536045
pg_00929,cl_034,prune,"Stale, low-visibility, low-engagement — review for removal.",7.325632218453007,366.87216016420905,0.010340323341202877,21.64635079296211,0.8514733501405837
pg_02559,cl_035,prune,"Stale, low-visibility, low-engagement — review for removal.",7.325336410302434,361.5968297467467,0.007853851043900833,30.276441021712873,2.137601483759819
pg_00532,cl_009,prune,"Stale, low-visibility, low-engagement — review for removal.",7.3217801279218575,412.58506855134834,0.0024243431505448785,51.25447593176,0.6544000527208106
pg_03812,cl_040,prune,"Stale, low-visibility, low-engagement — review for removal.",7.311403747850381,440.17574345315205,0.007227076113123629,24.174044532065892,1.6026479172610586
pg_02769,cl_057,prune,"Stale, low-visibility, low-engagement — review for removal.",7.3098181442250105,438.0311934564235,0.015423945153437313,30.39881126852698,2.075347975473105
pg_00291,cl_016,prune,"Stale, low-visibility, low-engagement — review for removal.",7.3097843076563755,516.1802307375467,0.005787917218370402,27.901739031871514,1.8039635458076735
pg_00700,cl_031,prune,"Stale, low-visibility, low-engagement — review for removal.",7.3077652478085025,416.93094797759505,0.007409677543876342,34.837999231518396,0.05
pg_02182,cl_036,prune,"Stale, low-visibility, low-engagement — review for removal.",7.286823954526317,575.9409632482865,0.008346404801786344,30.950110374668945,0.6830086682973631
pg_01215,cl_006,prune,"Stale, low-visibility, low-engagement — review for removal.",7.285544041623437,437.4496433455341,0.0011389979250738557,23.509461363407976,1.2389111512482414
pg_00131,cl_033,prune,"Stale, low-visibility, low-engagement — review for removal.",7.282537556224683,533.6969339779869,0.001,25.706095517253576,1.7528704443332026
pg_00391,cl_010,prune,"Stale, low-visibility, low-engagement — review for removal.",7.272543311777587,444.3332396480385,0.0036765343927822316,28.667213538803058,2.128958625834486
pg_00725,cl_007,prune,"Stale, low-visibility, low-engagement — review for removal.",7.269112102230734,498.2084581527547,0.002259004426461252,41.2533936716878,1.6641763647207666
pg_01583,cl_024,prune,"Stale, low-visibility, low-engagement — review for removal.",7.263190286020498,601.7372400222702,0.004129531600762197,34.40330551753034,1.240902408185399
pg_01962,cl_008,prune,"Stale, low-visibility, low-engagement — review for removal.",7.262147324317074,280.15812786606875,0.002146590209194005,32.41891181001588,2.6574104744299754
pg_00026,cl_024,prune,"Stale, low-visibility, low-engagement — review for removal.",7.261573142367457,328.1668865692209,0.004660040796253004,30.968303517308595,2.4157819199918635
pg_02805,cl_058,prune,"Stale, low-visibility, low-engagement — review for removal.",7.256564860451927,481.429053440495,0.005548995906730209,27.035680899332313,0.6216332074589811
pg_03183,cl_003,prune,"Stale, low-visibility, low-engagement — review for removal.",7.251375370322925,524.8557640432141,0.01022349130484108,39.22589630553868,1.122708678038765
pg_03346,cl_036,prune,"Stale, low-visibility, low-engagement — review for removal.",7.218343846133733,506.64855914418285,0.0030593387532151205,23.030319617332932,1.4574827945024105
pg_02555,cl_006,prune,"Stale, low-visibility, low-engagement — review for removal.",7.2101139611287,518.3319216438064,0.002254055434053661,36.54660572071215,1.2137586812556536
pg_01645,cl_017,prune,"Stale, low-visibility, low-engagement — review for removal.",7.204393170455777,555.8191969829159,0.0077420877058912915,19.351223847686544,0.7310516946507567
pg_03466,cl_032,prune,"Stale, low-visibility, low-engagement — review for removal.",7.201838690885226,380.4837263439905,0.00849810952564946,36.979481424180335,1.4086272456225435
pg_03830,cl_053,prune,"Stale, low-visibility, low-engagement — review for removal.",7.199937743897353,463.4958533155185,0.0070407768211968105,29.703019608754126,1.7706519836281913
pg_03770,cl_025,prune,"Stale, low-visibility, low-engagement — review for removal.",7.198903308820318,245.81912286277117,0.0029716813318647834,42.329145418892054,1.186772663840499
pg_01072,cl_045,prune,"Stale, low-visibility, low-engagement — review for removal.",7.197157280718107,336.5067415872674,0.009080293665719472,36.0821793813074,1.960411532793051
pg_00434,cl_026,prune,"Stale, low-visibility, low-engagement — review for removal.",7.196074576500073,364.4100585117413,0.008701198255878305,32.03352541246126,0.610697700671687
pg_01245,cl_059,prune,"Stale, low-visibility, low-engagement — review for removal.",7.191124397048313,309.15739326855095,0.00677695319543558,14.40119667524673,1.0971326787062794
pg_00704,cl_007,prune,"Stale, low-visibility, low-engagement — review for removal.",7.183926850845623,278.2057996560526,0.005884918168002491,31.222965688960013,1.9175134536160665
pg_00160,cl_059,prune,"Stale, low-visibility, low-engagement — review for removal.",7.181403857446937,388.0051561548596,0.02258156261774598,18.815351039663504,2.7789922347450657
pg_02412,cl_055,prune,"Stale, low-visibility, low-engagement — review for removal.",7.175609008702318,370.13936299600186,0.007045690270903472,24.397950038485604,2.215306302912242
pg_00576,cl_055,prune,"Stale, low-visibility, low-engagement — review for removal.",7.1704253367488455,397.161509611201,0.001,19.103502587324357,1.2530689830254869
pg_00975,cl_013,prune,"Stale, low-visibility, low-engagement — review for removal.",7.162034774491015,382.44978260586606,0.00940866255967816,37.396082146512676,0.7681659971400735
pg_00088,cl_046,prune,"Stale, low-visibility, low-engagement — review for removal.",7.159967304021061,468.5035494825688,0.0038457888789744004,29.93305897824888,1.1030253645217085
pg_02344,cl_035,prune,"Stale, low-visibility, low-engagement — review for removal.",7.150545850372031,296.3024997811681,0.009615224520994267,40.10419661424819,1.6394658564035816
pg_00301,cl_049,prune,"Stale, low-visibility, low-engagement — review for removal.",7.139984234358011,484.234837717141,0.001,29.315418561690997,1.7463309810349774
pg_03558,cl_010,prune,"Stale, low-visibility, low-engagement — review for removal.",7.139107350288792,448.47593155969236,0.001,35.840537419241606,1.0014857144007827
pg_02654,cl_051,prune,"Stale, low-visibility, low-engagement — review for removal.",7.136845717001483,378.0157348323616,0.01596309081607296,16.554707808792156,2.141886322928359
pg_01083,cl_033,prune,"Stale, low-visibility, low-engagement — review for removal.",7.1355937321009195,331.0328991802644,0.007110991967997617,36.96630077481548,1.1472215779523411
pg_01013,cl_018,prune,"Stale, low-visibility, low-engagement — review for removal.",7.1308060290621915,438.9544214314093,0.0010927609455395,16.832130445330538,1.6574330619184372
pg_03829,cl_009,prune,"Stale, low-visibility, low-engagement — review for removal.",7.124505759577331,527.6816357488017,0.001,38.27532509275079,1.1195340191653054
pg_00137,cl_001,prune,"Stale, low-visibility, low-engagement — review for removal.",7.119692620461146,558.2299824592905,0.005291699566868532,21.981537866795215,1.311136830049205
pg_01772,cl_021,prune,"Stale, low-visibility, low-engagement — review for removal.",7.115784384041406,359.7425673698677,0.00332411073432908,23.852683188087738,1.8221582835913588
pg_01585,cl_019,prune,"Stale, low-visibility, low-engagement — review for removal.",7.115752039238971,561.9097999160274,0.001,27.752932327137763,2.272870330698621
pg_00572,cl_016,prune,"Stale, low-visibility, low-engagement — review for removal.",7.107912873807309,435.30313693640335,0.004292224475114649,24.114159361239,2.1583116444937405
pg_01146,cl_031,prune,"Stale, low-visibility, low-engagement — review for removal.",7.106852073602298,381.5547301324255,0.0021035631075855088,35.733864061643374,2.0738341598051813
pg_00035,cl_003,prune,"Stale, low-visibility, low-engagement — review for removal.",7.083112712922396,477.7639263466807,0.007426932709646906,6.113419727120611,1.8271453226570742
pg_01534,cl_048,prune,"Stale, low-visibility, low-engagement — review for removal.",7.076893068918573,315.99197159794,0.001,27.52169948961114,1.5361417037610077
pg_00317,cl_043,prune,"Stale, low-visibility, low-engagement — review for removal.",7.07069283657014,401.6942586922942,0.005591833861699169,28.474240977535178,1.2460082706020885
pg_00767,cl_028,prune,"Stale, low-visibility, low-engagement — review for removal.",7.067502258313298,479.9959400968986,0.001,22.052112521548654,1.3027362691969833
pg_03762,cl_034,prune,"Stale, low-visibility, low-engagement — review for removal.",7.064195812333046,497.60556633350876,0.01088406756455479,32.339560000632204,2.242768020997945
pg_01165,cl_006,prune,"Stale, low-visibility, low-engagement — review for removal.",7.0634866436244,433.34822829852317,0.001,33.66624970632119,1.9020664169232608
pg_02556,cl_047,prune,"Stale, low-visibility, low-engagement — review for removal.",7.062498088019603,461.4354708703421,0.008224070912426981,39.936742497181896,1.2044139871303818
pg_01455,cl_003,prune,"Stale, low-visibility, low-engagement — review for removal.",7.0579033278689955,285.59691610968343,0.00524914483396245,14.854301574233558,1.1510103935806608
pg_00135,cl_018,prune,"Stale, low-visibility, low-engagement — review for removal.",7.048908169597535,221.4446443890347,0.0011842082647092207,17.093900868472602,2.6695382284993006
pg_01776,cl_019,prune,"Stale, low-visibility, low-engagement — review for removal.",7.038255858626883,476.9925333209634,0.0071866533073996364,33.31638685580024,0.5358248108672659
pg_03381,cl_047,prune,"Stale, low-visibility, low-engagement — review for removal.",7.0360654369785705,399.6034555679535,0.011756939981276816,34.74620568581982,2.9175705346721235
pg_03720,cl_038,prune,"Stale, low-visibility, low-engagement — review for removal.",7.0340898589200656,512.4791825731112,0.004467079340760968,20.99683067665721,1.9056258744935965
pg_00829,cl_001,prune,"Stale, low-visibility, low-engagement — review for removal.",7.029851114907619,367.13078186450485,0.009029710442469292,16.65814083533612,1.2278075722526602
pg_01838,cl_013,prune,"Stale, low-visibility, low-engagement — review for removal.",7.017439460841593,542.1283789033118,0.009170864455730746,38.48813301247185,1.2528770347837825
pg_02566,cl_048,prune,"Stale, low-visibility, low-engagement — review for removal.",7.011781023896138,374.7987063651432,0.009980019815193445,38.39801439421307,0.6859732744135718
pg_02551,cl_019,prune,"Stale, low-visibility, low-engagement — review for removal.",7.002458591282355,446.3004513496953,0.003940415784386877,33.556577913922915,1.0223637109049308
pg_01707,cl_054,prune,"Stale, low-visibility, low-engagement — review for removal.",6.997136203350513,402.19537628765545,0.004589973156349264,21.9805162294367,0.7317521922318218
pg_01398,cl_001,prune,"Stale, low-visibility, low-engagement — review for removal.",6.987257791571464,509.33060288945677,0.004028337153499575,24.99275016840689,2.3480844103172105
pg_01901,cl_031,prune,"Stale, low-visibility, low-engagement — review for removal.",6.982042115874649,348.0272481171188,0.0055202382188793446,28.594576805429078,0.6233794096860475
pg_01247,cl_027,prune,"Stale, low-visibility, low-engagement — review for removal.",6.981300320996037,493.72681069542364,0.014588466858127234,29.409017859671234,1.3436822617222757
pg_02268,cl_007,prune,"Stale, low-visibility, low-engagement — review for removal.",6.979863511965981,332.54012774293267,0.004219486223575321,28.196541205332935,2.072554748848115
pg_01508,cl_051,prune,"Stale, low-visibility, low-engagement — review for removal.",6.968444349128545,323.6888374802677,0.00395406154705031,25.984756032788525,1.5418136274366543
pg_00344,cl_054,prune,"Stale, low-visibility, low-engagement — review for removal.",6.963861389640496,565.397106770808,0.003841341800698278,38.79014097890378,0.9346914018244169
pg_01535,cl_001,prune,"Stale, low-visibility, low-engagement — review for removal.",6.960584729257478,288.33196503122315,0.001,31.458382258703885,1.045331659611023
pg_00299,cl_001,prune,"Stale, low-visibility, low-engagement — review for removal.",6.952957123302159,534.5989613681561,0.005107173772477754,38.488722060820635,1.0869126534805236
pg_02192,cl_017,prune,"Stale, low-visibility, low-engagement — review for removal.",6.952901996379025,325.1850908629857,0.019740416674463843,19.706930415280375,2.3450202458544087
pg_00404,cl_029,prune,"Stale, low-visibility, low-engagement — review for removal.",6.951179795131408,186.36015518181168,0.0027042393452023335,37.688221412959244,1.4249126467733042
pg_02553,cl_011,prune,"Stale, low-visibility, low-engagement — review for removal.",6.941858982856055,425.70115738896254,0.005126455819430983,26.409688670724684,0.41550914608955014
pg_02257,cl_039,prune,"Stale, low-visibility, low-engagement — review for removal.",6.939844473998643,373.0809372172661,0.01627165561285033,15.700761411768216,1.814271012259567
pg_00443,cl_029,prune,"Stale, low-visibility, low-engagement — review for removal.",6.935395018694587,277.60425783529604,0.014564534306351073,26.980473228261847,2.529770705525109
pg_02404,cl_023,prune,"Stale, low-visibility, low-engagement — review for removal.",6.935314043319175,243.03314826444154,0.0053471004718065335,18.739596699545736,3.175195052985827
pg_00825,cl_005,prune,"Stale, low-visibility, low-engagement — review for removal.",6.931958710358574,511.0030795072489,0.0038277951863924698,43.28770443248667,1.7814215320476534
pg_02526,cl_028,prune,"Stale, low-visibility, low-engagement — review for removal.",6.924928123694931,376.79356281368496,0.01205724774002997,21.510984254977565,1.6988557073200212
pg_03659,cl_029,prune,"Stale, low-visibility, low-engagement — review for removal.",6.923227033347249,396.0871261960447,0.001,43.30075808722692,1.279302691558969
pg_03964,cl_011,prune,"Stale, low-visibility, low-engagement — review for removal.",6.921046064388526,413.97252925368764,0.006142987787165009,24.520443269870633,1.914817778264903
pg_03757,cl_032,prune,"Stale, low-visibility, low-engagement — review for removal.",6.909322823586395,293.3870545758562,0.012427047725107387,18.66718078917347,1.8238434120448481
pg_03086,cl_010,prune,"Stale, low-visibility, low-engagement — review for removal.",6.901746125229318,580.4741093248982,0.0028485551733213863,26.161512917132033,0.8815410433189617
pg_03112,cl_003,prune,"Stale, low-visibility, low-engagement — review for removal.",6.893636064011203,390.12343622643704,0.009588551926315253,46.273205280464644,0.8438007108400519
pg_01778,cl_018,prune,"Stale, low-visibility, low-engagement — review for removal.",6.888863014050284,261.3250958462281,0.00975613443536075,32.952425408052484,1.2877104915121997
pg_01348,cl_044,prune,"Stale, low-visibility, low-engagement — review for removal.",6.883502961383243,429.7346945159416,0.006584574337363122,15.750887998190578,1.3094850036800676
pg_02355,cl_022,prune,"Stale, low-visibility, low-engagement — review for removal.",6.8830953383920965,370.42883537119405,0.0037916158732488924,26.07378365794586,1.2933148483905326
pg_02383,cl_023,prune,"Stale, low-visibility, low-engagement — review for removal.",6.882996075011744,337.42768693828515,0.009603042147345088,17.223896062198946,1.8283916186798925
pg_01274,cl_045,prune,"Stale, low-visibility, low-engagement — review for removal.",6.880077162866627,408.9083100342458,0.005277263003764504,8.958933146731933,1.3886961610861674
pg_03916,cl_004,prune,"Stale, low-visibility, low-engagement — review for removal.",6.879637841241504,250.56694780104579,0.00730725589998449,38.17702616421019,1.4952493590544054
pg_03411,cl_059,prune,"Stale, low-visibility, low-engagement — review for removal.",6.87584992293707,329.90734832988716,0.004210641865690783,31.150699153212507,1.8362197192895606
pg_02828,cl_037,prune,"Stale, low-visibility, low-engagement — review for removal.",6.87241717422263,268.22568104145114,0.001,30.931830777809676,1.8204293637023765
pg_02327,cl_010,prune,"Stale, low-visibility, low-engagement — review for removal.",6.86922774084662,254.41461860477665,0.0011982883362785667,36.012665513162666,1.4726178547971462
pg_02527,cl_056,prune,"Stale, low-visibility, low-engagement — review for removal.",6.867114793050496,301.8308482589475,0.002768506223718919,32.214551629537844,1.373182205482133
pg_03193,cl_011,prune,"Stale, low-visibility, low-engagement — review for removal.",6.8650621042817646,532.7623396158133,0.001,34.53509289915734,1.6917209848454933
pg_01511,cl_013,prune,"Stale, low-visibility, low-engagement — review for removal.",6.864721917815317,369.6568385901511,0.001,28.075830605831214,1.346223834558465
pg_03627,cl_014,prune,"Stale, low-visibility, low-engagement — review for removal.",6.862374442496321,302.3368549158967,0.001,23.990125444215764,0.7465346145582262
pg_00748,cl_018,prune,"Stale, low-visibility, low-engagement — review for removal.",6.851611226165798,336.02886392474045,0.001,12.260793859248071,2.7540412409322275
pg_03713,cl_013,prune,"Stale, low-visibility, low-engagement — review for removal.",6.847635307963386,370.5623019360045,0.008116012995529493,35.78415985492644,1.1679512834138177
pg_00410,cl_010,prune,"Stale, low-visibility, low-engagement — review for removal.",6.843245755555166,350.06865908875074,0.004781540476599755,31.84391714743884,1.064118237282678
pg_02932,cl_009,prune,"Stale, low-visibility, low-engagement — review for removal.",6.84234158815386,399.52795697408664,0.007024236081972139,30.337268460612272,0.20535426857375816
pg_03926,cl_030,prune,"Stale, low-visibility, low-engagement — review for removal.",6.841522600558083,297.3444413804318,0.008837033599679914,15.810666998060105,0.9125983528797339
pg_01555,cl_009,prune,"Stale, low-visibility, low-engagement — review for removal.",6.834757190288176,362.46335780613373,0.001,26.279839270632195,1.3601350020129508
pg_01221,cl_033,prune,"Stale, low-visibility, low-engagement — review for removal.",6.834712810427301,301.5568743978812,0.001,18.008221231613522,1.8895486806769364
pg_00669,cl_007,prune,"Stale, low-visibility, low-engagement — review for removal.",6.834379089819835,292.64091453781344,0.018039180222246366,22.27914899052995,1.3046592730154782
pg_03584,cl_045,prune,"Stale, low-visibility, low-engagement — review for removal.",6.83129720764221,489.2893890623594,0.006891379119436174,40.06777251211233,1.6558538321624752
pg_01717,cl_022,prune,"Stale, low-visibility, low-engagement — review for removal.",6.831141277917374,374.3857041263378,0.001,18.07690899052752,0.46640467865645907
pg_02391,cl_011,prune,"Stale, low-visibility, low-engagement — review for removal.",6.831018547461331,422.0023545732016,0.01119767981495911,19.524141639204913,2.399000464667708
pg_02819,cl_042,prune,"Stale, low-visibility, low-engagement — review for removal.",6.819639181863323,349.65148107994776,0.016703502599247144,21.327345886255024,2.864846136040397
pg_02548,cl_028,prune,"Stale, low-visibility, low-engagement — review for removal.",6.8046503072639055,378.1740472115403,0.0060945394604641125,13.412286274604565,0.7808125795855684
pg_02660,cl_026,prune,"Stale, low-visibility, low-engagement — review for removal.",6.7975678730690765,497.80368598589445,0.004499202231537606,42.50934939489244,0.7445408959389636
pg_01674,cl_043,prune,"Stale, low-visibility, low-engagement — review for removal.",6.797065694849402,438.3834163807258,0.0023617684254289197,26.59415943560706,2.012731174999846
pg_03548,cl_018,prune,"Stale, low-visibility, low-engagement — review for removal.",6.794277628555579,360.09629568487156,0.001,40.5522757293289,0.5749635758427754
pg_01495,cl_025,prune,"Stale, low-visibility, low-engagement — review for removal.",6.790255467789101,326.2348156126257,0.010806349487383956,37.57482602812118,1.2423541545056784
pg_03214,cl_033,prune,"Stale, low-visibility, low-engagement — review for removal.",6.78742187272922,265.1170942422596,0.001,18.204613253278982,1.8982970333447298
pg_02486,cl_014,prune,"Stale, low-visibility, low-engagement — review for removal.",6.773975475789037,394.6541277109044,0.001,22.842185154974974,0.9261196003177369
pg_02269,cl_058,prune,"Stale, low-visibility, low-engagement — review for removal.",6.772955572690377,320.03818026395487,0.001,17.16365534212144,0.883019032375962
pg_02877,cl_056,prune,"Stale, low-visibility, low-engagement — review for removal.",6.763617028719753,433.5758575431008,0.001,30.131551867957555,2.465994236361634
pg_03039,cl_011,prune,"Stale, low-visibility, low-engagement — review for removal.",6.753638751949815,415.2689606959843,0.004533136586657348,40.627218632416415,1.6983014608632867
pg_01773,cl_023,prune,"Stale, low-visibility, low-engagement — review for removal.",6.748132607031856,328.0158785635421,0.001,39.05395848484797,1.392671154139965
pg_02121,cl_057,prune,"Stale, low-visibility, low-engagement — review for removal.",6.741282083284456,300.21464791369397,0.006264425801697545,35.883574508840454,1.3119318063233387
pg_03105,cl_018,prune,"Stale, low-visibility, low-engagement — review for removal.",6.738547186330671,271.6452788749201,0.0157755481324642,18.755774649122824,2.8178418789538617
pg_02852,cl_006,prune,"Stale, low-visibility, low-engagement — review for removal.",6.737686840430491,338.3618402850669,0.011898013929954699,36.08032514815801,1.0404464535679405
pg_02511,cl_051,prune,"Stale, low-visibility, low-engagement — review for removal.",6.7305823759548415,308.7996219458513,0.013786880396085489,23.459933007482952,2.9814707576875126
pg_00792,cl_043,prune,"Stale, low-visibility, low-engagement — review for removal.",6.721981617221477,404.48819596013266,0.014629302885899174,41.42383815286762,2.2063471996974577
pg_03966,cl_047,prune,"Stale, low-visibility, low-engagement — review for removal.",6.719456693267992,407.6921043877443,0.002896947561547984,16.15737269533432,0.6259488765289969
pg_01485,cl_051,prune,"Stale, low-visibility, low-engagement — review for removal.",6.719443160282135,341.2589812071465,0.0038142559730078764,31.985492755813567,1.5056020307258808
pg_02581,cl_027,prune,"Stale, low-visibility, low-engagement — review for removal.",6.717772160092282,241.43992394146989,0.003592968141245673,23.229121060531366,2.985306673977315
pg_00696,cl_043,prune,"Stale, low-visibility, low-engagement — review for removal.",6.7168476847898875,388.20074296402333,0.007224711022924048,26.348860561395213,1.3386888171937972
pg_00192,cl_036,prune,"Stale, low-visibility, low-engagement — review for removal.",6.6986110068811255,430.5065709317003,0.0035677828831572594,26.36993812189803,0.6983629469667566
pg_00751,cl_008,prune,"Stale, low-visibility, low-engagement — review for removal.",6.6929869904122645,525.7595256222545,0.00857453417843776,25.832787506694128,1.1922353310061313
pg_02489,cl_021,prune,"Stale, low-visibility, low-engagement — review for removal.",6.684630476904152,220.08879947121085,0.001,18.090752639727327,1.0356832056710887
pg_03785,cl_033,prune,"Stale, low-visibility, low-engagement — review for removal.",6.6753658232087245,443.15399139016404,0.005753458767472574,33.14326217394955,1.9230268872119014
pg_02851,cl_023,prune,"Stale, low-visibility, low-engagement — review for removal.",6.6739181963598355,475.9079384434215,0.003838198372340414,21.629934111842314,1.3776214758045164
pg_00590,cl_048,prune,"Stale, low-visibility, low-engagement — review for removal.",6.673734076717618,318.6641599648312,0.012105277192162322,37.24808342056487,1.2474930923968355
pg_00272,cl_009,prune,"Stale, low-visibility, low-engagement — review for removal.",6.669967506367464,553.8909330334645,0.01240341453716507,37.60932136623141,1.9238280878547511
pg_02317,cl_026,prune,"Stale, low-visibility, low-engagement — review for removal.",6.66299406011202,458.7277155429123,0.009261519080303902,38.814074090634215,0.8290913427782115
pg_01461,cl_018,prune,"Stale, low-visibility, low-engagement — review for removal.",6.661386367041559,325.22977030057655,0.00234923775620053,34.51667290653273,1.2797789364416694
pg_00603,cl_008,prune,"Stale, low-visibility, low-engagement — review for removal.",6.657936608351008,501.78440166295223,0.0037717117645899665,22.056701008821744,1.3114095424598196
pg_03927,cl_009,prune,"Stale, low-visibility, low-engagement — review for removal.",6.65515404641041,334.17634904752003,0.005875486154033096,23.655341487302458,2.4143988606574003
pg_01680,cl_056,prune,"Stale, low-visibility, low-engagement — review for removal.",6.646350648383349,508.1956448287807,0.010521538936244763,33.66745735188425,2.9160823497945216
pg_01578,cl_006,prune,"Stale, low-visibility, low-engagement — review for removal.",6.641823125035456,305.25842450951217,0.0060440460519924025,25.637988250659525,0.76991812425894
pg_03367,cl_017,prune,"Stale, low-visibility, low-engagement — review for removal.",6.634621205929065,560.2655535806118,0.009591093602389673,28.177605810694722,1.7756159074526776
pg_00143,cl_024,prune,"Stale, low-visibility, low-engagement — review for removal.",6.628949649840561,430.6559825642089,0.005822635683544023,37.20517666284352,2.1557229708556274
pg_03641,cl_055,prune,"Stale, low-visibility, low-engagement — review for removal.",6.624608820713794,316.9392325281656,0.001,39.44980669109721,1.7774725056287095
pg_01035,cl_044,prune,"Stale, low-visibility, low-engagement — review for removal.",6.621001031941441,267.49564457496825,0.0038588073504498017,36.63322636303296,1.5393600890055565
pg_03250,cl_020,prune,"Stale, low-visibility, low-engagement — review for removal.",6.619503417310891,219.36972534256503,0.003080231740470448,29.090535038372167,3.0997919720559817
pg_02726,cl_008,prune,"Stale, low-visibility, low-engagement — review for removal.",6.618278315252665,316.19344441917525,0.007525281155095746,32.8306641930072,0.33220106462012766
pg_03674,cl_038,rewrite,Under-performing and aging — needs a content refresh.,6.615736887208663,306.28439120563326,0.0025126218393619476,10.307328843558313,2.4414272658299296
pg_02249,cl_025,prune,"Stale, low-visibility, low-engagement — review for removal.",6.612032435299704,429.0360186564332,0.004367700581948397,28.496718923589434,1.4344563952518017
pg_02180,cl_041,prune,"Stale, low-visibility, low-engagement — review for removal.",6.608344960304981,425.1517700503308,0.009015746423885475,32.96722035822577,0.9815472156130903
pg_03198,cl_058,prune,"Stale, low-visibility, low-engagement — review for removal.",6.604936931818922,340.9763681320329,0.0035414344168046286,24.699062773395262,1.0101527537590727
pg_00745,cl_021,prune,"Stale, low-visibility, low-engagement — review for removal.",6.603941345242358,348.2303556621294,0.00820888956862056,40.363746936105215,2.1616693483965435
pg_01694,cl_009,prune,"Stale, low-visibility, low-engagement — review for removal.",6.602678441344775,224.0249502036554,0.0033390221237648504,27.896582049155107,0.8553518105325483
pg_03359,cl_031,prune,"Stale, low-visibility, low-engagement — review for removal.",6.598043423041272,376.84872167546814,0.004862311555816064,29.552091286654054,1.769911030899299
pg_03788,cl_058,prune,"Stale, low-visibility, low-engagement — review for removal.",6.585999411501032,479.67142153831776,0.004420926464963368,19.89148753894526,2.6609676714057326
pg_00912,cl_022,prune,"Stale, low-visibility, low-engagement — review for removal.",6.584459971256947,238.6974853404759,0.004426661565233348,26.112570690432086,1.7657476008109494
pg_00508,cl_016,rewrite,Under-performing and aging — needs a content refresh.,6.577219112779171,319.02215006914264,0.007644942923569632,11.389330509583504,2.6368404939890624
pg_03648,cl_059,prune,"Stale, low-visibility, low-engagement — review for removal.",6.571608675618139,240.16925739763883,0.011868083079593444,23.619925730688887,3.0832343098394315
pg_03922,cl_028,prune,"Stale, low-visibility, low-engagement — review for removal.",6.569955180504919,361.3650488218977,0.008924242517893753,32.05510146015246,2.6552837186656673
pg_02380,cl_010,prune,"Stale, low-visibility, low-engagement — review for removal.",6.568916553643485,240.2678124782195,0.014433108525692283,24.018434334214973,3.0074707809695895
pg_01908,cl_002,prune,"Stale, low-visibility, low-engagement — review for removal.",6.567072182598289,199.75443686366782,0.001,20.63591270315963,1.701075777290613
pg_00812,cl_041,prune,"Stale, low-visibility, low-engagement — review for removal.",6.565980690360044,449.02096574549006,0.008325388204076533,33.81959683299684,1.3180839879721487
pg_00342,cl_037,prune,"Stale, low-visibility, low-engagement — review for removal.",6.565858648553205,369.5389828382277,0.009250134065239668,21.019014491293476,1.0933381795627077
pg_00518,cl_028,prune,"Stale, low-visibility, low-engagement — review for removal.",6.564725726972658,285.4099620214397,0.0076660566532195055,15.295511548686013,2.275865367581637
pg_00757,cl_022,prune,"Stale, low-visibility, low-engagement — review for removal.",6.563247971249333,383.9537180209788,0.00788018964198926,20.098193533621775,1.92677681087619
pg_03969,cl_037,prune,"Stale, low-visibility, low-engagement — review for removal.",6.55546031826207,422.9736439506454,0.007156046197628073,45.66698844580995,1.4501438542884024
pg_00864,cl_050,prune,"Stale, low-visibility, low-engagement — review for removal.",6.555372980816776,258.14879573132606,0.001,21.9868249459974,0.5007873800557288
pg_01230,cl_049,prune,"Stale, low-visibility, low-engagement — review for removal.",6.54714211769539,305.8679809017549,0.001,23.111624976082407,0.05
pg_01304,cl_036,prune,"Stale, low-visibility, low-engagement — review for removal.",6.540698566195505,430.9032105161335,0.009346779253739185,33.72322261849269,1.9481451706300859
pg_02811,cl_017,prune,"Stale, low-visibility, low-engagement — review for removal.",6.536297310740782,391.76292398285113,0.001294100172914917,42.32671750563054,1.5820104813265805
pg_03170,cl_037,prune,"Stale, low-visibility, low-engagement — review for removal.",6.535810417117061,521.5356964571195,0.004154583798374576,25.77967319937577,1.3137102706842483
pg_01391,cl_031,prune,"Stale, low-visibility, low-engagement — review for removal.",6.534275319484621,320.6995975119603,0.007790372207553015,25.888878968472323,1.9170854565107787
pg_00355,cl_059,prune,"Stale, low-visibility, low-engagement — review for removal.",6.531889655835466,512.414695118755,0.005171070261231837,17.507223638987767,1.8263937685935714
pg_03085,cl_021,prune,"Stale, low-visibility, low-engagement — review for removal.",6.5301755406027535,300.88467000324147,0.001,16.29941320343296,1.5261593496559067
pg_02962,cl_058,prune,"Stale, low-visibility, low-engagement — review for removal.",6.525723819772351,316.5283298384114,0.024391237655057844,22.00040668880866,1.5281050435941448
pg_02346,cl_019,prune,"Stale, low-visibility, low-engagement — review for removal.",6.524502193332673,450.712685467522,0.008569005907898311,41.528697843034635,1.061544934228461
pg_02091,cl_019,prune,"Stale, low-visibility, low-engagement — review for removal.",6.519779171885281,364.92089534705605,0.01016153224309214,38.673248187286916,1.238106545217355
pg_00755,cl_026,prune,"Stale, low-visibility, low-engagement — review for removal.",6.516232124326631,308.5990004285062,0.011292716115493191,33.946265867153,2.5767378170292328
pg_01724,cl_032,prune,"Stale, low-visibility, low-engagement — review for removal.",6.51086791038425,464.87407870167067,0.005188220883614098,31.958485304971216,1.0605862313912293
pg_00413,cl_007,prune,"Stale, low-visibility, low-engagement — review for removal.",6.508274522578629,277.6273046483002,0.013668681282630686,21.955654835987794,1.8622238895247216
pg_01357,cl_008,prune,"Stale, low-visibility, low-engagement — review for removal.",6.506156270588259,334.10181681532436,0.001,12.00845962458397,1.503342762509528
pg_02534,cl_048,rewrite,Under-performing and aging — needs a content refresh.,6.498342180472293,199.76407235855248,0.001,11.387557389245341,3.111317677247503
pg_03532,cl_003,prune,"Stale, low-visibility, low-engagement — review for removal.",6.4958034394328825,312.29917819795577,0.014507905370626245,20.650789547457805,1.4107605715496734
pg_02710,cl_003,prune,"Stale, low-visibility, low-engagement — review for removal.",6.495558508485937,361.7158511567321,0.00955449433138532,21.80703545929063,1.3308230381731536
pg_02714,cl_030,prune,"Stale, low-visibility, low-engagement — review for removal.",6.487546271902693,307.671182648301,0.022260469332902093,18.501579710793543,2.3440585564080307
pg_02820,cl_032,prune,"Stale, low-visibility, low-engagement — review for removal.",6.46994358862644,280.7797234379558,0.008713111781137694,26.588481644526198,2.8744345378901066
pg_02264,cl_006,prune,"Stale, low-visibility, low-engagement — review for removal.",6.469905663010891,281.92638449079584,0.01031113952453245,43.60167270940671,1.3584270900958375
pg_00536,cl_027,prune,"Stale, low-visibility, low-engagement — review for removal.",6.468192049639038,408.9183707669736,0.001824042288672324,28.508940592315867,0.4887768811099831
pg_00385,cl_007,prune,"Stale, low-visibility, low-engagement — review for removal.",6.459676372159659,266.68029453248766,0.0013555898197158043,52.43569994188864,1.336141629626415
pg_02899,cl_012,prune,"Stale, low-visibility, low-engagement — review for removal.",6.459507246749153,367.10633202568175,0.009978830663330936,22.572939435749298,1.666232003033996
pg_03165,cl_024,prune,"Stale, low-visibility, low-engagement — review for removal.",6.448416186625183,347.06541341388214,0.004999531803497255,35.91504707231211,2.959773770807956
pg_01277,cl_046,prune,"Stale, low-visibility, low-engagement — review for removal.",6.447324067213393,178.46815680880238,0.001,23.150827542426967,3.200402490894315
pg_00487,cl_031,prune,"Stale, low-visibility, low-engagement — review for removal.",6.4468447718015245,442.44263270612987,0.001265316862328393,22.19577456788207,1.9289562804602416
pg_01053,cl_057,prune,"Stale, low-visibility, low-engagement — review for removal.",6.442910925547049,298.98936663226993,0.001,43.83899115661298,2.416431617493449
pg_00777,cl_007,prune,"Stale, low-visibility, low-engagement — review for removal.",6.438674421533058,239.36058619221814,0.001692675631392344,17.64732891577417,1.065142800114513
pg_01565,cl_027,prune,"Stale, low-visibility, low-engagement — review for removal.",6.436715193088755,436.40747273611396,0.007118047036346808,27.802548568363054,1.54973433685177
pg_02401,cl_033,prune,"Stale, low-visibility, low-engagement — review for removal.",6.436284123187138,338.8474814247338,0.004313203874645131,19.996710795952296,1.352211765850661
pg_03609,cl_040,prune,"Stale, low-visibility, low-engagement — review for removal.",6.432063463821632,332.9545955347246,0.011898590838361998,19.731364614134385,1.2601596057666629
pg_00283,cl_029,prune,"Stale, low-visibility, low-engagement — review for removal.",6.429221899300033,462.6586715652476,0.009329685806467794,27.519237531284553,0.8734667906543049
pg_00539,cl_001,prune,"Stale, low-visibility, low-engagement — review for removal.",6.427040157894442,313.5836279500774,0.007271612928602351,25.494858312204357,0.8275954750568788
pg_02102,cl_010,rewrite,Under-performing and aging — needs a content refresh.,6.424113089535899,283.6997903848654,0.012259552810174098,10.846313711997286,0.11779815497473889
pg_03820,cl_007,prune,"Stale, low-visibility, low-engagement — review for removal.",6.423456821378321,291.997045279649,0.001,40.25473985628581,1.1301013282454768
pg_02240,cl_013,prune,"Stale, low-visibility, low-engagement — review for removal.",6.420211795936402,371.94465883404,0.010849268533148635,24.172436702869057,1.1422032881943869
pg_03742,cl_056,prune,"Stale, low-visibility, low-engagement — review for removal.",6.415451883927109,335.84180022448925,0.008255735471652096,29.589258311714985,1.9917571550610975
pg_00680,cl_043,prune,"Stale, low-visibility, low-engagement — review for removal.",6.413626029350532,310.9925833257591,0.001,29.09224036487941,2.2369746941598754
pg_01405,cl_009,prune,"Stale, low-visibility, low-engagement — review for removal.",6.408462335657483,433.31999675702474,0.001833052773361119,33.57000611247883,0.6748875497350381
pg_03279,cl_043,prune,"Stale, low-visibility, low-engagement — review for removal.",6.404257649146086,335.5117619053416,0.00559720806660542,29.735626456333083,2.0567031427728613
pg_02618,cl_039,prune,"Stale, low-visibility, low-engagement — review for removal.",6.396937293203344,232.42120769678908,0.004094531921536516,16.593873839140063,3.241347769396433
pg_01559,cl_051,prune,"Stale, low-visibility, low-engagement — review for removal.",6.394716810932515,277.4962242403194,0.007238857098027501,17.921839427183475,1.969603517529867
pg_03009,cl_048,prune,"Stale, low-visibility, low-engagement — review for removal.",6.393333886729228,326.6865843625329,0.01933724585566409,14.907328479207706,2.5411903665489084
pg_03377,cl_034,prune,"Stale, low-visibility, low-engagement — review for removal.",6.390221322074336,439.5366783678411,0.004617540603342753,43.77601409876459,0.718639578617097
pg_00511,cl_044,rewrite,Under-performing and aging — needs a content refresh.,6.3890483394723265,254.49351507483584,0.001,12.357821818476395,0.05
pg_01737,cl_005,prune,"Stale, low-visibility, low-engagement — review for removal.",6.381997347009742,371.66655548582725,0.007996492687746324,25.432228838501302,1.5477517468996382
pg_01599,cl_042,prune,"Stale, low-visibility, low-engagement — review for removal.",6.372313778755444,333.2678946973252,0.011292953971125775,20.668881369292535,2.0195525133340126
pg_01263,cl_049,prune,"Stale, low-visibility, low-engagement — review for removal.",6.3714395468079985,287.5729739067009,0.002908954263780612,17.365887521735228,2.976597153863091
pg_01112,cl_011,prune,"Stale, low-visibility, low-engagement — review for removal.",6.370418282344082,385.4740832863101,0.002383819860081614,27.923894204143227,2.1761973011587576
pg_02400,cl_000,prune,"Stale, low-visibility, low-engagement — review for removal.",6.370021776083416,517.179341626701,0.006749938797341504,14.565170228986734,0.77506708321011
pg_02697,cl_025,prune,"Stale, low-visibility, low-engagement — review for removal.",6.3632311824360315,236.6623033895453,0.02567994733268124,26.645882626196958,2.200488220926185
pg_01298,cl_031,prune,"Stale, low-visibility, low-engagement — review for removal.",6.362334071594844,297.8707864921931,0.03274685341587455,18.653071987896524,2.6106473404019948
pg_00250,cl_010,prune,"Stale, low-visibility, low-engagement — review for removal.",6.359353883044899,312.7860337693631,0.015763068108490465,16.554178007946938,2.38493927093963
pg_00910,cl_046,prune,"Stale, low-visibility, low-engagement — review for removal.",6.355680060933892,290.08672574526656,0.012302952347508375,29.917482725758788,2.0600512825099
pg_02666,cl_014,prune,"Stale, low-visibility, low-engagement — review for removal.",6.35299605677703,362.177702278493,0.010275240240489585,13.714180045371691,1.32256466760754
pg_02210,cl_041,prune,"Stale, low-visibility, low-engagement — review for removal.",6.350522562425209,490.512693205236,0.004919378979888672,28.029468581547032,0.557001652936147
pg_02799,cl_023,prune,"Stale, low-visibility, low-engagement — review for removal.",6.349360306484191,328.915180126151,0.014522838109415046,34.763122357798125,2.484554520632071
pg_00089,cl_049,prune,"Stale, low-visibility, low-engagement — review for removal.",6.345539764803329,274.24389695801557,0.008065866688326475,25.425781724689266,1.7473326653441406
pg_01425,cl_048,rewrite,Under-performing and aging — needs a content refresh.,6.338067860289328,205.55562753077797,0.0032010263523724793,16.265350975708998,2.456122159959771
pg_02868,cl_051,prune,"Stale, low-visibility, low-engagement — review for removal.",6.3356845811697795,269.44034282450116,0.01115916796397206,25.541803841423665,2.538270810077376
pg_00075,cl_028,prune,"Stale, low-visibility, low-engagement — review for removal.",6.328794801187086,224.35438483546113,0.010225813785922914,26.071230471874483,2.4375676120128307
pg_02860,cl_011,prune,"Stale, low-visibility, low-engagement — review for removal.",6.326299508863241,208.12817777562,0.007815223698391468,22.936528470398024,2.396315692027633
pg_03096,cl_010,prune,"Stale, low-visibility, low-engagement — review for removal.",6.315769340669534,422.25467955389695,0.007478828675217487,32.59706129994469,2.257822985475953
pg_00831,cl_014,rewrite,Under-performing and aging — needs a content refresh.,6.312085958651347,254.04678582222755,0.008769661050822872,16.65711041122303,2.7011240197897264
pg_02637,cl_044,prune,"Stale, low-visibility, low-engagement — review for removal.",6.309951034126736,599.8924116827608,0.008027494324537834,38.900254802899674,1.3566086476920634
pg_03357,cl_052,rewrite,Under-performing and aging — needs a content refresh.,6.308417863800921,246.8473540173675,0.011838885654873087,6.432390047201121,2.7825387416061833
pg_01021,cl_004,prune,"Stale, low-visibility, low-engagement — review for removal.",6.308134190684646,208.05852732944373,0.0034653762277893217,39.35384979979811,1.2292225974399726
pg_01450,cl_017,prune,"Stale, low-visibility, low-engagement — review for removal.",6.305271016919269,364.4792585374957,0.01326078095235329,19.209309436665507,1.2486140980098657
pg_02004,cl_047,prune,"Stale, low-visibility, low-engagement — review for removal.",6.302881359768037,257.8480560054689,0.029165887294944216,25.000892678971862,2.4638283630849505
pg_01505,cl_014,prune,"Stale, low-visibility, low-engagement — review for removal.",6.301470275990784,289.0955023794188,0.03654198233356937,24.404938395863113,2.868418615029177
pg_02651,cl_052,prune,"Stale, low-visibility, low-engagement — review for removal.",6.3010563098730055,311.1181489634108,0.007295722461465712,40.8092049581793,2.0050068816616387
pg_00148,cl_049,prune,"Stale, low-visibility, low-engagement — review for removal.",6.299665595514561,398.04623861010674,0.002342647281708017,31.032338628697882,1.6592544273837644
pg_01809,cl_057,prune,"Stale, low-visibility, low-engagement — review for removal.",6.2977716817292535,348.7570956676227,0.004839704501811529,31.40014724279683,0.21888264114794476
pg_02945,cl_006,prune,"Stale, low-visibility, low-engagement — review for removal.",6.297679523886924,270.18684308242354,0.005245406478011809,29.549873165877926,0.8854719268736694
pg_02183,cl_038,prune,"Stale, low-visibility, low-engagement — review for removal.",6.294822265333976,233.200498343805,0.007099927035629465,26.1526094828296,0.7151154481676085
pg_03511,cl_034,prune,"Stale, low-visibility, low-engagement — review for removal.",6.294402583092397,245.62333259471487,0.018168244859600675,31.388266114625864,2.8566577720670088
pg_03611,cl_040,prune,"Stale, low-visibility, low-engagement — review for removal.",6.293380964165923,337.7641944197418,0.0011624606339952106,43.433796741704285,2.8588175571588317
pg_03806,cl_006,prune,"Stale, low-visibility, low-engagement — review for removal.",6.289515993927879,413.60870970017584,0.010295710666322719,15.010777748998299,1.7755314139270975
pg_02530,cl_054,prune,"Stale, low-visibility, low-engagement — review for removal.",6.28220880881183,457.98051320885673,0.006267857605938821,33.752245292449395,1.304776491500915
pg_02040,cl_017,prune,"Stale, low-visibility, low-engagement — review for removal.",6.280041570734953,238.08473248816708,0.014092380565282309,22.98408510011612,1.4605584847253787
pg_00842,cl_054,prune,"Stale, low-visibility, low-engagement — review for removal.",6.2741316374256,245.9484943281049,0.01620710354177962,27.871723883303254,0.23163758902406628
pg_02930,cl_010,prune,"Stale, low-visibility, low-engagement — review for removal.",6.262185548740336,456.77753627627135,0.010260225085826505,34.56271197011546,1.6411013003950838
pg_00923,cl_008,prune,"Stale, low-visibility, low-engagement — review for removal.",6.254365815349613,362.5844157092174,0.007354280062550856,24.542266248361127,1.4154228831056896
pg_01880,cl_023,prune,"Stale, low-visibility, low-engagement — review for removal.",6.253269865316556,434.31447981403784,0.0021205598800424046,39.31996219143615,1.8287664200347789
pg_03764,cl_024,rewrite,Under-performing and aging — needs a content refresh.,6.251391589410209,283.66864748348627,0.001,9.100788297596514,1.1220858552838713
pg_02313,cl_003,prune,"Stale, low-visibility, low-engagement — review for removal.",6.250959436586869,465.1175962055925,0.005677930307331853,33.049834388624404,2.0994654901892167
pg_03465,cl_044,prune,"Stale, low-visibility, low-engagement — review for removal.",6.250548432302689,358.635347007662,0.008465788044279084,20.144421155923858,2.5652082958417157
pg_00239,cl_037,rewrite,Under-performing and aging — needs a content refresh.,6.249237263150933,228.0402685700746,0.008836429467348876,17.356207121351655,1.1955584472840632
pg_03422,cl_036,prune,"Stale, low-visibility, low-engagement — review for removal.",6.248503227874577,362.1005151588469,0.0019654392879176596,27.080547084104808,1.9788544178406693
pg_00422,cl_045,prune,"Stale, low-visibility, low-engagement — review for removal.",6.24354888752767,424.81216594678426,0.007739992291067307,31.07147795006925,1.9021328741949548
pg_02191,cl_024,prune,"Stale, low-visibility, low-engagement — review for removal.",6.232022614357417,345.174860961245,0.013532087079796844,14.762809715968444,0.5489190552466237
pg_01378,cl_030,rewrite,Under-performing and aging — needs a content refresh.,6.228184232130391,198.3895081329445,0.001,14.883595962026572,2.731769371054612
pg_01751,cl_053,prune,"Stale, low-visibility, low-engagement — review for removal.",6.227493707446213,334.20761798926867,0.019031546011555798,17.751209891819475,0.7995159065430129
pg_02112,cl_054,prune,"Stale, low-visibility, low-engagement — review for removal.",6.2240410252288525,381.145960483395,0.001,32.79747139933437,1.3822990998497877
pg_02522,cl_012,prune,"Stale, low-visibility, low-engagement — review for removal.",6.2029791236301115,392.2161591090927,0.01179655777171983,26.927957725241544,1.0703161055880603
pg_01627,cl_035,prune,"Stale, low-visibility, low-engagement — review for removal.",6.201583111977926,273.5395112138355,0.0012853808723107167,34.274513026175846,1.1223752806336513
pg_01316,cl_042,prune,"Stale, low-visibility, low-engagement — review for removal.",6.192827349306756,323.6323977157065,0.00402955048074381,33.74142701845686,1.0427458900099396
pg_00191,cl_037,rewrite,Under-performing and aging — needs a content refresh.,6.191635077642857,250.5790457923768,0.012492810872777245,15.327646891436995,1.4765810512125348
pg_01713,cl_044,prune,"Stale, low-visibility, low-engagement — review for removal.",6.19027926123735,374.69567853346365,0.0015613767487839148,22.812329123380508,2.1840132672259682
pg_01925,cl_007,rewrite,Under-performing and aging — needs a content refresh.,6.1830050506556375,242.20298099592657,0.014227406346676484,17.38176350910506,2.852105098108356
pg_03541,cl_034,rewrite,Under-performing and aging — needs a content refresh.,6.178003589676231,287.9248006391458,0.02040512393874286,13.694050732928364,1.8261720847092577
pg_02810,cl_030,prune,"Stale, low-visibility, low-engagement — review for removal.",6.176933161795123,219.456159554336,0.01074303208429726,25.332982565914797,2.801818979038881
pg_03507,cl_048,prune,"Stale, low-visibility, low-engagement — review for removal.",6.174261306026366,245.1423369823492,0.013878953468462499,20.81496583517328,1.5156104118264508
pg_00685,cl_048,prune,"Stale, low-visibility, low-engagement — review for removal.",6.169693459645467,349.9576698349634,0.004762389077309297,39.29525250437269,0.8383435936395861
pg_03082,cl_016,rewrite,Under-performing and aging — needs a content refresh.,6.168770124842193,235.25457617669073,0.001,16.293391439054183,1.91346078260264
pg_00653,cl_048,prune,"Stale, low-visibility, low-engagement — review for removal.",6.163103512935446,418.46302185781246,0.001,31.62560270480514,2.7263741827275654
pg_02030,cl_033,prune,"Stale, low-visibility, low-engagement — review for removal.",6.154210361007013,235.51777941386015,0.001,29.838145895919354,0.9969531870038937
pg_00703,cl_010,rewrite,Under-performing and aging — needs a content refresh.,6.150628031722566,389.32922623257093,0.004207815317100886,7.197407158389083,1.3040986818656846
pg_03790,cl_006,prune,"Stale, low-visibility, low-engagement — review for removal.",6.1488471276543155,342.3002169810621,0.008277099261317478,29.86090890954633,2.3103646674040976
pg_00807,cl_006,prune,"Stale, low-visibility, low-engagement — review for removal.",6.141016714819824,291.37015483123,0.0057347873390402836,38.609389242276684,0.4280012838626892
pg_03800,cl_055,rewrite,Under-performing and aging — needs a content refresh.,6.131871789077122,284.74585785471857,0.030357454712226617,18.16403603728042,1.3473233971243483
pg_02904,cl_039,prune,"Stale, low-visibility, low-engagement — review for removal.",6.130940012865482,347.30476572105516,0.008862481710208835,17.175733814076306,0.8718850227790406
pg_01171,cl_037,prune,"Stale, low-visibility, low-engagement — review for removal.",6.128977144698597,492.7166858741351,0.0079210278464674,21.67050262957007,0.7235354609864753
pg_00491,cl_052,prune,"Stale, low-visibility, low-engagement — review for removal.",6.123277447953913,260.38969630248806,0.013095882429899544,23.761094983263348,1.6543683683913755
pg_01030,cl_029,prune,"Stale, low-visibility, low-engagement — review for removal.",6.122443066307447,312.7308147969112,0.005001326501025414,37.636118772822684,2.0485824757377435
pg_02033,cl_040,prune,"Stale, low-visibility, low-engagement — review for removal.",6.1214598717086695,248.71835899958847,0.020079635789291873,19.20188167776725,2.2205918503253863
pg_02690,cl_043,rewrite,Under-performing and aging — needs a content refresh.,6.120067338007365,313.9068008538454,0.02012558693474669,14.123711701212518,1.5597836551826143
pg_03051,cl_010,prune,"Stale, low-visibility, low-engagement — review for removal.",6.119977603211148,291.1677904872521,0.02261505332406745,17.695769753139793,2.539978999159004
pg_03398,cl_000,prune,"Stale, low-visibility, low-engagement — review for removal.",6.1115915614986465,185.15630990872538,0.003957186560422603,35.89437372829097,1.4620018689631027
pg_02760,cl_008,rewrite,Under-performing and aging — needs a content refresh.,6.109272431346862,344.3525718820481,0.013026814502891905,11.029957775550137,0.6227818072048183
pg_00303,cl_053,prune,"Stale, low-visibility, low-engagement — review for removal.",6.1088798301609915,290.8736058648995,0.001,20.946752508191707,1.7328921392051573
pg_03752,cl_057,prune,"Stale, low-visibility, low-engagement — review for removal.",6.10813564143631,496.0780825097061,0.013138703588553274,30.429940492861014,1.799584006164461
pg_02130,cl_043,prune,"Stale, low-visibility, low-engagement — review for removal.",6.102548712008797,333.3998101024108,0.00613763873993055,13.431811929611126,1.4458526487062464
pg_03122,cl_028,rewrite,Under-performing and aging — needs a content refresh.,6.100473168972068,228.28586119872364,0.0073984048568397605,13.753314189242055,1.9160147646592591
pg_02388,cl_057,prune,"Stale, low-visibility, low-engagement — review for removal.",6.099968268553923,402.11353000140474,0.007157010321032329,41.702041534885,0.8572022410237792
pg_02773,cl_042,prune,"Stale, low-visibility, low-engagement — review for removal.",6.099155557721353,285.7229620744036,0.006084858196727208,21.71679644029076,2.4425321180767248
pg_00064,cl_024,prune,"Stale, low-visibility, low-engagement — review for removal.",6.095653418649452,191.01048668216157,0.010632044398921701,27.992329373729653,2.801367376011871
pg_00138,cl_020,prune,"Stale, low-visibility, low-engagement — review for removal.",6.092533150112486,256.2315140950094,0.001,40.882717912371625,1.4145105453680369
pg_00279,cl_004,prune,"Stale, low-visibility, low-engagement — review for removal.",6.092409366761656,198.7690326728865,0.004170445802777634,20.438524228126532,0.7762117027404389
pg_01556,cl_053,rewrite,Under-performing and aging — needs a content refresh.,6.09047660369571,263.83939634872706,0.011119116648989812,11.662703790807424,0.71698227579464
pg_00947,cl_008,prune,"Stale, low-visibility, low-engagement — review for removal.",6.085905015331812,545.5218278878611,0.011476939213572538,35.902980725056736,1.9252857091932725
pg_00180,cl_056,prune,"Stale, low-visibility, low-engagement — review for removal.",6.084123418887793,414.58826277029567,0.006662663879732469,28.866255235649344,1.2805459685714817
pg_02232,cl_056,prune,"Stale, low-visibility, low-engagement — review for removal.",6.073123255238899,379.0962617765023,0.00689422158776094,39.92586599312968,1.4646452264026435
pg_01695,cl_040,rewrite,Under-performing and aging — needs a content refresh.,6.070801494481996,264.8707116942616,0.012812337122106127,14.821027276927861,1.7397328519451651
pg_02756,cl_053,prune,"Stale, low-visibility, low-engagement — review for removal.",6.068951186241491,286.68716982597977,0.01593450189543753,19.879833039125657,0.8778528528835512
pg_00687,cl_035,prune,"Stale, low-visibility, low-engagement — review for removal.",6.0684756893662355,596.913429718244,0.0029865998846113928,25.99327074777174,1.2775507560360486
pg_00170,cl_006,rewrite,Under-performing and aging — needs a content refresh.,6.0637807687377325,260.7641454835961,0.025540415961636705,15.832723351110674,1.968333828022041
pg_03791,cl_010,prune,"Stale, low-visibility, low-engagement — review for removal.",6.061920766305036,361.32574743364677,0.001,31.900128424214927,1.3484655117244824
pg_00013,cl_045,rewrite,Under-performing and aging — needs a content refresh.,6.061446458823976,251.68112078167135,0.018139651524992143,18.291321936257436,2.1102029538217035
pg_01883,cl_050,rewrite,Under-performing and aging — needs a content refresh.,6.0578542170591065,222.20350169586905,0.004342014159626106,6.8361733071151605,2.19130788986563
pg_03579,cl_004,prune,"Stale, low-visibility, low-engagement — review for removal.",6.0548220479044845,377.6098188146788,0.011022822379251835,29.46450481609287,1.7006084525681011
pg_02908,cl_007,prune,"Stale, low-visibility, low-engagement — review for removal.",6.054466072384438,430.6391513376837,0.004272727168173323,33.99616052198177,1.4704506314331807
pg_02019,cl_027,prune,"Stale, low-visibility, low-engagement — review for removal.",6.0490492653127,530.6158034023315,0.0044976013787724365,33.103035655145895,1.9647391100984866
pg_01814,cl_053,prune,"Stale, low-visibility, low-engagement — review for removal.",6.047272796829396,168.78087731237775,0.0021981949424957677,20.617363775735253,2.3306612987883977
pg_03375,cl_030,prune,"Stale, low-visibility, low-engagement — review for removal.",6.046412138915275,402.1159194431027,0.00985249971174271,28.285844547983753,1.0310411888064874
pg_02153,cl_032,prune,"Stale, low-visibility, low-engagement — review for removal.",6.045052895685218,293.11861534113734,0.024049599485840484,20.654966390922844,1.7376521337698174
pg_00104,cl_047,rewrite,Under-performing and aging — needs a content refresh.,6.044744568394322,158.9987137773654,0.001,16.253595350650986,2.0287720580966697
pg_00860,cl_058,rewrite,Under-performing and aging — needs a content refresh.,6.044327332650139,243.11846024277514,0.014339881417547674,14.854404029273006,2.0335992697152734
pg_01775,cl_007,prune,"Stale, low-visibility, low-engagement — review for removal.",6.0429278662276324,238.34291618337014,0.001,19.105495233841072,1.395430832654906
pg_02682,cl_023,prune,"Stale, low-visibility, low-engagement — review for removal.",6.033708962730851,301.43595280784524,0.004888211944804719,20.851988741671228,1.8861344190005875
pg_03991,cl_045,prune,"Stale, low-visibility, low-engagement — review for removal.",6.026004104413707,287.3543593034485,0.0024895992956231947,32.974298444704665,2.4045255926083167
pg_01356,cl_020,prune,"Stale, low-visibility, low-engagement — review for removal.",6.025198047652225,281.5004691339747,0.02043687391033018,25.147811987739125,0.6965737576686484
pg_01275,cl_042,prune,"Stale, low-visibility, low-engagement — review for removal.",6.020888844931023,277.24481755037914,0.011505342808862708,42.688663933769604,2.0111629994733526
pg_00287,cl_034,prune,"Stale, low-visibility, low-engagement — review for removal.",6.020673120245942,269.08205144277065,0.0025730046294097407,26.791649460647285,1.2640212317867126
pg_00142,cl_016,prune,"Stale, low-visibility, low-engagement — review for removal.",6.01698844648452,318.59920963335594,0.00578841300348481,28.377845154689453,2.4230791884171143
pg_02214,cl_006,prune,"Stale, low-visibility, low-engagement — review for removal.",6.01498406393771,281.74809646200356,0.02058091552723642,19.053428567345257,2.6909184010116833
pg_02399,cl_044,prune,"Stale, low-visibility, low-engagement — review for removal.",6.014911708513358,441.03621156579516,0.001,25.010595604859216,2.3588775905731496
pg_02219,cl_011,prune,"Stale, low-visibility, low-engagement — review for removal.",6.009789808160549,379.5257938221844,0.001,32.61032659643058,0.8499876251384162
pg_00268,cl_036,prune,"Stale, low-visibility, low-engagement — review for removal.",6.005009345572455,529.6969100416015,0.0032488180065125363,24.19346644213421,1.1713418229918762
pg_02916,cl_037,prune,"Stale, low-visibility, low-engagement — review for removal.",6.004275122847694,323.2294840515918,0.001343882574612674,29.65902714714195,1.4888632078432513
pg_00993,cl_025,rewrite,Under-performing and aging — needs a content refresh.,6.0005440449234655,194.18092225166683,0.001,14.739488141034462,1.6944506279329459
pg_01847,cl_032,prune,"Stale, low-visibility, low-engagement — review for removal.",5.999185647868993,481.798379495602,0.001,24.55478628688316,1.7848738912106228
pg_00571,cl_024,rewrite,Under-performing and aging — needs a content refresh.,5.998541014401452,217.66103390634822,0.012562500530647176,20.21943315158363,2.5075037235966007
pg_03291,cl_027,prune,"Stale, low-visibility, low-engagement — review for removal.",5.9927969244866945,238.005146556802,0.006511319898470881,25.940030146051743,1.7635430347814973
pg_03232,cl_040,rewrite,Under-performing and aging — needs a content refresh.,5.978366813425708,221.60346015083573,0.007950540530630016,17.08125023064713,2.556413877975369
pg_02144,cl_021,rewrite,Under-performing and aging — needs a content refresh.,5.971135490544337,228.0141348734877,0.001,13.500466453946226,2.8767618189580664
pg_02584,cl_021,prune,"Stale, low-visibility, low-engagement — review for removal.",5.970329230641551,348.9707699945859,0.009083286645787572,34.70578341850348,2.2308200110951226
pg_03230,cl_050,prune,"Stale, low-visibility, low-engagement — review for removal.",5.968531969010702,356.1571321092494,0.001,19.302657760061038,1.1593353242154318
pg_01068,cl_020,prune,"Stale, low-visibility, low-engagement — review for removal.",5.954895965865553,233.98085001853963,0.006746550310745956,21.9545726628092,1.4608159607007114
pg_00646,cl_027,prune,"Stale, low-visibility, low-engagement — review for removal.",5.951049453644097,525.6194937531026,0.0079122741017269,19.37849378049145,2.7058846493826767
pg_00066,cl_054,prune,"Stale, low-visibility, low-engagement — review for removal.",5.950856862358376,266.90441368286906,0.019910546048087854,24.429986823391417,1.8313362293150661
pg_03253,cl_022,prune,"Stale, low-visibility, low-engagement — review for removal.",5.949973861810085,591.8853087144296,0.005950106987325404,33.65273600155542,1.2465543683550084
pg_02138,cl_032,prune,"Stale, low-visibility, low-engagement — review for removal.",5.949158793081358,309.4831087694524,0.009509545543735976,31.15435317374417,1.15369859170612
pg_02086,cl_043,rewrite,Under-performing and aging — needs a content refresh.,5.948391238000298,240.78448761214008,0.001606334237074538,16.795416441362317,1.852571346197898
pg_03813,cl_026,prune,"Stale, low-visibility, low-engagement — review for removal.",5.944259701796632,276.2172267639477,0.0010536687525924786,30.26985759798668,1.657411818193307
pg_01590,cl_044,prune,"Stale, low-visibility, low-engagement — review for removal.",5.944005830892496,411.5619576211697,0.0025607182470455117,29.014828759251,0.26962033778607686
pg_01366,cl_018,prune,"Stale, low-visibility, low-engagement — review for removal.",5.941724289542499,369.61566243911705,0.0029575136442424933,30.657474816542052,1.1050263656243375
pg_03351,cl_056,prune,"Stale, low-visibility, low-engagement — review for removal.",5.940934701901468,398.07378102118923,0.0027265941132198785,46.85854319825613,0.7187616083079984
pg_03330,cl_036,prune,"Stale, low-visibility, low-engagement — review for removal.",5.939306909876211,405.19429742915287,0.001513945321460479,21.003701421201328,1.372218118044803
pg_03776,cl_031,prune,"Stale, low-visibility, low-engagement — review for removal.",5.938412864063293,402.71702255592555,0.007324992061640513,28.394610478997016,1.5695956099874528
pg_01570,cl_004,prune,"Stale, low-visibility, low-engagement — review for removal.",5.934834211746585,310.6091694987886,0.008093080969293093,18.812598394273223,2.127244569194681
pg_00978,cl_021,prune,"Stale, low-visibility, low-engagement — review for removal.",5.933851597881,380.4611148345542,0.005967633580059465,20.8219246140548,1.8734955739439456
pg_01820,cl_018,prune,"Stale, low-visibility, low-engagement — review for removal.",5.932254305161921,463.94521722972775,0.003848012436003496,22.516374832282835,2.146292046259349
pg_01515,cl_055,prune,"Stale, low-visibility, low-engagement — review for removal.",5.931684690310963,424.0929280458188,0.006045810620321815,28.67032069135143,2.952628221772091
pg_03857,cl_001,rewrite,Under-performing and aging — needs a content refresh.,5.9243757138276925,327.7390719001092,0.01305026482509495,12.53662091141051,2.6700993810625064
pg_01036,cl_054,rewrite,Under-performing and aging — needs a content refresh.,5.9205188550538015,178.6933524830992,0.004240766418130818,7.239992928215467,1.3078746066490872
pg_00771,cl_059,prune,"Stale, low-visibility, low-engagement — review for removal.",5.916873600536531,199.48608437649688,0.0035277975446828497,26.662314646274023,2.1914022149545818
pg_02267,cl_043,prune,"Stale, low-visibility, low-engagement — review for removal.",5.913939298139168,560.4490070536328,0.01151750069121053,23.47255886993016,1.4025599880565658
pg_00589,cl_050,rewrite,Under-performing and aging — needs a content refresh.,5.911032572678995,270.20536187325325,0.0202506410998394,11.730852287735443,1.5046911656469308
pg_01753,cl_023,prune,"Stale, low-visibility, low-engagement — review for removal.",5.909247553994301,296.61984706854855,0.0011713386190033907,23.17926525286032,2.26689295641762
pg_00280,cl_016,rewrite,Under-performing and aging — needs a content refresh.,5.897584889473191,193.1794324052887,0.0027799561304020677,12.560739812665375,2.322817877963138
pg_00412,cl_016,prune,"Stale, low-visibility, low-engagement — review for removal.",5.890064224912853,278.2035154124562,0.0028639722186085768,19.504896372190792,2.126637629774333
pg_00357,cl_053,prune,"Stale, low-visibility, low-engagement — review for removal.",5.887355736687712,326.54188194194285,0.006490567761884293,17.033934896209036,2.3109002193155606
pg_00705,cl_033,prune,"Stale, low-visibility, low-engagement — review for removal.",5.884030624680032,303.8002283168915,0.014737305703280315,29.40208155961598,2.185961156175923
pg_03834,cl_008,prune,"Stale, low-visibility, low-engagement — review for removal.",5.883175316890808,258.3079370714226,0.018164659070406118,20.43571637912962,2.7594138045819707
pg_00935,cl_056,prune,"Stale, low-visibility, low-engagement — review for removal.",5.8821798774149,270.17188694085206,0.016082176016305325,22.779167865404418,2.5849843215041934
pg_01211,cl_046,prune,"Stale, low-visibility, low-engagement — review for removal.",5.878367796954789,207.75878055045877,0.0023009730403076574,34.38283342245597,1.4599661166103002
pg_00786,cl_001,prune,"Stale, low-visibility, low-engagement — review for removal.",5.872141710407603,443.5546948298796,0.0024602144581538253,9.730733356042734,0.4893215312745953
pg_03810,cl_013,rewrite,Under-performing and aging — needs a content refresh.,5.872023063952173,267.8198068215107,0.017693803645005578,12.700459423478339,2.191099459955876
pg_02079,cl_007,rewrite,Under-performing and aging — needs a content refresh.,5.8694148963256305,276.485847628592,0.020185116521466866,12.373173041154608,1.145522846673249
pg_01044,cl_042,prune,"Stale, low-visibility, low-engagement — review for removal.",5.867865831203574,312.310575704478,0.005374643390579417,40.02123924445617,2.4237954437819487
pg_01709,cl_012,prune,"Stale, low-visibility, low-engagement — review for removal.",5.866508635921357,230.27823809647862,0.00351740031806508,38.188693173000054,1.9231081955820497
pg_00689,cl_046,prune,"Stale, low-visibility, low-engagement — review for removal.",5.865888577284019,223.42959016010963,0.015178066214866448,23.19284398706197,3.047248758623522
pg_01193,cl_042,prune,"Stale, low-visibility, low-engagement — review for removal.",5.857010162583225,401.4851581672979,0.0020321176226573722,21.932026997546878,2.5632593900576515
pg_01728,cl_026,prune,"Stale, low-visibility, low-engagement — review for removal.",5.856642580118436,354.52593546595904,0.007887611135484703,25.248358818016897,1.5016144958488162
pg_01451,cl_002,prune,"Stale, low-visibility, low-engagement — review for removal.",5.847034281933956,225.8960236066293,0.011966672467275074,23.36984770718869,1.753201655597707
pg_01663,cl_033,prune,"Stale, low-visibility, low-engagement — review for removal.",5.834657980078034,381.41031215158847,0.008247057787310996,28.235069306444895,1.8251905050033572
pg_00743,cl_016,prune,"Stale, low-visibility, low-engagement — review for removal.",5.833190574107635,295.85910512628874,0.001,31.066817132770524,1.2517782119875063
pg_01251,cl_024,prune,"Stale, low-visibility, low-engagement — review for removal.",5.826058393709754,263.2266387755775,0.001,21.34304974741229,0.5038763067665961
pg_00951,cl_018,prune,"Stale, low-visibility, low-engagement — review for removal.",5.819878398116207,330.28915307594195,0.00881281953396515,35.22580739682259,2.159649864581904
pg_03794,cl_053,prune,"Stale, low-visibility, low-engagement — review for removal.",5.819002335465105,349.1584499966799,0.00660398151603345,31.323010451163743,1.176386312457835
pg_01078,cl_025,rewrite,Under-performing and aging — needs a content refresh.,5.815530854128973,163.25895697422408,0.001,13.17713936396207,0.8124402112463138
pg_03203,cl_008,prune,"Stale, low-visibility, low-engagement — review for removal.",5.815527579505233,338.25598782231,0.026752691693064462,19.135948140704308,1.421514506704301
pg_03006,cl_035,prune,"Stale, low-visibility, low-engagement — review for removal.",5.812939686089321,510.6029003713331,0.009856065003736238,35.280930982770826,1.9112635810570162
pg_00877,cl_044,rewrite,Under-performing and aging — needs a content refresh.,5.811337531324692,264.49539999055264,0.013105198690139111,16.697768581147322,2.1446961811325225
pg_00600,cl_036,rewrite,Under-performing and aging — needs a content refresh.,5.810873329905881,217.25427610341166,0.016299662921159967,18.178148567452833,2.2073358983600655
pg_03895,cl_055,prune,"Stale, low-visibility, low-engagement — review for removal.",5.8081033889222535,350.63355010911147,0.009374627231584925,54.07816106735489,1.3567056995106195
pg_00664,cl_035,rewrite,Under-performing and aging — needs a content refresh.,5.806004387087545,225.76763136353836,0.019042151360189732,15.305132458604529,1.2656609559261347
pg_03366,cl_037,prune,"Stale, low-visibility, low-engagement — review for removal.",5.805366270099437,201.43180888861957,0.001,23.089519075912605,1.2436955007255097
pg_01186,cl_008,prune,"Stale, low-visibility, low-engagement — review for removal.",5.804580279320278,487.5813285746119,0.010593774601534618,33.404722002946144,1.4339899255465234
pg_00069,cl_028,prune,"Stale, low-visibility, low-engagement — review for removal.",5.804170813491385,211.8115772872988,0.0294771298327407,26.373423333706974,2.284300968536077
pg_01739,cl_012,rewrite,Under-performing and aging — needs a content refresh.,5.801463722673507,186.94152474887107,0.0036635014847937464,10.19331703248864,1.9082010066478168
pg_02244,cl_042,prune,"Stale, low-visibility, low-engagement — review for removal.",5.800092016777269,317.0831965483093,0.0013607142990417795,29.995152401801136,1.5124175905478165
pg_00641,cl_054,prune,"Stale, low-visibility, low-engagement — review for removal.",5.798642868650292,404.17240686247357,0.005498416170981688,43.787286055506385,2.2210380186237306
pg_02376,cl_051,prune,"Stale, low-visibility, low-engagement — review for removal.",5.7920258159449896,339.89051651911666,0.007303506547009335,26.87091799384273,1.355070495086586
pg_01061,cl_041,rewrite,Under-performing and aging — needs a content refresh.,5.781411581651271,229.70025544343386,0.0014874825590364682,16.093532963099538,2.4836323193058876
pg_01446,cl_056,prune,"Stale, low-visibility, low-engagement — review for removal.",5.770194799301949,402.4233311573237,0.001,18.642260934588556,1.2872345905095628
pg_01835,cl_008,rewrite,Under-performing and aging — needs a content refresh.,5.763823852196855,196.9100009497411,0.01154498777337647,17.35553545878618,2.826085076841503
pg_02529,cl_034,rewrite,Under-performing and aging — needs a content refresh.,5.7606265424272864,201.6712154057437,0.014024445384474282,19.806556372939276,2.181600160931868
pg_03414,cl_035,prune,"Stale, low-visibility, low-engagement — review for removal.",5.7598080602004185,281.44886244008575,0.0032767273838238044,27.795847341646688,0.7425545624980205
pg_02107,cl_008,prune,"Stale, low-visibility, low-engagement — review for removal.",5.748457231017998,423.7904621540201,0.001,33.21732427562092,2.225349571362942
pg_01882,cl_010,prune,"Stale, low-visibility, low-engagement — review for removal.",5.748349707861411,386.3159427495237,0.007067667163056322,27.085893897819027,1.299360357691647
pg_03954,cl_035,prune,"Stale, low-visibility, low-engagement — review for removal.",5.743498386472225,234.73452541630996,0.0068326507574921706,25.465025434790793,1.8534575710337613
pg_02006,cl_026,prune,"Stale, low-visibility, low-engagement — review for removal.",5.735164040864412,241.2588891635971,0.001,22.350310774132335,2.7451993238205934
pg_02474,cl_006,prune,"Stale, low-visibility, low-engagement — review for removal.",5.734764872912054,295.77699914624174,0.02029177807423186,24.231823547380998,2.0058696606648985
pg_00927,cl_018,rewrite,Under-performing and aging — needs a content refresh.,5.73449504513732,156.90032957992264,0.001,13.030154410704988,0.8097950006448859
pg_00909,cl_005,rewrite,Under-performing and aging — needs a content refresh.,5.72717161253071,284.2787706623564,0.004393074937681752,7.896300680792914,1.3959189945669008
pg_03300,cl_038,rewrite,Under-performing and aging — needs a content refresh.,5.725996644097595,209.44155051583132,0.013924771191303862,12.569584380280867,1.3031202401052466
pg_03787,cl_001,prune,"Stale, low-visibility, low-engagement — review for removal.",5.712122227494556,231.373142659807,0.007222154808229921,24.965199241005845,0.8535894256239309
pg_03221,cl_015,prune,"Stale, low-visibility, low-engagement — review for removal.",5.702187669847173,226.01647274815312,0.001,26.22155310611708,1.0232365773921845
pg_03826,cl_020,prune,"Stale, low-visibility, low-engagement — review for removal.",5.701119629689681,242.15558398702152,0.012145510740022559,22.58782532304388,1.3134906572201461
pg_02482,cl_010,prune,"Stale, low-visibility, low-engagement — review for removal.",5.701087175684525,266.65340153910887,0.001,24.665949219332532,1.770308527878425
pg_03400,cl_048,prune,"Stale, low-visibility, low-engagement — review for removal.",5.696972618783795,310.66036084945836,0.005216061764619026,35.249025994460965,0.9988302412436509
pg_03529,cl_007,prune,"Stale, low-visibility, low-engagement — review for removal.",5.696742838579956,458.8295518788765,0.006467414875774928,50.04632251884874,0.7062866316645645
pg_00914,cl_035,rewrite,Under-performing and aging — needs a content refresh.,5.696407090510635,225.9955393961141,0.01097175328889182,15.123910799336086,1.7043356585356562
pg_02049,cl_039,prune,"Stale, low-visibility, low-engagement — review for removal.",5.690561001187233,390.3445219293363,0.007953115024386255,30.389298227128627,1.5271156527135925
pg_02306,cl_019,rewrite,Under-performing and aging — needs a content refresh.,5.688165180703074,256.42854799766104,0.010446005191593524,14.178759280074757,2.0718087001757763
pg_03838,cl_057,prune,"Stale, low-visibility, low-engagement — review for removal.",5.685997347632118,255.8178120955657,0.01366757683007041,25.132333310616517,3.418362443319591
pg_00167,cl_010,prune,"Stale, low-visibility, low-engagement — review for removal.",5.6833068244448315,202.572209551573,0.01194209534348269,23.763414387407853,3.2571159975606157
pg_02133,cl_023,rewrite,Under-performing and aging — needs a content refresh.,5.682923817375158,255.71581068650383,0.0043435326554351235,13.3637317769812,2.1091935952045806
pg_01312,cl_046,rewrite,Under-performing and aging — needs a content refresh.,5.68147487932874,272.8096230440525,0.01467986944836601,13.830756537469966,1.313946056489514
pg_00540,cl_042,rewrite,Under-performing and aging — needs a content refresh.,5.680602740151828,264.7660200726942,0.010066622854000284,13.348499286803417,2.491575893843554
pg_02764,cl_012,rewrite,Under-performing and aging — needs a content refresh.,5.6793101517139135,209.10097229504598,0.022817545975045005,17.895852994220753,2.0069149644927187
pg_01711,cl_028,prune,"Stale, low-visibility, low-engagement — review for removal.",5.674211816466433,586.0986255862515,0.005659294522823895,50.72548668849194,1.0918905770787948
pg_00453,cl_001,prune,"Stale, low-visibility, low-engagement — review for removal.",5.671831298932324,402.3970762428609,0.001,28.36046186910692,1.1242857785245657
pg_03753,cl_016,prune,"Stale, low-visibility, low-engagement — review for removal.",5.666580143235027,316.25245401713613,0.008576226103529355,39.03246535619441,1.2033280895600336
pg_03335,cl_013,prune,"Stale, low-visibility, low-engagement — review for removal.",5.665563326791706,263.5958162323767,0.003591534626446793,40.2633498736549,2.2248369000528343
pg_01046,cl_014,rewrite,Under-performing and aging — needs a content refresh.,5.664544538050927,283.1906840732902,0.001,14.224984886500978,2.416089785938237
pg_03390,cl_015,prune,"Stale, low-visibility, low-engagement — review for removal.",5.653614315074768,258.57660360710287,0.007916296483517377,23.84598514166528,1.9136154546573503
pg_02000,cl_052,prune,"Stale, low-visibility, low-engagement — review for removal.",5.650918633271317,390.1072614331214,0.008565330265052174,30.521977023838836,0.8112352305272338
pg_03804,cl_001,prune,"Stale, low-visibility, low-engagement — review for removal.",5.6487146447212035,209.80154289828178,0.0028097939567566007,22.428293565692826,2.4119222201229813
pg_00186,cl_009,prune,"Stale, low-visibility, low-engagement — review for removal.",5.644940707718456,386.8905034122309,0.004767845888376819,34.98913679689321,1.12293743929072
pg_00574,cl_000,rewrite,Under-performing and aging — needs a content refresh.,5.638199174107755,222.12223686084658,0.01301620057401404,15.12766524822331,3.2676801518428236
pg_01897,cl_052,prune,"Stale, low-visibility, low-engagement — review for removal.",5.637573068266996,349.91024989038283,0.0075094662568356745,23.7745291412135,1.899314445839541
pg_00082,cl_009,prune,"Stale, low-visibility, low-engagement — review for removal.",5.636326056024934,384.5559461462437,0.008419839012658754,19.389210655605243,1.367470076069485
pg_02339,cl_005,prune,"Stale, low-visibility, low-engagement — review for removal.",5.635896524656001,351.252746906099,0.012107803371352773,16.887464976835467,1.7156594531396507
pg_03809,cl_036,prune,"Stale, low-visibility, low-engagement — review for removal.",5.630495195075763,324.8226447733151,0.001,27.299744822104284,1.3935074770160603
pg_00141,cl_012,prune,"Stale, low-visibility, low-engagement — review for removal.",5.627711846506188,277.880763649817,0.0036630831445319933,24.210693093137902,1.7901483795352038
pg_03488,cl_026,prune,"Stale, low-visibility, low-engagement — review for removal.",5.626822217623486,274.908154215119,0.008740483777240224,24.233455234493775,0.05
pg_00461,cl_008,prune,"Stale, low-visibility, low-engagement — review for removal.",5.622448579857009,558.0569261276626,0.001,25.491350103168593,0.9570764340084881
pg_00015,cl_047,prune,"Stale, low-visibility, low-engagement — review for removal.",5.62147519234924,382.63280613078297,0.0029563305146595616,11.702643978119706,1.2342777377534802
pg_03448,cl_036,prune,"Stale, low-visibility, low-engagement — review for removal.",5.619035482870672,378.24205246419945,0.0163108854718724,12.998956882991001,2.916609830712711
pg_03394,cl_020,prune,"Stale, low-visibility, low-engagement — review for removal.",5.612796613221523,325.93917135015715,0.006721493425027954,16.95039502568122,1.5563438007336936
pg_01447,cl_057,prune,"Stale, low-visibility, low-engagement — review for removal.",5.6125920416867245,287.8514797106375,0.0070825336730181015,26.708584890989847,1.123729269400973
pg_00651,cl_039,rewrite,Under-performing and aging — needs a content refresh.,5.611549931295877,172.69852174760388,0.0033173563068194818,18.07881844875896,2.448826237615527
pg_00626,cl_020,rewrite,Under-performing and aging — needs a content refresh.,5.6051584150689475,185.87123979502852,0.009738072540081287,19.466604358427542,1.2184894908900468
pg_02265,cl_005,prune,"Stale, low-visibility, low-engagement — review for removal.",5.605123439258583,241.3662695458484,0.026858020428493258,27.777804192838445,3.245585068392559
pg_01084,cl_012,prune,"Stale, low-visibility, low-engagement — review for removal.",5.601798975601989,395.076836630332,0.001418880920436507,20.844769503600865,2.1220772595001236
pg_01423,cl_040,prune,"Stale, low-visibility, low-engagement — review for removal.",5.601288812836332,181.02054697551182,0.0018318138337249379,23.73859520052589,1.6392389919812536
pg_02490,cl_020,rewrite,Under-performing and aging — needs a content refresh.,5.596534371975081,220.70966314809854,0.027694964932060903,20.315339805379693,2.142013675525672
pg_02082,cl_019,prune,"Stale, low-visibility, low-engagement — review for removal.",5.596435832923738,370.13310300332563,0.010024629974927108,37.87618378395909,1.5210417081008343
pg_02767,cl_059,rewrite,Under-performing and aging — needs a content refresh.,5.593127047060548,184.69639762556764,0.01645742399039037,18.04068507053909,2.260198159412152
pg_03117,cl_038,prune,"Stale, low-visibility, low-engagement — review for removal.",5.5928408359503345,395.5876136981041,0.001,36.999634050513976,2.533827258582524
pg_00255,cl_008,rewrite,Under-performing and aging — needs a content refresh.,5.591222991670181,267.7138131186228,0.011216619654760973,16.87634122893339,2.1299248406741813
pg_00821,cl_039,prune,"Stale, low-visibility, low-engagement — review for removal.",5.587197971811244,362.499683919154,0.0012260145209969692,30.647824634799914,1.6486710353081284
pg_02416,cl_037,prune,"Stale, low-visibility, low-engagement — review for removal.",5.584031292300507,308.24472792932744,0.016477675624840645,19.1277155938526,1.8534503861633271
pg_00259,cl_035,rewrite,Under-performing and aging — needs a content refresh.,5.579917857263427,157.99026811237562,0.001,12.666103812213,3.085870067199845
pg_03246,cl_046,rewrite,Under-performing and aging — needs a content refresh.,5.579468369185877,268.4814407687169,0.009297166581876347,17.801592808566998,2.4589360263808717
pg_01087,cl_059,rewrite,Under-performing and aging — needs a content refresh.,5.575894043338344,146.309617326968,0.001,17.16806867701936,2.290247819259916
pg_00723,cl_007,prune,"Stale, low-visibility, low-engagement — review for removal.",5.574404858903662,271.82788086474625,0.01020097592325039,18.276196296444333,2.9717470791143454
pg_00379,cl_015,prune,"Stale, low-visibility, low-engagement — review for removal.",5.571562454859545,278.81237081792733,0.003973897770629599,29.444589065448923,1.0241677343216549
pg_03140,cl_029,rewrite,Under-performing and aging — needs a content refresh.,5.561015484410283,204.8589820555898,0.019205177621306184,9.119145298261925,1.3203516958852164
pg_02698,cl_007,prune,"Stale, low-visibility, low-engagement — review for removal.",5.560124803173166,283.58023824099166,0.002903979276852757,17.820486242016617,1.7319898805949443
pg_02435,cl_033,rewrite,Under-performing and aging — needs a content refresh.,5.559437602401381,270.06604926686174,0.027359469389340595,13.793066085121115,1.4444436034934336
pg_03409,cl_028,prune,"Stale, low-visibility, low-engagement — review for removal.",5.558131465382674,341.2562201078248,0.008281996821518964,21.643197072573532,1.0860991558936561
pg_02212,cl_036,rewrite,Under-performing and aging — needs a content refresh.,5.555809957718767,229.27019494766637,0.009413642109473295,18.013385637549455,0.6000538822372405
pg_00062,cl_021,rewrite,Under-performing and aging — needs a content refresh.,5.555052659101369,203.58309671772255,0.012857554566290896,18.729359891412997,1.4390192058948519
pg_03882,cl_034,prune,"Stale, low-visibility, low-engagement — review for removal.",5.549172902500001,381.8106499738381,0.006197270493953717,31.615200706053905,1.4055463138288464
pg_00759,cl_043,prune,"Stale, low-visibility, low-engagement — review for removal.",5.546103816702276,213.3746859694954,0.006373296812929393,28.54992707041681,0.7786435075824265
pg_02119,cl_042,rewrite,Under-performing and aging — needs a content refresh.,5.539779399456022,231.98616007934763,0.029582389999776564,22.33969929012632,1.6093364607429246
pg_02454,cl_049,rewrite,Under-performing and aging — needs a content refresh.,5.533729884085647,189.11727864500688,0.0070927008551678935,19.89185919049879,1.7661266614339894
pg_02299,cl_053,prune,"Stale, low-visibility, low-engagement — review for removal.",5.5266298163351335,306.1801011945348,0.005398583067447967,22.708547497092383,1.5579328477799
pg_01639,cl_016,rewrite,Under-performing and aging — needs a content refresh.,5.52470907970933,217.68375424738642,0.016785770944482133,7.349258209244374,2.350500393952758
pg_02755,cl_052,rewrite,Under-performing and aging — needs a content refresh.,5.524439752455712,191.67001260717748,0.011981964500243027,19.241079201104448,1.8613124103142913
pg_01765,cl_056,prune,"Stale, low-visibility, low-engagement — review for removal.",5.522218852103177,308.93782266292715,0.009228965490050329,25.339177864830148,1.2212733827992648
pg_00207,cl_058,rewrite,Under-performing and aging — needs a content refresh.,5.520784628073262,205.10478804206937,0.019389726404181847,11.840263889578992,2.4989410611832916
pg_02776,cl_031,prune,"Stale, low-visibility, low-engagement — review for removal.",5.509329988326208,239.48398214932405,0.001,20.75700995429158,0.8732906066034185
pg_02132,cl_031,rewrite,Under-performing and aging — needs a content refresh.,5.508585911078274,199.69951059691746,0.009047723296655309,12.05826961941193,2.4153476649488974
pg_02359,cl_012,prune,"Stale, low-visibility, low-engagement — review for removal.",5.508282275175968,200.6773370243723,0.009688948539455101,28.591298427522965,1.902062455042295
pg_03091,cl_023,prune,"Stale, low-visibility, low-engagement — review for removal.",5.5064712920519066,338.3897711880921,0.005506317108704515,31.47335592815292,1.7150181098253663
pg_00766,cl_036,rewrite,Under-performing and aging — needs a content refresh.,5.506320166265853,219.91713518629953,0.010172625556766568,16.52682081403144,1.447794257287696
pg_03844,cl_055,prune,"Stale, low-visibility, low-engagement — review for removal.",5.504162748447094,169.07053680627692,0.012634380064518055,25.559191714384042,2.4354065860772494
pg_03215,cl_015,rewrite,Under-performing and aging — needs a content refresh.,5.492817110544873,260.9689262980359,0.010489691864542038,16.841448917732404,2.4955303511637625
pg_01474,cl_058,rewrite,Under-performing and aging — needs a content refresh.,5.490420357676034,209.30034659224077,0.0259729448327012,22.850888159043507,1.3621658536604848
pg_01620,cl_015,rewrite,Under-performing and aging — needs a content refresh.,5.488947369299744,151.82864901543417,0.005796061434461108,6.288227688165746,1.3633070759959862
pg_00977,cl_034,prune,"Stale, low-visibility, low-engagement — review for removal.",5.485307329422168,501.74300585088145,0.009730899442869636,26.205065484748012,1.8127655582724531
pg_00106,cl_046,prune,"Stale, low-visibility, low-engagement — review for removal.",5.479900602100625,510.95233203419735,0.001176469647888298,30.593949077536184,0.9853319988048914
pg_02543,cl_022,rewrite,Under-performing and aging — needs a content refresh.,5.479892639524113,203.28125055101762,0.015192544536765364,13.483926742460188,2.710774844726461
pg_03898,cl_018,rewrite,Under-performing and aging — needs a content refresh.,5.479624988176606,167.10383199441804,0.00829937500314206,15.930707251647839,1.2004588819326263
pg_01850,cl_004,rewrite,Under-performing and aging — needs a content refresh.,5.476838701475625,187.21236312828256,0.016598767213023308,16.980115509937548,1.0836088692945731
pg_01910,cl_004,rewrite,Under-performing and aging — needs a content refresh.,5.470023820588559,232.29049971019427,0.01663642847378087,17.30944656618429,3.3468445697918385
pg_00153,cl_017,prune,"Stale, low-visibility, low-engagement — review for removal.",5.465828247758378,243.49114955200804,0.0015097635636737395,29.618263854636556,0.23667643307460962
pg_03588,cl_039,rewrite,Under-performing and aging — needs a content refresh.,5.455855569674371,193.98407189585902,0.027017247703113458,15.332424700070364,1.1400232371130343
pg_03962,cl_039,rewrite,Under-performing and aging — needs a content refresh.,5.453525346466418,276.9788490901659,0.016384097544619333,19.338791187920197,0.24900072391043437
pg_00468,cl_010,rewrite,Under-performing and aging — needs a content refresh.,5.450197373094044,180.27074368474243,0.010226393803070484,18.31374430563472,0.8254062086539934
pg_02927,cl_019,rewrite,Under-performing and aging — needs a content refresh.,5.447267685368619,294.60049017841646,0.007070457734695581,15.951308602707613,1.8083424868361215
pg_00499,cl_025,rewrite,Under-performing and aging — needs a content refresh.,5.43775942988348,205.95507561519128,0.025276043614011735,12.492928944096082,1.167102826085915
pg_00486,cl_020,prune,"Stale, low-visibility, low-engagement — review for removal.",5.437528598429699,286.5465383080128,0.006568106444239649,30.91479287856477,1.7262794905866163
pg_02028,cl_031,prune,"Stale, low-visibility, low-engagement — review for removal.",5.437299942745538,243.90878932840124,0.001,19.41048858231212,3.0219938105179867
pg_01105,cl_010,prune,"Stale, low-visibility, low-engagement — review for removal.",5.422467113381875,347.01537044623285,0.003340744714535883,40.37754472554992,1.5959467435905088
pg_03388,cl_017,rewrite,Under-performing and aging — needs a content refresh.,5.419805255384832,254.33723101899392,0.015470529478228755,20.401216670783604,1.3096391864609593
pg_01354,cl_013,rewrite,Under-performing and aging — needs a content refresh.,5.419266877259056,239.86118348821006,0.028353826977001256,16.720787714252207,1.687246775614164
pg_02059,cl_024,prune,"Stale, low-visibility, low-engagement — review for removal.",5.4179831414255455,349.67926132511985,0.001,21.170873538216313,1.734284785987329
pg_00260,cl_047,prune,"Stale, low-visibility, low-engagement — review for removal.",5.417099757028769,334.01935018456635,0.0068649004906059154,23.309588640352626,1.9557202474579314
pg_00431,cl_044,prune,"Stale, low-visibility, low-engagement — review for removal.",5.416163787641436,464.41545529672953,0.001109868667038346,20.519407653573953,2.6858332420987194
pg_02392,cl_037,prune,"Stale, low-visibility, low-engagement — review for removal.",5.4147536337429045,185.5138468850267,0.018457919212581986,25.9542536055093,2.2602588738416896
pg_01435,cl_006,rewrite,Under-performing and aging — needs a content refresh.,5.4109307372782975,152.45700752810652,0.008292690939825959,14.897868968732737,0.8757828422197114
pg_00264,cl_059,prune,"Stale, low-visibility, low-engagement — review for removal.",5.407037407036758,200.03459810020752,0.0019576773440675693,25.01978026775006,0.8619131212187046
pg_03057,cl_008,rewrite,Under-performing and aging — needs a content refresh.,5.404542202112641,205.50131156443007,0.01506323989816705,21.48976079574076,2.5068419142162597
pg_03017,cl_012,rewrite,Under-performing and aging — needs a content refresh.,5.4015901076183575,245.88401186080117,0.019878820196528042,12.701219728558335,1.1281851743126166
pg_00439,cl_023,prune,"Stale, low-visibility, low-engagement — review for removal.",5.395248596790325,377.0485912606125,0.010493020566561897,35.98353783057506,1.3400463818192359
pg_03837,cl_035,rewrite,Under-performing and aging — needs a content refresh.,5.394036390748528,253.65788959672147,0.022267091713377624,16.62793659421459,1.4165856144332531
pg_01022,cl_052,rewrite,Under-performing and aging — needs a content refresh.,5.393190955898856,210.07140679434445,0.025429914373271526,21.97744629102268,2.817400870121369
pg_00701,cl_036,rewrite,Under-performing and aging — needs a content refresh.,5.391892538427426,205.57006249105635,0.02017904188178133,15.947717044804929,2.0289621114078615
pg_03598,cl_017,rewrite,Under-performing and aging — needs a content refresh.,5.391254010158991,143.90871971259313,0.005458267255934733,13.272102918840778,1.797907803652124
pg_02563,cl_024,prune,"Stale, low-visibility, low-engagement — review for removal.",5.391025356863283,203.5466189003076,0.006579744851317794,28.713553125314732,1.2001342361180547
pg_03543,cl_046,rewrite,Under-performing and aging — needs a content refresh.,5.390854454927824,196.85587025187868,0.019328221993052775,15.133690058197034,1.4507727666640309
pg_03591,cl_017,prune,"Stale, low-visibility, low-engagement — review for removal.",5.390664927070405,250.50637677661408,0.0015880828480313862,33.67776561634216,1.3020613544986683
pg_02701,cl_047,rewrite,Under-performing and aging — needs a content refresh.,5.390012007681187,199.37611668650976,0.017678617846678433,13.06520046936595,2.3097586845629214
pg_00625,cl_013,prune,"Stale, low-visibility, low-engagement — review for removal.",5.389818738158854,272.41445214918184,0.009856109801779539,19.188169335208446,1.9897951596150003
pg_01797,cl_011,prune,"Stale, low-visibility, low-engagement — review for removal.",5.388972172374443,250.28248233694228,0.0052105832850765565,21.225026170616633,1.323351047665009
pg_01480,cl_009,rewrite,Under-performing and aging — needs a content refresh.,5.38712083852379,258.870080385734,0.01725646925711189,15.692045004270318,2.262146949622354
pg_00720,cl_008,rewrite,Under-performing and aging — needs a content refresh.,5.382462736493076,128.40425599811698,0.0019840264888940744,14.095090244242147,0.2887962211424546
pg_00031,cl_013,rewrite,Under-performing and aging — needs a content refresh.,5.3823235086352135,210.3188377378532,0.010185599771094912,18.90479978710566,1.6033397969503778
pg_03460,cl_024,prune,"Stale, low-visibility, low-engagement — review for removal.",5.377734947287149,459.5304314781154,0.001,41.07716098468872,1.2537558339507757
pg_03711,cl_059,rewrite,Under-performing and aging — needs a content refresh.,5.376815987310064,218.65287829016907,0.001,8.015268699141659,1.7450578932953564
pg_00899,cl_036,rewrite,Under-performing and aging — needs a content refresh.,5.375631684336282,199.07003832828053,0.03130276050728363,20.021396915249603,2.2098882868824123
pg_01123,cl_014,rewrite,Under-performing and aging — needs a content refresh.,5.374229395266883,181.9787209516804,0.012759492937655145,6.639080997820743,1.9266547239627732
pg_01484,cl_024,prune,"Stale, low-visibility, low-engagement — review for removal.",5.369437180472716,372.4917805438269,0.006739938408527176,29.842888300039654,0.8506924702612882
pg_01232,cl_058,prune,"Stale, low-visibility, low-engagement — review for removal.",5.368140115668127,265.77197204641334,0.001,18.360474004198778,2.0513704575690466
pg_02875,cl_030,rewrite,Under-performing and aging — needs a content refresh.,5.367150523885196,206.75770845811192,0.021172095336452708,19.436066655647732,2.4388328890825917
pg_00854,cl_017,prune,"Stale, low-visibility, low-engagement — review for removal.",5.364220321710386,248.1060503340953,0.004311562274206515,19.84636342909902,0.6900228875971333
pg_02271,cl_019,rewrite,Under-performing and aging — needs a content refresh.,5.363254628600754,164.2331549408734,0.003843459988402187,15.227531278521774,1.5221700832839475
pg_02152,cl_051,rewrite,Under-performing and aging — needs a content refresh.,5.361209981302273,253.64454400374518,0.02925405922312479,16.956008967885396,2.2764024395922577
pg_00414,cl_001,rewrite,Under-performing and aging — needs a content refresh.,5.356179742031865,246.06355159508803,0.001,4.808609618544457,2.3020374828526826
pg_02476,cl_031,rewrite,Under-performing and aging — needs a content refresh.,5.3558803301728934,210.84987842709592,0.01249575941562339,9.714303860503964,2.3094916355547683
pg_00735,cl_040,prune,"Stale, low-visibility, low-engagement — review for removal.",5.350731295515349,208.5617518244824,0.011487510811657584,23.666566347791047,3.3312928870156853
pg_02978,cl_016,prune,"Stale, low-visibility, low-engagement — review for removal.",5.350563523247176,421.93901291731885,0.001,34.82158399900482,1.6489901037333592
pg_01015,cl_050,prune,"Stale, low-visibility, low-engagement — review for removal.",5.348643449060297,315.3900189068758,0.007277476346968374,36.967620138011874,1.9550125401266412
pg_00266,cl_026,prune,"Stale, low-visibility, low-engagement — review for removal.",5.347763078733538,278.6191909263438,0.0040800032158888715,23.94376347319627,1.6231386550217868
pg_00455,cl_033,rewrite,Under-performing and aging — needs a content refresh.,5.347287423728908,212.83048537360025,0.001,14.269397175507569,0.784480517953398
pg_00585,cl_055,prune,"Stale, low-visibility, low-engagement — review for removal.",5.323757099276293,249.83724208003986,0.006805710234017024,24.398440078355833,1.7184284569403934
pg_00974,cl_008,prune,"Stale, low-visibility, low-engagement — review for removal.",5.320589883179709,341.33170341553426,0.02012656532363775,23.160065488397105,0.05
pg_00635,cl_041,rewrite,Under-performing and aging — needs a content refresh.,5.318354104722037,196.43574530622595,0.02131909666557924,18.89781186886453,2.5951214989715896
pg_01588,cl_051,prune,"Stale, low-visibility, low-engagement — review for removal.",5.314704431685586,329.10986178186414,0.003081636059805973,26.38235685553872,1.4711008906257768
pg_03124,cl_026,rewrite,Under-performing and aging — needs a content refresh.,5.313629092055532,171.34697685297033,0.001,14.15531397060338,0.9244077107787796
pg_01134,cl_036,prune,"Stale, low-visibility, low-engagement — review for removal.",5.310927930477882,406.1923263125558,0.008178158872637419,17.436807429114516,0.8610502690674361
pg_00709,cl_027,rewrite,Under-performing and aging — needs a content refresh.,5.30696033121243,168.10110270591608,0.006360029140229541,8.44646279604057,0.5144793255635147
pg_01273,cl_040,prune,"Stale, low-visibility, low-engagement — review for removal.",5.306835293680274,342.3014155533237,0.011380455435189571,30.362359714600657,1.5298471504726985
pg_01130,cl_024,rewrite,Under-performing and aging — needs a content refresh.,5.298282118101485,337.26945471768687,0.03397894232392612,15.74381535874728,1.4606407854416126
pg_02808,cl_047,rewrite,Under-performing and aging — needs a content refresh.,5.292071873133647,196.80629758800103,0.015451080012133966,16.0668413281799,2.9009699090781456
pg_02077,cl_026,rewrite,Under-performing and aging — needs a content refresh.,5.291296828834671,177.3513581802311,0.02472040083088418,10.125860307791974,1.2035914538209225
pg_00172,cl_046,rewrite,Under-performing and aging — needs a content refresh.,5.286504614358512,220.33245056750786,0.00414429765084497,16.70839821364441,1.8991395709040726
pg_00555,cl_030,prune,"Stale, low-visibility, low-engagement — review for removal.",5.279516637338384,510.17128922516565,0.001,28.42585608945971,1.460612073084254
pg_02348,cl_012,rewrite,Under-performing and aging — needs a content refresh.,5.275224597948645,222.22816092261797,0.017117494015828166,21.703405169976765,2.9762300196674527
pg_01520,cl_051,prune,"Stale, low-visibility, low-engagement — review for removal.",5.26967315858754,332.9589413591629,0.014028544049967886,18.31537836752476,1.99082846267189
pg_00195,cl_005,prune,"Stale, low-visibility, low-engagement — review for removal.",5.264715445148184,348.9701497652882,0.001,25.254747941295342,1.5117900570819418
pg_03924,cl_038,rewrite,Under-performing and aging — needs a content refresh.,5.259877860787143,176.57851270781362,0.028231188022504496,13.164118569340957,1.2496525206313904
pg_03999,cl_031,prune,"Stale, low-visibility, low-engagement — review for removal.",5.2596346550110855,364.8170072605731,0.004636791584927178,24.722006712726895,2.047686227896342
pg_02951,cl_030,prune,"Stale, low-visibility, low-engagement — review for removal.",5.251395830549969,509.64884975775067,0.010596109287426474,23.83424949588838,1.8944283149588628
pg_03981,cl_005,rewrite,Under-performing and aging — needs a content refresh.,5.249971901191619,256.63613281103727,0.014069057298342989,12.898453354380885,3.4441379835015056
pg_01752,cl_037,prune,"Stale, low-visibility, low-engagement — review for removal.",5.249347007677379,220.28013373456292,0.03392183766968229,25.788183720083694,2.219390922158063
pg_03732,cl_024,prune,"Stale, low-visibility, low-engagement — review for removal.",5.249157132003097,363.4829586806147,0.01286357049985748,32.20434692149162,1.1486782705210676
pg_00257,cl_006,prune,"Stale, low-visibility, low-engagement — review for removal.",5.248991968500726,305.39416474596186,0.003502072442056728,18.94694940851938,2.0648291702942068
pg_00758,cl_007,prune,"Stale, low-visibility, low-engagement — review for removal.",5.247469491330927,452.5012359548142,0.01007730127215133,37.120356024081126,2.2799870117265426
pg_01179,cl_001,rewrite,Under-performing and aging — needs a content refresh.,5.240656958779251,210.59492263100543,0.01613072361836483,20.90452682764886,2.617928118328091
pg_02097,cl_051,rewrite,Under-performing and aging — needs a content refresh.,5.238593011226563,191.77022413635046,0.03460813560763207,10.79774826902065,0.5510293849210867
pg_03688,cl_058,prune,"Stale, low-visibility, low-engagement — review for removal.",5.2377337163760105,374.1585133076078,0.003222576264635211,25.428598608468775,2.2918641281792835
pg_01721,cl_044,rewrite,Under-performing and aging — needs a content refresh.,5.236887152594775,212.76839833253686,0.01607829147440855,16.243084704422856,0.5448868836873175
pg_00105,cl_047,prune,"Stale, low-visibility, low-engagement — review for removal.",5.2362454672004555,456.01969420835184,0.001,32.25463699534891,0.7315876491953598
pg_02226,cl_052,rewrite,Under-performing and aging — needs a content refresh.,5.231310486150424,157.3627556866361,0.014687268180475188,10.890545754425116,1.1947791041987232
pg_01192,cl_010,rewrite,Under-performing and aging — needs a content refresh.,5.221637855184342,248.58565001767718,0.001,16.839609623208116,4.500938354233991
pg_00335,cl_048,prune,"Stale, low-visibility, low-engagement — review for removal.",5.220055651359793,448.3776845374549,0.0052943564440779065,25.804986664496123,1.0110184160003874
pg_03244,cl_043,rewrite,Under-performing and aging — needs a content refresh.,5.21419232164941,187.47606294951498,0.03367896078224071,24.67785872832047,2.675161839336937
pg_00276,cl_028,prune,"Stale, low-visibility, low-engagement — review for removal.",5.214189472435302,306.66062212560587,0.0025826218784863308,29.986882947988512,2.8696881587910124
pg_01708,cl_014,rewrite,Under-performing and aging — needs a content refresh.,5.212195515293345,185.17531828821146,0.016299311289949995,14.215438878477535,1.7359411495777457
pg_03980,cl_027,rewrite,Under-performing and aging — needs a content refresh.,5.208920163196985,189.08750501608836,0.023528141316548623,19.355311523988497,2.3144293906754267
pg_01824,cl_046,prune,"Stale, low-visibility, low-engagement — review for removal.",5.207378117643553,407.632753556483,0.009993554303992284,24.35795598624839,1.8435246366710412
pg_01866,cl_006,rewrite,Under-performing and aging — needs a content refresh.,5.206978844714045,260.3405109292974,0.008418132704124585,16.321999350060448,1.1576230007076234
pg_03385,cl_014,prune,"Stale, low-visibility, low-engagement — review for removal.",5.206246223829097,391.6339287548722,0.003994017501566208,23.27471174169893,1.3136192374970117
pg_02580,cl_023,prune,"Stale, low-visibility, low-engagement — review for removal.",5.202959842727712,375.2806103673122,0.01079138088072112,28.749316568188117,1.8647932669029657
pg_03694,cl_023,prune,"Stale, low-visibility, low-engagement — review for removal.",5.195705198021033,254.4900921522166,0.013454770884808016,37.64899239948441,1.59411181697661
pg_00726,cl_043,prune,"Stale, low-visibility, low-engagement — review for removal.",5.19099193735601,439.1308863593193,0.005526517245716699,25.95620014402799,1.498990313703017
pg_02239,cl_053,rewrite,Under-performing and aging — needs a content refresh.,5.1879904403102755,165.5480321233576,0.014354411635680044,8.044955818262995,0.4731139441612986
pg_01200,cl_052,prune,"Stale, low-visibility, low-engagement — review for removal.",5.1868519582365575,486.039874507611,0.001,25.309977141793773,1.5137582103405676
pg_03347,cl_007,prune,"Stale, low-visibility, low-engagement — review for removal.",5.18182464580965,226.59651805533431,0.014056354245255781,31.117200371843946,2.0200637726202046
pg_02881,cl_014,rewrite,Under-performing and aging — needs a content refresh.,5.181355783750825,134.89413012507404,0.001,10.198658472653127,0.9975517410872576
pg_01869,cl_046,rewrite,Under-performing and aging — needs a content refresh.,5.158729097821209,257.9158246233754,0.008069182162008474,15.554098340780351,1.8267220544580356
pg_03090,cl_020,rewrite,Under-performing and aging — needs a content refresh.,5.157590730823475,192.50548005874515,0.00984036369527836,19.188610374119136,2.6556699674981714
pg_01642,cl_026,prune,"Stale, low-visibility, low-engagement — review for removal.",5.154705098010179,321.9165217806603,0.004289679720793087,36.83690556051543,0.7642086964216367
pg_01501,cl_015,rewrite,Under-performing and aging — needs a content refresh.,5.150836347803612,161.29571566042762,0.017073693023872794,14.98862841631082,0.8755402278082576
pg_01682,cl_002,prune,"Stale, low-visibility, low-engagement — review for removal.",5.145495223575761,200.79773472749733,0.023444747029637628,25.134870818321815,1.130113085020902
pg_01496,cl_033,prune,"Stale, low-visibility, low-engagement — review for removal.",5.1409171167778815,300.21256602376576,0.001,32.174030812265116,1.0576295102755116
pg_00176,cl_043,rewrite,Under-performing and aging — needs a content refresh.,5.139030820256928,290.2039842531793,0.004889962062850917,16.143066794062868,1.0060332100340728
pg_02518,cl_008,prune,"Stale, low-visibility, low-engagement — review for removal.",5.138333983616425,384.41713278917166,0.0042990161509711975,40.41731418436701,1.4523420254206754
pg_01174,cl_000,prune,"Stale, low-visibility, low-engagement — review for removal.",5.135028393879114,416.7893250268581,0.001,25.441516605417604,2.105637792564908
pg_03269,cl_058,prune,"Stale, low-visibility, low-engagement — review for removal.",5.132680778905547,244.72019317570314,0.00878886805796177,23.551483538106517,0.7122311085946622
pg_00307,cl_033,rewrite,Under-performing and aging — needs a content refresh.,5.130794898158276,157.2290668161647,0.001,22.159157260481898,1.562577262188621
pg_02141,cl_052,rewrite,Under-performing and aging — needs a content refresh.,5.130055617737877,135.224386200396,0.0075735466048071015,13.535168089930735,2.231488499692852
pg_03537,cl_007,rewrite,Under-performing and aging — needs a content refresh.,5.128956124899175,150.12120639698648,0.007222575743456061,13.527382047022767,2.0724288509519613
pg_03141,cl_024,rewrite,Under-performing and aging — needs a content refresh.,5.124887353992133,173.63948766560912,0.001,20.598847740232333,1.2667057473734973
pg_03512,cl_007,prune,"Stale, low-visibility, low-engagement — review for removal.",5.122002510404936,250.95296632758445,0.02075558933309626,27.197688277478726,1.2236587482077823
pg_01294,cl_057,rewrite,Under-performing and aging — needs a content refresh.,5.121650404418406,212.80076980994278,0.015024647610997071,12.705549034423555,2.2497388950812236
pg_02496,cl_048,rewrite,Under-performing and aging — needs a content refresh.,5.1199109994845236,142.9399753523689,0.001,22.59181068514878,2.525186149990079
pg_00046,cl_026,prune,"Stale, low-visibility, low-engagement — review for removal.",5.1088190868302465,272.60985376384315,0.009663657508406504,22.15311773769916,1.8733606612402196
pg_00399,cl_018,rewrite,Under-performing and aging — needs a content refresh.,5.0987903762888855,181.39073745501224,0.014475542335044994,19.75456484905051,1.8766025380831248
pg_03239,cl_002,prune,"Stale, low-visibility, low-engagement — review for removal.",5.0985233162139165,179.45826633882757,0.001,27.3278901551799,1.5584596988357986
pg_01987,cl_012,rewrite,Under-performing and aging — needs a content refresh.,5.095928664840512,190.79555820005018,0.012110312970832947,20.851084220221768,1.8409628819638482
pg_01822,cl_018,rewrite,Under-performing and aging — needs a content refresh.,5.09395465023335,208.93157289563703,0.03080746708820308,14.325657465867419,2.01506910283736
pg_03442,cl_027,prune,"Stale, low-visibility, low-engagement — review for removal.",5.0866847411849,369.78653751704377,0.001,20.119928104848498,1.6379856690140844
pg_02084,cl_007,rewrite,Under-performing and aging — needs a content refresh.,5.08268790510567,255.6512532455369,0.019876057236488838,14.105980857621045,1.4578321941231502
pg_01267,cl_022,prune,"Stale, low-visibility, low-engagement — review for removal.",5.082245724802067,435.9888116260216,0.007937361153887736,23.740227793159267,0.6200418207077975
pg_02779,cl_002,rewrite,Under-performing and aging — needs a content refresh.,5.071845854402568,167.44556139509106,0.010713811836451507,22.083608001843913,1.5099107766859976
pg_03087,cl_010,rewrite,Under-performing and aging — needs a content refresh.,5.070149157921932,220.55930821403507,0.017701670550236876,13.57090076190203,2.790978240577572
pg_00175,cl_027,prune,"Stale, low-visibility, low-engagement — review for removal.",5.0661611524765675,247.69323507767672,0.010489987705532056,24.307675374055258,2.4728427805139797
pg_02825,cl_050,prune,"Stale, low-visibility, low-engagement — review for removal.",5.05925332630716,268.11355120656845,0.001,21.074478081239985,1.7250596115084127
pg_03815,cl_004,prune,"Stale, low-visibility, low-engagement — review for removal.",5.054727920198737,326.82075224204027,0.005562301131180313,31.963141125072646,1.350184904565916
pg_01374,cl_053,rewrite,Under-performing and aging — needs a content refresh.,5.053914590015015,146.95138882827362,0.001,14.92443245537332,2.420974918361859
pg_02596,cl_030,rewrite,Under-performing and aging — needs a content refresh.,5.047228693989241,198.94210470586142,0.0028809902532623416,12.08924596022801,2.779227255111789
pg_01388,cl_053,rewrite,Under-performing and aging — needs a content refresh.,5.029659648592119,151.30763646196925,0.024999294713186876,8.17250813997325,1.3299743404484077
pg_01541,cl_014,rewrite,Under-performing and aging — needs a content refresh.,5.018756818313397,198.9794514445697,0.04323117411267145,11.905904517525595,1.577795377672543
pg_02065,cl_030,prune,"Stale, low-visibility, low-engagement — review for removal.",5.017416187640454,427.96418815686195,0.004186765885970712,33.59613716521667,1.2810357217602137
pg_02565,cl_025,rewrite,Under-performing and aging — needs a content refresh.,5.017287726366661,138.48631278835705,0.001,11.694461834393037,1.3522206933586123
pg_02289,cl_024,rewrite,Under-performing and aging — needs a content refresh.,5.016612998905513,177.61580214399683,0.022097424333574964,8.546182164748334,0.957730046490716
pg_02872,cl_049,prune,"Stale, low-visibility, low-engagement — review for removal.",5.015904854237524,361.3415816292528,0.002313414931632511,40.036179821013036,2.0288104874276307
pg_01326,cl_040,rewrite,Under-performing and aging — needs a content refresh.,5.014483069580583,139.13261498916637,0.017572759150908748,18.279851267893783,1.7538681606531346
pg_02276,cl_012,rewrite,Under-performing and aging — needs a content refresh.,5.01419262936813,132.44633368575944,0.00712747670657099,15.750084941854096,1.67553356725508
pg_03875,cl_036,prune,"Stale, low-visibility, low-engagement — review for removal.",5.008414345560278,121.66447771582465,0.0010480815605888802,28.156408615217643,2.745757080021672
pg_00624,cl_036,rewrite,Under-performing and aging — needs a content refresh.,5.008235088681677,203.34392976398675,0.02092726205223953,10.704684936373953,0.8806204298039572
pg_01386,cl_033,rewrite,Under-performing and aging — needs a content refresh.,5.006001964916938,120.51689698988821,0.004385701006105663,23.288543519323074,2.067107478275666
pg_03328,cl_023,rewrite,Under-performing and aging — needs a content refresh.,5.0051724428650815,176.46289073495936,0.014963893925123383,15.373576585942804,1.2024453959389274
pg_02358,cl_037,rewrite,Under-performing and aging — needs a content refresh.,5.004570951842551,188.55692637289806,0.02005931127647303,13.188687130955518,1.7585390577206512
pg_02024,cl_004,prune,"Stale, low-visibility, low-engagement — review for removal.",5.0005276692231675,358.22019647001935,0.00428883595490469,36.43277113732359,1.8066153482447198
pg_03904,cl_052,rewrite,Under-performing and aging — needs a content refresh.,4.999890149342868,313.40525120008544,0.04417850841917806,17.369391320443086,1.5339762055673083
pg_01088,cl_039,rewrite,Under-performing and aging — needs a content refresh.,4.997412776206218,238.33152449264634,0.010187389195307841,18.101288996734713,0.530232003737626
pg_01560,cl_017,prune,"Stale, low-visibility, low-engagement — review for removal.",4.991698660202834,281.9834288460833,0.005673995179062491,30.252357428835452,1.8330505497576346
pg_02649,cl_019,rewrite,Under-performing and aging — needs a content refresh.,4.986259467751038,152.00519285889544,0.007892145285841905,25.73951007776359,0.7178349392957548
pg_03630,cl_027,prune,"Stale, low-visibility, low-engagement — review for removal.",4.983897348042151,225.25303874141272,0.012064384870342696,24.512627956250906,3.6798927387799005
pg_03755,cl_019,rewrite,Under-performing and aging — needs a content refresh.,4.981657347851182,140.75598035997928,0.018610121738271573,17.33318542172055,1.4447424358098455
pg_02338,cl_002,rewrite,Under-performing and aging — needs a content refresh.,4.977949586613768,185.08470328285867,0.03934532668849158,16.799914240916134,1.7009944369447116
pg_00945,cl_007,rewrite,Under-performing and aging — needs a content refresh.,4.97311956289832,185.99897458976258,0.020050563461996265,21.90224090305035,1.0955888027958538
pg_03431,cl_046,rewrite,Under-performing and aging — needs a content refresh.,4.970972723719986,193.93456249538946,0.02882710252661615,21.26136058783092,1.3363664367564805
pg_00199,cl_057,rewrite,Under-performing and aging — needs a content refresh.,4.970446801025701,162.86527359556288,0.0018955429564168763,21.867474571650668,1.9776401209305479
pg_02160,cl_048,rewrite,Under-performing and aging — needs a content refresh.,4.965380437282455,236.07514746100898,0.001,13.09225800777722,2.795975355328375
pg_02502,cl_045,rewrite,Under-performing and aging — needs a content refresh.,4.962178498351767,124.81503388676173,0.0075707397659176175,12.013920759857236,1.4086916292663862
pg_00100,cl_049,prune,"Stale, low-visibility, low-engagement — review for removal.",4.955666141553896,371.0179634225679,0.0024063275001263754,30.412436506599676,0.8118223630401422
pg_00251,cl_029,prune,"Stale, low-visibility, low-engagement — review for removal.",4.949937023624403,347.2859623909733,0.005587500692487275,18.46026519323472,2.15225231355146
pg_03072,cl_014,rewrite,Under-performing and aging — needs a content refresh.,4.945712860788661,174.47190882865897,0.017265586662663788,21.906843547461854,1.2300697207288525
pg_00247,cl_024,rewrite,Under-performing and aging — needs a content refresh.,4.93842363493855,169.21033831518784,0.03887340946255947,13.92988700687129,0.4829460792008434
pg_03058,cl_023,rewrite,Under-performing and aging — needs a content refresh.,4.93484158185687,148.8283892001355,0.026266685716032835,17.59355989656948,1.3146594679942591
pg_03705,cl_030,rewrite,Under-performing and aging — needs a content refresh.,4.929062721064116,185.69118060584356,0.026605593280564534,12.84075577887616,1.4018536753317292
pg_01339,cl_024,rewrite,Under-performing and aging — needs a content refresh.,4.9274355710366695,164.52401548394616,0.007726791873214433,16.38004481234414,2.9794054977167868
pg_01875,cl_007,rewrite,Under-performing and aging — needs a content refresh.,4.924869800003515,229.68876581874292,0.01674004989040957,12.847212980384256,2.0762019179579685
pg_00438,cl_004,rewrite,Under-performing and aging — needs a content refresh.,4.92302511072376,127.30120847130372,0.008213223381040214,24.633873002273962,2.665705729165694
pg_03393,cl_011,rewrite,Under-performing and aging — needs a content refresh.,4.918169164707307,198.88561211190444,0.006306705373498233,4.611136589179072,1.6750127000856276
pg_01984,cl_038,rewrite,Under-performing and aging — needs a content refresh.,4.908302461446903,137.51617992082362,0.013628461185329298,2.408584106292463,1.1963043510766425
pg_02017,cl_043,prune,"Stale, low-visibility, low-engagement — review for removal.",4.904499282006415,249.6464094236346,0.022612487463468597,22.950806000526597,2.533235914536805
pg_00057,cl_009,rewrite,Under-performing and aging — needs a content refresh.,4.8968928321575795,233.12916226280802,0.0021066480259804843,16.32480488632341,1.5849237493750579
pg_01893,cl_042,rewrite,Under-performing and aging — needs a content refresh.,4.8934887830827005,244.4914281652104,0.001,19.344150852477387,2.168502181801286
pg_02735,cl_008,prune,"Stale, low-visibility, low-engagement — review for removal.",4.890678683966452,405.68398312388746,0.010358563920683492,19.800542757648813,2.1933157746297054
pg_03052,cl_045,rewrite,Under-performing and aging — needs a content refresh.,4.886298788763351,207.91818186672205,0.016467739527628526,21.974011750736814,1.963759365449566
pg_00602,cl_044,prune,"Stale, low-visibility, low-engagement — review for removal.",4.872931012012735,248.85555206367468,0.01959405553342084,31.767886078366686,2.4913084192933646
pg_01723,cl_043,rewrite,Under-performing and aging — needs a content refresh.,4.868518957657893,164.15340729815412,0.008899486308023834,25.0447405329098,1.0881781945583135
pg_02406,cl_022,rewrite,Under-performing and aging — needs a content refresh.,4.855437347077483,130.55429951033884,0.009855437244188824,15.928276151185663,2.846495815288325
pg_00913,cl_058,prune,"Stale, low-visibility, low-engagement — review for removal.",4.854010795401673,359.00318885110164,0.001,35.075196729290695,1.56060758379713
pg_02525,cl_019,rewrite,Under-performing and aging — needs a content refresh.,4.85370304770132,242.57353307866282,0.015988414550596495,12.497361692532676,1.916273974330722
pg_03210,cl_057,rewrite,Under-performing and aging — needs a content refresh.,4.853158378984813,243.47560931404774,0.007247652936659152,20.97151090736882,2.1356863687439707
pg_02723,cl_022,rewrite,Under-performing and aging — needs a content refresh.,4.852987779158237,162.88098706404432,0.009058570783696847,16.639872755680816,1.4906667906546966
pg_03595,cl_017,rewrite,Under-performing and aging — needs a content refresh.,4.848949917621623,167.36122198716356,0.0159592473599806,18.0473969650518,1.5321286875305518
pg_02242,cl_027,prune,"Stale, low-visibility, low-engagement — review for removal.",4.848274706818119,285.06159737961707,0.013551789219903531,30.395672873626676,1.0611432011599882
pg_01688,cl_056,rewrite,Under-performing and aging — needs a content refresh.,4.838686141061234,155.44603811933092,0.019235142290531297,20.490923322542596,0.7216717809349755
pg_02870,cl_016,rewrite,Under-performing and aging — needs a content refresh.,4.8380415526169385,183.59821785581332,0.022474569572421683,18.401080198444816,1.8905324218577013
pg_01612,cl_040,rewrite,Under-performing and aging — needs a content refresh.,4.8380130347880925,168.89505050664513,0.023788096053579455,18.88153076010775,0.7319115626904218
pg_01465,cl_006,prune,"Stale, low-visibility, low-engagement — review for removal.",4.8331379504215075,342.5714979093381,0.0010560892663230084,30.28353383765062,0.05
pg_00234,cl_029,prune,"Stale, low-visibility, low-engagement — review for removal.",4.823751499903899,259.10254952784055,0.011080424489667482,26.182346968441077,2.130320189943901
pg_03796,cl_041,prune,"Stale, low-visibility, low-engagement — review for removal.",4.821249688708982,239.12212659325854,0.02011240470429679,26.567773941150417,2.662005066372053
pg_03952,cl_043,rewrite,Under-performing and aging — needs a content refresh.,4.82110584023947,179.4830766395723,0.019420369383682388,12.73623785075627,2.122254075166861
pg_00353,cl_026,prune,"Stale, low-visibility, low-engagement — review for removal.",4.819004051490617,158.99442550968837,0.009101130593022002,28.809708905942514,1.797390712272952
pg_02568,cl_022,rewrite,Under-performing and aging — needs a content refresh.,4.818819190782357,171.63870722549635,0.008590745904873617,19.416148886216813,2.8353707785715363
pg_00987,cl_018,rewrite,Under-performing and aging — needs a content refresh.,4.817855458995907,179.65636931835854,0.001,9.526207501974033,2.0941305409071793
pg_00799,cl_026,prune,"Stale, low-visibility, low-engagement — review for removal.",4.816866317652794,389.25120388916434,0.00755665066355927,37.13643915015863,2.2665459129259196
pg_02832,cl_018,prune,"Stale, low-visibility, low-engagement — review for removal.",4.805395000963459,471.92141106382746,0.001,26.05714669036891,2.1618460000734503
pg_01163,cl_031,prune,"Stale, low-visibility, low-engagement — review for removal.",4.802861480930007,258.7504995351168,0.001,30.558843920897214,1.678823828920151
pg_03814,cl_022,rewrite,Under-performing and aging — needs a content refresh.,4.8023706551786285,122.27092624363827,0.004424552856973617,16.17303581958382,2.7668149863282343
pg_03616,cl_003,rewrite,Under-performing and aging — needs a content refresh.,4.799471254796725,287.4381132620617,0.016542748041976967,15.189732854773375,0.6577683235590557
pg_01504,cl_035,prune,"Stale, low-visibility, low-engagement — review for removal.",4.791021477950326,371.05954900319085,0.0051649238610355095,28.414340655202675,0.5147188502202279
pg_02841,cl_042,prune,"Stale, low-visibility, low-engagement — review for removal.",4.789391720595354,231.39922480162855,0.02638223060052627,26.26269393314527,2.802292228036424
pg_03549,cl_038,rewrite,Under-performing and aging — needs a content refresh.,4.789041425318086,124.43191428750089,0.013317048851912901,18.512198578645773,1.1520382669782405
pg_03199,cl_015,rewrite,Under-performing and aging — needs a content refresh.,4.786295074394565,150.4790228800694,0.02321789423933087,24.005678076181233,1.7963409414109697
pg_01151,cl_030,rewrite,Under-performing and aging — needs a content refresh.,4.777651773398875,147.90752156056334,0.02290423891296032,13.603605632527527,0.8964833801649734
pg_00677,cl_005,rewrite,Under-performing and aging — needs a content refresh.,4.767985896702217,304.14600670399966,0.0068202394276528425,14.2588864264648,0.8930536622638824
pg_00213,cl_026,rewrite,Under-performing and aging — needs a content refresh.,4.767402727387384,160.50698124551832,0.0035369909427133105,15.812133465079354,2.1996845048119535
pg_01194,cl_031,rewrite,Under-performing and aging — needs a content refresh.,4.766538884402295,153.91037958310753,0.03407439113917228,14.99274113636863,1.5016076941331147
pg_00498,cl_055,prune,"Stale, low-visibility, low-engagement — review for removal.",4.757816040310972,365.0370856943608,0.002030933451369421,31.380057507080593,1.5080411149308233
pg_01367,cl_027,rewrite,Under-performing and aging — needs a content refresh.,4.75465412975034,148.97077354870981,0.00393728101054416,17.559948130267337,1.0157252049211007
pg_02176,cl_006,rewrite,Under-performing and aging — needs a content refresh.,4.752569870660601,145.17606448248262,0.025838343081286668,10.427159979209122,1.353973304785646
pg_03353,cl_043,rewrite,Under-performing and aging — needs a content refresh.,4.751857729008634,145.8446581978669,0.020295255869820398,16.001351131277893,1.1928662992998633
pg_01205,cl_054,rewrite,Under-performing and aging — needs a content refresh.,4.750255912536223,220.39516936597312,0.022195618315979347,15.302301783118708,2.551927721308666
pg_00878,cl_032,rewrite,Under-performing and aging — needs a content refresh.,4.74606286623165,272.64734932921846,0.018972945655950223,14.615958491006522,1.8606343623789514
pg_01500,cl_031,rewrite,Under-performing and aging — needs a content refresh.,4.744757962850707,229.59589460355377,0.02392897326983421,21.029054005685595,1.8384410947155887
pg_01930,cl_005,rewrite,Under-performing and aging — needs a content refresh.,4.741226829485575,153.56994413520712,0.017437158637078117,8.47497670923091,0.8203694954182723
pg_02687,cl_033,rewrite,Under-performing and aging — needs a content refresh.,4.741049157574814,204.53700631674064,0.001,19.838304966386374,0.17653462019289012
pg_02824,cl_037,rewrite,Under-performing and aging — needs a content refresh.,4.739652597094015,190.66965337934295,0.026696001436820296,19.758488839578327,2.9602054248160963
pg_03167,cl_016,rewrite,Under-performing and aging — needs a content refresh.,4.735929052889419,353.25482166908307,0.006881031223738175,11.828983292796106,1.8318897727967998
pg_03260,cl_026,rewrite,Under-performing and aging — needs a content refresh.,4.73364144103279,128.97791884188047,0.020320375103118956,13.772559411620323,0.22650137698583195
pg_02588,cl_058,rewrite,Under-performing and aging — needs a content refresh.,4.730388861515537,183.0014309965008,0.015687568384071468,10.289019191402888,1.5278116696119255
pg_01422,cl_035,rewrite,Under-performing and aging — needs a content refresh.,4.726791092171918,178.3446738918807,0.01793627571670969,12.747008858712812,1.1906185236954665
pg_02189,cl_035,rewrite,Under-performing and aging — needs a content refresh.,4.726611911968314,154.02398272720555,0.013005699866803614,14.90239678156451,1.7618532115678234
pg_00211,cl_043,rewrite,Under-performing and aging — needs a content refresh.,4.7240548744028725,190.5882331913188,0.011562713284621454,22.006786181777745,3.1998614377830483
pg_03704,cl_056,prune,"Stale, low-visibility, low-engagement — review for removal.",4.722976977735455,226.57841164943997,0.001352670166026403,23.36218608611395,1.9264220615726493
pg_01546,cl_041,rewrite,Under-performing and aging — needs a content refresh.,4.718700760707501,209.18997712423953,0.019953100417074324,22.946484977167334,2.1203807376068915
pg_00592,cl_014,rewrite,Under-performing and aging — needs a content refresh.,4.717132331481393,138.08922996583652,0.01902540874486556,14.992054042856903,1.0313345839812504
pg_01545,cl_035,rewrite,Under-performing and aging — needs a content refresh.,4.7166847548905775,239.02422714813073,0.018660477974991783,12.705291558842543,1.9544247033451112
pg_02128,cl_003,prune,"Stale, low-visibility, low-engagement — review for removal.",4.7138652057197135,441.56051137325886,0.013756744311224346,34.96369887716716,0.05
pg_02075,cl_024,rewrite,Under-performing and aging — needs a content refresh.,4.700275614445129,248.31322903070833,0.017886257615664525,17.306099237162673,1.723148236218349
pg_03033,cl_006,rewrite,Under-performing and aging — needs a content refresh.,4.699672580360658,149.21915111422408,0.014161813011720982,19.704099940787085,2.130588334973887
pg_00369,cl_046,rewrite,Under-performing and aging — needs a content refresh.,4.694851673817043,190.90011530254787,0.004670207743014691,11.850277558708882,2.53365348041996
pg_00052,cl_021,rewrite,Under-performing and aging — needs a content refresh.,4.694727735475429,154.966222623661,0.0016785424430835437,21.977299374352018,2.2320400733310044
pg_00406,cl_026,rewrite,Under-performing and aging — needs a content refresh.,4.693937613624457,247.9173925239004,0.024623557113343644,16.94871124113286,1.8674753499006806
pg_03108,cl_054,rewrite,Under-performing and aging — needs a content refresh.,4.682731864904553,304.1016370411581,0.008856000653002367,16.366631769575008,0.7082926576632509
pg_00970,cl_017,rewrite,Under-performing and aging — needs a content refresh.,4.6815633945162665,147.9291926184048,0.017139090094946626,8.593137588075027,2.721364065057885
pg_00496,cl_007,rewrite,Under-performing and aging — needs a content refresh.,4.677005409412146,254.60081404779464,0.018954586487991414,10.51326625639866,2.4725144639974994
pg_00354,cl_058,rewrite,Under-performing and aging — needs a content refresh.,4.673780632559688,175.58955374234637,0.02652582578901392,13.261614985788116,1.6420646846482583
pg_01729,cl_006,prune,"Stale, low-visibility, low-engagement — review for removal.",4.6721432114929575,460.83863329185584,0.009452000824186041,37.16164663108992,1.5449937791476966
pg_03542,cl_005,rewrite,Under-performing and aging — needs a content refresh.,4.665320614258688,178.87339094002107,0.03351709105372455,8.742417442937416,0.8536121425071177
pg_02053,cl_056,rewrite,Under-performing and aging — needs a content refresh.,4.663190274219094,163.139551701799,0.011687987226037339,13.295298035035175,0.8693811323483964
pg_00436,cl_034,rewrite,Under-performing and aging — needs a content refresh.,4.65592213380216,113.3117265209199,0.008343386600942873,21.39123884579842,0.9930850228436049
pg_02586,cl_022,rewrite,Under-performing and aging — needs a content refresh.,4.65504054187501,220.1982660450264,0.001,22.246272856535718,1.6451890576202859
pg_02295,cl_048,rewrite,Under-performing and aging — needs a content refresh.,4.653610478336039,125.59512079536675,0.015286981090793936,19.993052817342058,2.8755234273993926
pg_00304,cl_032,rewrite,Under-performing and aging — needs a content refresh.,4.64877190356926,165.2609125267827,0.0183654422427598,24.137256484043277,2.831315065187345
pg_00448,cl_031,rewrite,Under-performing and aging — needs a content refresh.,4.643964929905817,145.3280173883724,0.014505128224390365,9.567837814215316,0.8347654449356428
pg_03054,cl_047,prune,"Stale, low-visibility, low-engagement — review for removal.",4.630513079255037,609.5603468157619,0.007811711093427773,26.309659588761964,1.8070938286918805
pg_03187,cl_024,rewrite,Under-performing and aging — needs a content refresh.,4.628474411221649,177.91057830942168,0.001,18.71429963674205,1.9675413017299526
pg_01375,cl_057,rewrite,Under-performing and aging — needs a content refresh.,4.627935948244909,155.3423105740253,0.01596948580923728,10.617851010445772,1.8128894463168288
pg_00976,cl_005,rewrite,Under-performing and aging — needs a content refresh.,4.620543180793743,108.25111840528506,0.001,15.651971360691014,0.24666863950927054
pg_03828,cl_040,rewrite,Under-performing and aging — needs a content refresh.,4.61900517872673,156.74144661645775,0.02206632632504221,21.61278028200067,0.5479720870510245
pg_01507,cl_028,prune,"Stale, low-visibility, low-engagement — review for removal.",4.616130254034705,368.321069874365,0.0031801710087042334,38.85842927283131,2.2042116304473574
pg_00859,cl_048,rewrite,Under-performing and aging — needs a content refresh.,4.610653738435526,164.8006088698854,0.020746678404813416,17.430647238023596,1.2455638442072572
pg_00857,cl_003,rewrite,Under-performing and aging — needs a content refresh.,4.606668443658312,178.83420143555188,0.01699824696651589,9.586072722803099,0.6917382947606889
pg_02071,cl_038,rewrite,Under-performing and aging — needs a content refresh.,4.600360170874715,126.41454662759219,0.0019031199709098924,2.6759176026370994,0.6098127046518916
pg_03190,cl_000,rewrite,Under-performing and aging — needs a content refresh.,4.598930276532197,182.23969788841703,0.024849962096923757,6.013184209585492,1.146243785373437
pg_03599,cl_037,rewrite,Under-performing and aging — needs a content refresh.,4.597042749582132,279.7359255701334,0.02116190129212721,19.95341187511245,1.7076545140810666
pg_03421,cl_047,rewrite,Under-performing and aging — needs a content refresh.,4.588037086335816,196.37041487530567,0.03682110651953414,12.519163826466997,0.8225278235700348
pg_01553,cl_037,prune,"Stale, low-visibility, low-engagement — review for removal.",4.577628311216038,267.04507279501627,0.03776539693442772,25.034487854929406,2.1503380751321215
pg_01069,cl_000,rewrite,Under-performing and aging — needs a content refresh.,4.5735581505545655,227.17762095236887,0.017481195591782964,22.68895769262526,2.6656601506333852
pg_02174,cl_013,prune,"Stale, low-visibility, low-engagement — review for removal.",4.568211652786168,372.3080111104934,0.001,24.07325034856919,0.7520475035742865
pg_00898,cl_004,rewrite,Under-performing and aging — needs a content refresh.,4.564365011150588,172.3792136186689,0.02671356974948126,12.309363717971245,1.2391163538118337
pg_02874,cl_023,rewrite,Under-performing and aging — needs a content refresh.,4.554303297419318,202.38325679214697,0.007167027494851029,11.395614486256049,2.6209047724068713
pg_02266,cl_041,rewrite,Under-performing and aging — needs a content refresh.,4.548050695137348,115.86774919847244,0.01184446311672481,20.503441257416096,1.6046261624784548
pg_03095,cl_045,rewrite,Under-performing and aging — needs a content refresh.,4.546771331504153,201.8834842191659,0.001,15.708966872525771,1.3908347650501005
pg_01249,cl_058,rewrite,Under-performing and aging — needs a content refresh.,4.541300210615343,151.652546845696,0.018516041890266996,19.025998089769708,2.1112280319149495
pg_02168,cl_056,prune,"Stale, low-visibility, low-engagement — review for removal.",4.530409666393288,293.04047688443154,0.008305532234724931,22.236560209029143,2.5683481431876762
pg_01228,cl_009,rewrite,Under-performing and aging — needs a content refresh.,4.526413438234092,126.55827973769554,0.029320668089761116,12.038449560945947,0.46589301092880575
pg_02797,cl_034,rewrite,Under-performing and aging — needs a content refresh.,4.521752164653465,192.1321134591703,0.007155644903252378,17.885211432756762,4.003140803881779
pg_03947,cl_022,rewrite,Under-performing and aging — needs a content refresh.,4.519950233151223,155.79495914544452,0.014756651314003586,9.326121364579855,1.1111260328925046
pg_03382,cl_057,prune,"Stale, low-visibility, low-engagement — review for removal.",4.507966106810837,205.64103121204465,0.001,27.157237378677067,2.3954966784085228
pg_03073,cl_046,rewrite,Under-performing and aging — needs a content refresh.,4.506567047128812,124.34452975564407,0.00898901857037827,21.79731600554434,1.7263972386173736
pg_03024,cl_022,rewrite,Under-performing and aging — needs a content refresh.,4.505594118705606,129.13312934746693,0.022948393612153506,14.000248818441456,1.0598652540670173
pg_03429,cl_018,rewrite,Under-performing and aging — needs a content refresh.,4.49927497621636,155.2925518011878,0.0171507055741669,15.408713233471078,1.155880356156214
pg_02114,cl_044,prune,"Stale, low-visibility, low-engagement — review for removal.",4.4954715323500585,257.0732804971648,0.01575244893145169,27.013836305957046,1.9243104139644156
pg_00611,cl_027,prune,"Stale, low-visibility, low-engagement — review for removal.",4.494823427797789,272.7838111218075,0.00751236731266064,25.942466854953217,1.5050203519538714
pg_02201,cl_000,prune,"Stale, low-visibility, low-engagement — review for removal.",4.49314011376234,243.60239708666728,0.006310960133140967,39.64937361627872,1.5938608010120983
pg_01043,cl_022,rewrite,Under-performing and aging — needs a content refresh.,4.493135944332038,175.1284703531854,0.001,12.747235019642382,1.437078531334727
pg_00782,cl_007,rewrite,Under-performing and aging — needs a content refresh.,4.489434526955818,149.46835511119897,0.001,12.206574159709511,1.570318189430902
pg_00796,cl_058,rewrite,Under-performing and aging — needs a content refresh.,4.488588353968643,154.1612824494075,0.054359276159845205,15.677282834103519,0.7059214247350736
pg_00437,cl_055,rewrite,Under-performing and aging — needs a content refresh.,4.487982630902647,116.74459182071132,0.015948948282694102,18.719862957830358,0.790048596743184
pg_03491,cl_038,rewrite,Under-performing and aging — needs a content refresh.,4.485900073690138,111.23350790001369,0.001,14.18148643584295,0.5696594045341818
pg_01287,cl_014,rewrite,Under-performing and aging — needs a content refresh.,4.481188684057397,245.08672577758466,0.02479517600887196,13.711888259196844,1.5380170510169653
pg_02817,cl_052,rewrite,Under-performing and aging — needs a content refresh.,4.4756822783589945,236.4279478927023,0.015206981902624256,19.01279197855739,1.5307865685214903
pg_02707,cl_018,rewrite,Under-performing and aging — needs a content refresh.,4.456394802677248,135.219612975474,0.027103504324929445,14.530617504676446,2.4270728132599486
pg_03949,cl_010,rewrite,Under-performing and aging — needs a content refresh.,4.45560501431339,126.506806102421,0.01733121552157977,23.986057544082776,1.2377013730671251
pg_02603,cl_033,rewrite,Under-performing and aging — needs a content refresh.,4.453022172590248,160.85742369073105,0.001,14.70514326876437,0.851034178163005
pg_02131,cl_058,rewrite,Under-performing and aging — needs a content refresh.,4.4512168975474475,165.89369690965444,0.011567596754124491,8.438859760231377,0.9442779591377031
pg_01430,cl_028,rewrite,Under-performing and aging — needs a content refresh.,4.450845248412061,121.04668970447615,0.032527084424166144,21.964854424891964,2.5112978861227013
pg_00006,cl_005,rewrite,Under-performing and aging — needs a content refresh.,4.433079015983184,242.08879331190442,0.03474891085357358,22.48597209016531,1.8121604847084654
pg_03519,cl_055,rewrite,Under-performing and aging — needs a content refresh.,4.431834126051683,220.76943261780067,0.043086545167267884,13.559036074253816,1.207942869400213
pg_03434,cl_014,prune,"Stale, low-visibility, low-engagement — review for removal.",4.426947292377855,444.2389833185448,0.007151134827604473,42.65919642153169,1.5493583327336993
pg_01895,cl_051,rewrite,Under-performing and aging — needs a content refresh.,4.425876346533426,120.91593841897858,0.031479675541882246,22.97096289435907,1.3660283016672357
pg_03955,cl_056,rewrite,Under-performing and aging — needs a content refresh.,4.423669635269962,150.94267072405785,0.013871042288298554,14.363113039569656,0.679492826168822
pg_03321,cl_009,rewrite,Under-performing and aging — needs a content refresh.,4.423268431717268,127.1016479418816,0.019529613407442005,16.380520651595244,1.5770162036364832
pg_03683,cl_034,rewrite,Under-performing and aging — needs a content refresh.,4.419462027244702,150.82951701823742,0.014808644475585494,11.209660544975186,1.5575372010691857
pg_03158,cl_040,rewrite,Under-performing and aging — needs a content refresh.,4.41597800580568,198.37239459118405,0.017270904933788595,14.895341909233437,1.249725729046614
pg_00417,cl_007,rewrite,Under-performing and aging — needs a content refresh.,4.413810292306673,200.97822281261,0.008468070937708471,10.509273077923384,3.2418936053299783
pg_01481,cl_000,prune,"Stale, low-visibility, low-engagement — review for removal.",4.402479232927533,244.6255088301293,0.010850569371105599,34.11955277657526,0.9808813531004046
pg_01810,cl_014,rewrite,Under-performing and aging — needs a content refresh.,4.398612122244037,206.82637990456033,0.015285817695494447,20.737687224399203,3.3014407060050805
pg_01483,cl_006,rewrite,Under-performing and aging — needs a content refresh.,4.397778913778457,140.49337677257444,0.02276702233709778,24.38398594847238,1.9781116079644179
pg_01937,cl_033,rewrite,Under-performing and aging — needs a content refresh.,4.396250607712898,115.72341489460972,0.001,7.554957848018662,0.8422993579266428
pg_03028,cl_013,rewrite,Under-performing and aging — needs a content refresh.,4.3960127910603735,116.45883992257319,0.02158220486286794,8.833480543917066,1.1352308757882783
pg_02976,cl_029,rewrite,Under-performing and aging — needs a content refresh.,4.391496806662114,115.18335188938796,0.015612532502562792,20.612274306047503,2.0540870390225647
pg_01297,cl_040,rewrite,Under-performing and aging — needs a content refresh.,4.384054410892595,135.83820228221737,0.009376789280113085,18.830105254483183,2.899299587963291
pg_00668,cl_055,rewrite,Under-performing and aging — needs a content refresh.,4.377834305672923,124.01337159348465,0.014240060977662268,15.302075211357074,1.8114583349698368
pg_03478,cl_024,rewrite,Under-performing and aging — needs a content refresh.,4.371380174689047,157.6141847846082,0.03958281479185577,17.341072318519736,0.6011635068371949
pg_00719,cl_035,rewrite,Under-performing and aging — needs a content refresh.,4.370732467594932,186.5998984653949,0.02053540504971095,20.16091812330121,2.006478249079087
pg_03622,cl_019,rewrite,Under-performing and aging — needs a content refresh.,4.35581865864312,140.80438382499307,0.014460389297657139,13.76656255809388,0.860780785235383
pg_03520,cl_049,rewrite,Under-performing and aging — needs a content refresh.,4.353989820469776,220.31198830284285,0.011514005115916014,18.59815749552933,1.9675188518220323
pg_02342,cl_032,rewrite,Under-performing and aging — needs a content refresh.,4.353379667818813,132.78925128853024,0.006532037381531101,16.57297130627369,1.7182119048042728
pg_00473,cl_028,rewrite,Under-performing and aging — needs a content refresh.,4.349033840115336,238.68576242800387,0.012169628191290163,20.62660484026526,2.178979326660963
pg_02395,cl_039,rewrite,Under-performing and aging — needs a content refresh.,4.347565851332728,135.46429450792323,0.014435705708036603,10.352308905951148,1.4465347399465447
pg_00983,cl_038,rewrite,Under-performing and aging — needs a content refresh.,4.333626993896521,116.95765018794225,0.01802326117318098,16.319239376192833,1.0080067608734022
pg_01303,cl_053,rewrite,Under-performing and aging — needs a content refresh.,4.332956970205674,99.19732612993704,0.001,19.683754062635348,3.7196748283667422
pg_02882,cl_033,rewrite,Under-performing and aging — needs a content refresh.,4.332692243581255,105.46573077694256,0.006993825057242536,12.001375207660177,1.1318620193871987
pg_02057,cl_044,rewrite,Under-performing and aging — needs a content refresh.,4.331892722998386,133.49435491112865,0.006968735304528649,8.251892964559545,3.5049909665373873
pg_02434,cl_027,rewrite,Under-performing and aging — needs a content refresh.,4.3260767137884155,114.8033128008397,0.016643597348494826,17.164562553976943,0.7747291350716791
pg_01077,cl_009,rewrite,Under-performing and aging — needs a content refresh.,4.32309900633713,117.30515811078605,0.01940372367609586,12.211876169491495,0.6907222169444939
pg_02746,cl_013,rewrite,Under-performing and aging — needs a content refresh.,4.316387883498658,273.066178333075,0.005784163763297056,9.70329199932404,3.196235735351218
pg_01905,cl_014,rewrite,Under-performing and aging — needs a content refresh.,4.316069956217575,132.81783059139352,0.009431430009167505,19.176641295668613,1.3777649225908153
pg_00732,cl_055,rewrite,Under-performing and aging — needs a content refresh.,4.315966077404954,126.03311117752013,0.03019885075110083,23.064281040742756,2.2804703094905396
pg_00654,cl_033,rewrite,Under-performing and aging — needs a content refresh.,4.312348982446086,142.75655121306426,0.01529724661829022,16.86832283483933,2.0767063674200514
pg_02424,cl_020,rewrite,Under-performing and aging — needs a content refresh.,4.309592168693878,120.38032363661273,0.007064413001853049,9.888033169589487,0.45963260921122917
pg_03605,cl_008,rewrite,Under-performing and aging — needs a content refresh.,4.306361409913695,158.47224549740866,0.023686680157067187,13.459722872113925,2.233442963305112
pg_02452,cl_005,rewrite,Under-performing and aging — needs a content refresh.,4.296021998376032,118.54895885936173,0.01225611464317241,9.167297257275324,1.5067696262546701
pg_00111,cl_046,rewrite,Under-performing and aging — needs a content refresh.,4.290590094005168,114.29098234382813,0.011538379313653016,24.323899235250174,0.8424435828595189
pg_00530,cl_035,rewrite,Under-performing and aging — needs a content refresh.,4.2893068593955395,120.29463751401491,0.01146807823723155,15.432009736776505,1.0585158184434071
pg_03018,cl_035,rewrite,Under-performing and aging — needs a content refresh.,4.288900316764807,110.8535846730675,0.012248792763862188,10.478351441894857,1.6782748036299484
pg_00739,cl_053,rewrite,Under-performing and aging — needs a content refresh.,4.285686853330567,113.10598110985687,0.005110724760646373,16.99139741677269,1.1679987000279968
pg_02516,cl_041,rewrite,Under-performing and aging — needs a content refresh.,4.285510585480864,165.7970874897748,0.018346523779653078,15.872464029011859,0.8535271945570699
pg_00856,cl_014,rewrite,Under-performing and aging — needs a content refresh.,4.280083963853443,118.24629475900156,0.00965234059449414,17.05748918537175,0.9988380265610419
pg_01229,cl_017,rewrite,Under-performing and aging — needs a content refresh.,4.275121861002659,249.59381047496623,0.012939763153840553,11.962362941328161,2.40043354350387
pg_01066,cl_055,rewrite,Under-performing and aging — needs a content refresh.,4.27169245327878,184.5072328750515,0.021829467931383253,24.165301374113863,3.1044337526182746
pg_00801,cl_018,rewrite,Under-performing and aging — needs a content refresh.,4.270677627413835,274.283749009384,0.030128866747535357,9.657820038857288,1.2742535075191461
pg_01832,cl_035,rewrite,Under-performing and aging — needs a content refresh.,4.268449281025654,143.73119353860648,0.02671303632116414,17.955238301138895,1.9615901185986173
pg_02134,cl_026,rewrite,Under-performing and aging — needs a content refresh.,4.268017011095994,162.10170051473997,0.016786619826967886,25.340232643080313,1.9521418550173486
pg_03782,cl_006,rewrite,Under-performing and aging — needs a content refresh.,4.2670834889041505,209.3382988031998,0.001,9.292385214658196,3.8658453077647073
pg_03441,cl_001,prune,"Stale, low-visibility, low-engagement — review for removal.",4.2624372139087985,461.10221118657637,0.0023772714803697646,28.398452451841226,1.5421459564251077
pg_03011,cl_030,rewrite,Under-performing and aging — needs a content refresh.,4.262013905526129,113.16076137311919,0.001,10.492878837932837,3.396616684558774
pg_02949,cl_031,prune,"Stale, low-visibility, low-engagement — review for removal.",4.260902029228533,425.0776470437367,0.010692277301162855,39.06552783073512,2.398009497725491
pg_01677,cl_025,rewrite,Under-performing and aging — needs a content refresh.,4.256787878787898,129.6684488953282,0.024169012390838393,15.027448171628496,0.5193878830812281
pg_00683,cl_057,rewrite,Under-performing and aging — needs a content refresh.,4.252954079629828,114.34115625520461,0.018252804698938613,14.089628963956349,1.2160523867832895
pg_02814,cl_011,rewrite,Under-performing and aging — needs a content refresh.,4.247504068714906,185.75669606133263,0.00795564520598336,15.064648983480282,1.3288684287873482
pg_03620,cl_059,rewrite,Under-performing and aging — needs a content refresh.,4.242979184925577,239.76545334248084,0.011880417901257309,8.062196836061597,1.6338704913928614
pg_03470,cl_013,rewrite,Under-performing and aging — needs a content refresh.,4.235864603936338,105.7269548712849,0.017302843637251073,11.986166323689977,0.7319637229499824
pg_02325,cl_049,rewrite,Under-performing and aging — needs a content refresh.,4.234616890541113,299.4990612192516,0.015231663563098274,15.469233746257007,1.5705935201142922
pg_00568,cl_038,rewrite,Under-performing and aging — needs a content refresh.,4.231351600229478,145.78937166036184,0.02649349114224157,9.801700693860175,1.2704487741200299
pg_02934,cl_048,rewrite,Under-performing and aging — needs a content refresh.,4.229511466105582,127.34436657561379,0.018085094691457908,17.62326154113347,1.2724126174257047
pg_02154,cl_042,rewrite,Under-performing and aging — needs a content refresh.,4.222324544457499,113.64894024773118,0.031376619516033565,19.38364499492856,0.7628549082881307
pg_03572,cl_041,rewrite,Under-performing and aging — needs a content refresh.,4.218844626005853,189.96622340654446,0.018299655735312295,9.20514021877824,3.086119306327533
pg_03395,cl_047,rewrite,Under-performing and aging — needs a content refresh.,4.213648593516751,242.49970921646292,0.027860846842143107,10.303946912427417,0.9217792146955257
pg_01730,cl_046,rewrite,Under-performing and aging — needs a content refresh.,4.211857185467953,164.5027170024365,0.042699591869458216,3.571197473202809,1.8023608457488105
pg_03644,cl_057,rewrite,Under-performing and aging — needs a content refresh.,4.207613121687258,126.71529139301569,0.033659842751296846,18.958752978033665,0.44779027697399854
pg_00633,cl_022,rewrite,Under-performing and aging — needs a content refresh.,4.206037016180768,139.34046784840382,0.016141218872447544,11.312844400090098,1.1994633638484007
pg_01624,cl_033,rewrite,Under-performing and aging — needs a content refresh.,4.201000949170274,139.97930109155993,0.01656099409220755,14.735877066535322,1.0944032513680697
pg_01059,cl_018,rewrite,Under-performing and aging — needs a content refresh.,4.186530914000838,136.13313980027863,0.031532669147890637,6.290010024732384,0.6868497249521212
pg_01622,cl_055,rewrite,Under-performing and aging — needs a content refresh.,4.185979774328629,148.85276718293994,0.012278111005687162,11.63798571040979,2.2456423256365228
pg_02203,cl_020,rewrite,Under-performing and aging — needs a content refresh.,4.184957756040011,117.13343779052701,0.0032127558532136988,15.536535703377856,1.056414714229421
pg_03741,cl_018,rewrite,Under-performing and aging — needs a content refresh.,4.173523551617381,116.50806763720972,0.012196693558002361,10.827887402673007,1.2175825099212443
pg_01769,cl_011,rewrite,Under-performing and aging — needs a content refresh.,4.16679784099954,155.00949542168584,0.004464427382201763,14.231607639307756,0.8926194543083513
pg_02419,cl_025,rewrite,Under-performing and aging — needs a content refresh.,4.162867010414917,142.03799924557137,0.023063224260288617,14.215370748017925,0.5960796067955183
pg_03773,cl_007,rewrite,Under-performing and aging — needs a content refresh.,4.157694253006869,135.14813143690156,0.01996806569190573,5.427453879659062,0.9190182544883927
pg_02501,cl_005,rewrite,Under-performing and aging — needs a content refresh.,4.155964049570582,122.00122802367555,0.02741224524059651,15.618966507128246,2.8761419571283087
pg_02803,cl_003,rewrite,Under-performing and aging — needs a content refresh.,4.15418189638606,167.12223693762618,0.010726699132770388,27.368108913488733,2.8899582906129426
pg_00134,cl_047,rewrite,Under-performing and aging — needs a content refresh.,4.140982926789353,158.3194421262095,0.0222166195980949,23.418653903036873,1.234085819140486
pg_03258,cl_033,rewrite,Under-performing and aging — needs a content refresh.,4.135547669901771,256.3408534018202,0.024810280981395948,24.017850230100795,3.2954092492194142
pg_01344,cl_011,rewrite,Under-performing and aging — needs a content refresh.,4.130170524883934,110.67808898374481,0.01644747047167412,16.499380066018784,0.8997747627450576
pg_00934,cl_026,rewrite,Under-performing and aging — needs a content refresh.,4.127716311516387,101.11921546871937,0.0029255577533750486,13.83058824737154,1.2627534044961568
pg_00968,cl_055,rewrite,Under-performing and aging — needs a content refresh.,4.12481204294116,114.65008712965292,0.005105060976689129,25.30330787580364,0.8018651323925221
pg_01845,cl_037,rewrite,Under-performing and aging — needs a content refresh.,4.122848883400399,176.1900228480609,0.015134284154320509,15.35620950741999,2.915397006516497
pg_00053,cl_028,rewrite,Under-performing and aging — needs a content refresh.,4.1223050234317675,92.38488189274348,0.001,18.221907434474474,2.426873595015733
pg_01182,cl_041,rewrite,Under-performing and aging — needs a content refresh.,4.122048149551501,113.89048806645687,0.019946931335452563,24.437311319242358,2.461179311864702
pg_01293,cl_000,rewrite,Under-performing and aging — needs a content refresh.,4.120654719404063,175.46193294196857,0.029325432769938292,18.08673009016777,1.0069086531355445
pg_01665,cl_023,rewrite,Under-performing and aging — needs a content refresh.,4.117923147178282,153.25099310657737,0.022937323297297772,16.639080026655225,1.9073376797064796
pg_01048,cl_040,rewrite,Under-performing and aging — needs a content refresh.,4.115936586820128,120.10987466213376,0.05039935833072038,6.6790964814357565,2.0029538472832034
pg_01889,cl_026,rewrite,Under-performing and aging — needs a content refresh.,4.115031008147433,120.75757756833202,0.03267717906945437,8.991582442524676,0.5439820613845057
pg_00163,cl_024,rewrite,Under-performing and aging — needs a content refresh.,4.111482740847968,104.34873185699519,0.001,12.263667542692684,1.2936224751088203
pg_03920,cl_056,rewrite,Under-performing and aging — needs a content refresh.,4.109933529709294,276.05814466191856,0.01994669717874219,18.808486957993892,3.0112199279776988
pg_03432,cl_012,rewrite,Under-performing and aging — needs a content refresh.,4.104916285614386,138.15466217359352,0.028373860884208124,5.616676174828553,0.631045282966133
pg_00989,cl_047,rewrite,Under-performing and aging — needs a content refresh.,4.103669737977496,109.0643912500013,0.009269306729376856,12.239681312998005,0.47146064586953174
pg_03123,cl_036,rewrite,Under-performing and aging — needs a content refresh.,4.100368767426166,212.430157117059,0.019293197324265748,23.5082503358258,2.2751242884555922
pg_02393,cl_013,rewrite,Under-performing and aging — needs a content refresh.,4.095440313501662,108.10035807203246,0.027181756226947393,13.307335190670239,1.2085404198378458
pg_02508,cl_024,prune,"Stale, low-visibility, low-engagement — review for removal.",4.095283077305713,314.09476948647057,0.001,28.504218371835712,1.0388648195387393
pg_00894,cl_044,rewrite,Under-performing and aging — needs a content refresh.,4.086912167409747,119.78516636088884,0.05429752347220799,9.60124188045012,1.7803462760375852
pg_03862,cl_014,rewrite,Under-performing and aging — needs a content refresh.,4.077411555115514,115.33239760253372,0.03686425675935259,16.952595665332137,0.8336556585023431
pg_03763,cl_038,rewrite,Under-performing and aging — needs a content refresh.,4.0750178034460225,138.72539856961274,0.027558952722309925,7.587047432947191,1.7051591485794548
pg_03235,cl_034,rewrite,Under-performing and aging — needs a content refresh.,4.069666308268901,150.246407901583,0.015925664289908912,12.201263269283583,1.5016559480560976
pg_00110,cl_016,rewrite,Under-performing and aging — needs a content refresh.,4.058248662519195,205.71929662720726,0.00420423279662748,22.95380867283928,3.678008491235654
pg_01558,cl_059,rewrite,Under-performing and aging — needs a content refresh.,4.055302352798541,135.5394773119668,0.03390546253689347,10.879421663424049,1.035561134486173
pg_03765,cl_024,rewrite,Under-performing and aging — needs a content refresh.,4.053668629813297,115.70127936853416,0.017721580298254318,12.577286773070158,0.647773670396971
pg_01323,cl_053,rewrite,Under-performing and aging — needs a content refresh.,4.051987330705092,255.63171984802935,0.005526027817811382,20.37471755311401,1.2446109000420844
pg_01516,cl_028,rewrite,Under-performing and aging — needs a content refresh.,4.045847824572465,114.37190453262765,0.01720765754626982,12.31042756316907,0.6116243107694401
pg_01732,cl_041,rewrite,Under-performing and aging — needs a content refresh.,4.044263673161042,101.8919008280324,0.012129041390507052,15.884603253320355,0.9610480329851597
pg_00356,cl_009,rewrite,Under-performing and aging — needs a content refresh.,4.034594826874128,196.21204707720946,0.03039851486530245,14.969065261829332,2.840980778980741
pg_01857,cl_035,rewrite,Under-performing and aging — needs a content refresh.,4.033542736977332,94.61899534468375,0.0026565442950254,16.178241650561862,2.8636550279201938
pg_00716,cl_031,rewrite,Under-performing and aging — needs a content refresh.,4.028658043113726,298.6563009931864,0.008376522113201036,19.59236706387196,1.0513038158040504
pg_02918,cl_050,rewrite,Under-performing and aging — needs a content refresh.,4.023292012732241,132.36785617941467,0.023703966738856302,5.348005705166298,3.1524255278700246
pg_00467,cl_035,rewrite,Under-performing and aging — needs a content refresh.,4.015983856119339,108.29314826592577,0.018713057614552973,10.189953727625973,0.6120527908756235
pg_00815,cl_050,rewrite,Under-performing and aging — needs a content refresh.,4.0151517403206665,181.16928694603,0.01970269905864485,12.850819268255098,2.3274053988902894
pg_00388,cl_053,prune,"Stale, low-visibility, low-engagement — review for removal.",4.014303735784068,242.48060816385367,0.001,28.175078546274882,1.0485990975199089
pg_00454,cl_035,rewrite,Under-performing and aging — needs a content refresh.,4.005593551286557,103.8845617129746,0.012501049686196634,12.85161276721773,1.2128930745059658
pg_01657,cl_052,prune,"Stale, low-visibility, low-engagement — review for removal.",4.005201882759362,347.99984382593163,0.00827421915960502,20.476369997927478,2.208108326081081
pg_02969,cl_038,rewrite,Under-performing and aging — needs a content refresh.,3.9995291898887557,108.42670851753513,0.03528758169376282,16.83226212804054,1.1208469300542478
pg_01789,cl_045,prune,"Stale, low-visibility, low-engagement — review for removal.",3.996610982739382,407.42986347582865,0.00526622796174488,23.438546885129274,1.8407846752945984
pg_01060,cl_046,rewrite,Under-performing and aging — needs a content refresh.,3.9937686535280217,111.56237093782778,0.002804639091342164,15.178251375311243,0.2378784921740772
pg_01774,cl_046,prune,"Stale, low-visibility, low-engagement — review for removal.",3.993183843654946,386.7262249007013,0.007769856481106662,24.65930639323059,1.2191080964118688
pg_00523,cl_049,rewrite,Under-performing and aging — needs a content refresh.,3.9881117222586115,104.19823541878917,0.003329270874766699,13.441560406136881,1.133897962757117
pg_01714,cl_038,rewrite,Under-performing and aging — needs a content refresh.,3.9865299790120208,119.91905244927108,0.0402904362729278,2.4968635356913786,2.1456877463488584
pg_02467,cl_040,rewrite,Under-performing and aging — needs a content refresh.,3.9795977001305696,142.22951363360562,0.021881222436058223,12.972355289877695,0.6339494736892499
pg_03918,cl_003,rewrite,Under-performing and aging — needs a content refresh.,3.975195141563947,133.55808901885575,0.001310538342609302,6.734549900450567,4.495483534225871
pg_00425,cl_011,prune,"Stale, low-visibility, low-engagement — review for removal.",3.973719987685195,327.2959853219656,0.003584591916520596,26.062265174595137,0.6251216630166808
pg_01529,cl_055,rewrite,Under-performing and aging — needs a content refresh.,3.9733539091248073,112.80832249690926,0.001,22.59138060696162,3.2160982534810625
pg_03473,cl_053,rewrite,Under-performing and aging — needs a content refresh.,3.97037646356598,115.90835035059104,0.05517327158617985,10.311703631595517,1.8455701924340744
pg_02362,cl_057,rewrite,Under-performing and aging — needs a content refresh.,3.9700569263588594,177.01856692997706,0.023751444293071102,11.134074439517843,0.8913838245977679
pg_01047,cl_036,rewrite,Under-performing and aging — needs a content refresh.,3.96829873830602,115.90474079804876,0.01809047237128494,9.276839868719975,0.9956790442266652
pg_02573,cl_023,rewrite,Under-performing and aging — needs a content refresh.,3.9610241830635475,100.98906413076546,0.016164831666859933,4.898629402465405,0.4821867627497386
pg_00509,cl_014,rewrite,Under-performing and aging — needs a content refresh.,3.9606414107317542,111.36977506608716,0.04038773688817886,11.895177444823458,1.3383936719027167
pg_00671,cl_036,rewrite,Under-performing and aging — needs a content refresh.,3.955848113032755,190.98470143461057,0.036813757938785364,18.481306248844863,3.4586895781603033
pg_02812,cl_011,rewrite,Under-performing and aging — needs a content refresh.,3.9529091417332967,212.18995238819593,0.03049652719718958,15.450255933109661,1.7448584789363721
pg_02864,cl_005,rewrite,Under-performing and aging — needs a content refresh.,3.952815162630767,104.15869847024236,0.03287741782890044,13.4041161041691,0.26831558891441043
pg_01129,cl_038,rewrite,Under-performing and aging — needs a content refresh.,3.948112132294203,117.33752402951538,0.02284613451372417,3.7317742012704755,2.829335452542025
pg_02938,cl_054,rewrite,Under-performing and aging — needs a content refresh.,3.946248558430727,115.69732312822849,0.0058508401119178495,12.566681548776444,1.646500694373103
pg_02063,cl_043,rewrite,Under-performing and aging — needs a content refresh.,3.9449396171511943,122.02666160718313,0.02402198915996532,11.799723562744635,0.9617871563985441
pg_00550,cl_048,rewrite,Under-performing and aging — needs a content refresh.,3.9429644823664987,296.6184196450098,0.020439072025914128,19.642921707618214,1.4930943320438834
pg_01938,cl_057,rewrite,Under-performing and aging — needs a content refresh.,3.9378483732871064,153.93646412522708,0.023141305654332464,11.449895192105231,1.5989565373197696
pg_01731,cl_054,rewrite,Under-performing and aging — needs a content refresh.,3.9326521305599678,134.22023190367028,0.04846694160306391,10.636229992216368,2.848971344090796
pg_02297,cl_029,rewrite,Under-performing and aging — needs a content refresh.,3.9294983238477688,117.10100495463995,0.011452954973604395,15.118829633539853,1.0780199920780313
pg_03066,cl_049,rewrite,Under-performing and aging — needs a content refresh.,3.9281757361929,108.42358252007327,0.009530850901621549,21.073389566361115,1.0546087130473722
pg_03907,cl_058,rewrite,Under-performing and aging — needs a content refresh.,3.9264543313216307,189.78747557801734,0.019299348502063985,11.358849851525186,0.5819306820383136
pg_02136,cl_032,rewrite,Under-performing and aging — needs a content refresh.,3.9204734710410034,248.51937237272733,0.021910374027783258,18.177510827366522,1.9514557466325733
pg_00150,cl_051,rewrite,Under-performing and aging — needs a content refresh.,3.9088579403440695,108.95006459144021,0.02755821504188372,14.31184558984016,0.5057016085736192
pg_02309,cl_032,rewrite,Under-performing and aging — needs a content refresh.,3.9009603924625917,102.2227610126182,0.022938035607595123,16.21801633657643,1.7861115778603134
pg_00875,cl_030,rewrite,Under-performing and aging — needs a content refresh.,3.896634982687892,133.9772647660775,0.03006077274738981,2.7939691383425167,0.4000340145205822
pg_02840,cl_026,rewrite,Under-performing and aging — needs a content refresh.,3.8958481707091437,121.15813828581302,0.01025246998053004,15.35833169325412,3.2492290432003834
pg_03023,cl_011,rewrite,Under-performing and aging — needs a content refresh.,3.8940757210108035,239.8052145478433,0.039054930190983064,23.432527461335226,1.1300670164222897
pg_03984,cl_051,rewrite,Under-performing and aging — needs a content refresh.,3.8805385442075684,103.20600564337022,0.001,13.947490943022874,0.5672885798990794
pg_00400,cl_059,rewrite,Under-performing and aging — needs a content refresh.,3.875116751672766,161.97073395543242,0.01200856166971528,14.480643733516175,1.1780850840988077
pg_00614,cl_041,rewrite,Under-performing and aging — needs a content refresh.,3.8706122563814955,110.38515909456933,0.04792830225322497,11.090755987358884,1.1282297766689915
pg_03996,cl_001,rewrite,Under-performing and aging — needs a content refresh.,3.8704034867294164,105.63650387610427,0.01901468382765547,16.774488918684334,0.7035622841633736
pg_03600,cl_026,rewrite,Under-performing and aging — needs a content refresh.,3.86793610084021,114.7557848945972,0.019571285904119988,5.757858418551658,1.739555309909779
pg_00681,cl_008,rewrite,Under-performing and aging — needs a content refresh.,3.8633593989255557,107.98976622661074,0.03569718143034239,12.82013598964001,0.8075500017419848
pg_02263,cl_030,prune,"Stale, low-visibility, low-engagement — review for removal.",3.8629390353741484,429.8251601666273,0.002550413649665943,26.333563041325135,1.6708056391790391
pg_02986,cl_044,rewrite,Under-performing and aging — needs a content refresh.,3.8623659704095044,96.34788913272916,0.001,11.817725441812117,1.44194022207289
pg_03189,cl_050,rewrite,Under-performing and aging — needs a content refresh.,3.858573186518283,89.71675890843969,0.005680407220128365,17.72297431226173,1.5528533752803604
pg_00054,cl_029,rewrite,Under-performing and aging — needs a content refresh.,3.8534194330174483,111.29531889847394,0.018261377790230262,6.562796524330389,0.09857530874518505
pg_02721,cl_040,rewrite,Under-performing and aging — needs a content refresh.,3.8432103789053977,223.7771761129612,0.027287080639742344,15.248625844878891,2.7711379540365115
pg_00686,cl_024,rewrite,Under-performing and aging — needs a content refresh.,3.840685963623874,105.1175549063986,0.01991267537890637,7.96390616638579,0.724905001561994
pg_02946,cl_035,rewrite,Under-performing and aging — needs a content refresh.,3.834648273233654,111.1399405444462,0.024357524435840782,13.982601602623948,0.43516012336638654
pg_01981,cl_037,rewrite,Under-performing and aging — needs a content refresh.,3.8219888409378773,174.93064787793674,0.01770063811582624,19.95612081703366,1.2029548869792261
pg_01159,cl_020,rewrite,Under-performing and aging — needs a content refresh.,3.8086840723521043,112.78823328275259,0.01248926594343341,10.504929897081777,1.0733304613739176
pg_01562,cl_014,rewrite,Under-performing and aging — needs a content refresh.,3.8001881982000345,128.40387806914828,0.026458569886995156,11.804210728174505,2.9202241100466635
pg_00471,cl_048,rewrite,Under-performing and aging — needs a content refresh.,3.7994786161312577,115.62728955955474,0.06244590612116752,4.806358084152236,2.0964027246877794
pg_01347,cl_042,rewrite,Under-performing and aging — needs a content refresh.,3.7982668595046425,104.45093929808058,0.03152292491749911,16.126472803213495,1.452015978515788
pg_00995,cl_037,rewrite,Under-performing and aging — needs a content refresh.,3.7940629697721495,116.75121049077683,0.02039734517256351,14.520510564249797,2.5976985905838204
pg_01812,cl_040,rewrite,Under-performing and aging — needs a content refresh.,3.7938528792260864,167.8547584313552,0.02366836977161347,24.987100760812844,0.7647401872166606
pg_01829,cl_058,rewrite,Under-performing and aging — needs a content refresh.,3.7923153675012955,107.54705394066775,0.009977962354226407,10.860413443974052,0.7813979990783886
pg_00647,cl_032,prune,"Stale, low-visibility, low-engagement — review for removal.",3.7842907218552506,495.9091200532039,0.0029619031789089416,21.762999421140723,1.8028880582424502
pg_01319,cl_023,rewrite,Under-performing and aging — needs a content refresh.,3.783412529310803,113.3076138567846,0.046121951244635646,7.896830137573201,1.1215586827403807
pg_03906,cl_042,rewrite,Under-performing and aging — needs a content refresh.,3.783402746471219,155.01422989880265,0.0307645217088882,9.676119080275914,0.6276743221019241
pg_03245,cl_048,rewrite,Under-performing and aging — needs a content refresh.,3.7728977236349914,153.27282976112056,0.02030096952609888,18.565488418937683,1.6283018448248407
pg_00832,cl_027,rewrite,Under-performing and aging — needs a content refresh.,3.7723956028699828,187.35386910315927,0.001,11.494577821970594,2.007964468576225
pg_00776,cl_025,rewrite,Under-performing and aging — needs a content refresh.,3.7710846073844255,106.5849019330613,0.017049053440977124,15.437949578852704,0.5481514417038673
pg_01416,cl_038,rewrite,Under-performing and aging — needs a content refresh.,3.7708708304400855,170.29115604537634,0.023766229846794936,12.054014469608935,1.043675090522145
pg_00870,cl_027,rewrite,Under-performing and aging — needs a content refresh.,3.7664240937404996,111.50647179162942,0.013394131348231114,12.117710055956321,0.9381792435252295
pg_02321,cl_002,rewrite,Under-performing and aging — needs a content refresh.,3.765283232104525,213.74874679591326,0.00864719750134861,21.678747648803096,2.2902785972985806
pg_03305,cl_015,rewrite,Under-performing and aging — needs a content refresh.,3.7649694892896073,166.5222094861238,0.03552472042655303,12.357707673703638,0.7403682749822746
pg_02385,cl_052,rewrite,Under-performing and aging — needs a content refresh.,3.764811039008937,95.09444726238291,0.02156277644650227,12.482862922878954,2.5575247568717625
pg_01115,cl_029,rewrite,Under-performing and aging — needs a content refresh.,3.761653786871652,153.26232089935274,0.031623365678111554,18.336753388064388,0.5258113465409264
pg_03767,cl_044,rewrite,Under-performing and aging — needs a content refresh.,3.759851831596976,117.01444992108004,0.016431767265301128,12.68206709178905,1.4717147914944446
pg_03583,cl_018,prune,"Stale, low-visibility, low-engagement — review for removal.",3.759541066820911,391.1678700507812,0.001,28.821652912391226,1.8884527003375624
pg_02170,cl_001,rewrite,Under-performing and aging — needs a content refresh.,3.7568647904704333,105.37635312300404,0.045705066708005615,11.917875216763553,1.8075941767022912
pg_01537,cl_006,rewrite,Under-performing and aging — needs a content refresh.,3.7545328763990056,121.13883164437709,0.022947588620553034,13.154001015612588,0.05
pg_00077,cl_013,rewrite,Under-performing and aging — needs a content refresh.,3.7360770455305667,93.1532267509171,0.012293656211195454,8.059722501949217,0.5992402670406393
pg_02322,cl_020,rewrite,Under-performing and aging — needs a content refresh.,3.732222109729619,125.67292700478424,0.02358305439195925,16.461804991829936,1.2421748076521553
pg_01052,cl_030,rewrite,Under-performing and aging — needs a content refresh.,3.7318132346492687,149.96119964466294,0.021362192992058517,15.435406145523872,0.29955365540576107
pg_00024,cl_046,rewrite,Under-performing and aging — needs a content refresh.,3.725071875826182,133.09852972177714,0.0274163726289874,15.953748466949087,0.8778474580775282
pg_00601,cl_046,rewrite,Under-performing and aging — needs a content refresh.,3.7231870479332865,173.4937290270463,0.008204925879148905,12.63139065799832,1.2666474515851345
pg_00965,cl_035,rewrite,Under-performing and aging — needs a content refresh.,3.719296721383423,97.0575321885882,0.023103260167685213,15.314569401907562,0.5931675219312016
pg_01795,cl_012,rewrite,Under-performing and aging — needs a content refresh.,3.707766457510264,88.2350423701636,0.013224852602295702,10.685759859438184,0.6866292447836948
pg_03276,cl_004,rewrite,Under-performing and aging — needs a content refresh.,3.7054563562917298,132.76467650587244,0.023311124224504418,14.98871091613395,0.8667688034155367
pg_00851,cl_048,rewrite,Under-performing and aging — needs a content refresh.,3.6966801794812603,98.25017687030437,0.014410872205026931,12.327705358769954,1.9689954687640967
pg_03454,cl_049,rewrite,Under-performing and aging — needs a content refresh.,3.6933613967192778,143.6574905636207,0.02472475513751738,12.306603509926386,3.933770537706262
pg_03941,cl_018,rewrite,Under-performing and aging — needs a content refresh.,3.6849581835734764,121.46031091066675,0.012343523207338543,14.957720282322265,1.131780363642899
pg_02717,cl_041,rewrite,Under-performing and aging — needs a content refresh.,3.683038866937643,159.71169301817537,0.010723613868335988,1.4646447364818087,1.1581544339585519
pg_02800,cl_047,rewrite,Under-performing and aging — needs a content refresh.,3.6759919869609705,199.13666590408144,0.001,12.456454982687774,2.317619808835335
pg_01308,cl_024,rewrite,Under-performing and aging — needs a content refresh.,3.6758080264608797,98.42639549833494,0.02230368019139722,14.892951744699317,1.463197221031835
pg_03164,cl_007,rewrite,Under-performing and aging — needs a content refresh.,3.6753395153383295,102.62210050255533,0.02602155438090083,15.02208263763802,0.4777529712358879
pg_00078,cl_033,rewrite,Under-performing and aging — needs a content refresh.,3.6752551117865484,102.77753900907176,0.043664174234138625,6.696613320805692,1.2170789717703945
pg_00904,cl_027,rewrite,Under-performing and aging — needs a content refresh.,3.6750779731674124,124.35059063183431,0.051668997461656624,8.205808743319185,0.8941559819091425
pg_00790,cl_005,rewrite,Under-performing and aging — needs a content refresh.,3.6671446903644607,153.9481591967575,0.05877697633270859,14.604582192375311,2.2144577879322425
pg_01286,cl_054,rewrite,Under-performing and aging — needs a content refresh.,3.666403101841056,101.4575744057729,0.015440925798253426,10.630224180277182,1.1254158326422674
pg_02447,cl_038,rewrite,Under-performing and aging — needs a content refresh.,3.661236295716666,167.5851411802492,0.0013075305611091811,22.551973599090456,1.6920678502032909
pg_00203,cl_041,rewrite,Under-performing and aging — needs a content refresh.,3.6358575288223953,109.818570020883,0.030363599804373455,8.587941039241432,1.0011022970872137
pg_03301,cl_015,rewrite,Under-performing and aging — needs a content refresh.,3.6328761346834506,180.93815429183715,0.028758397803028128,8.953572501113506,0.823060779552438
pg_03915,cl_004,rewrite,Under-performing and aging — needs a content refresh.,3.632144526923787,109.11277890813648,0.009219922860364277,12.086652041116007,0.9582444542976766
pg_00428,cl_001,rewrite,Under-performing and aging — needs a content refresh.,3.60594768760589,119.43458963157488,0.01807312373913172,13.591057088151436,0.991030276692088
pg_02948,cl_031,rewrite,Under-performing and aging — needs a content refresh.,3.6035586507502977,103.53547751552613,0.015493365565766488,14.268890351938,1.3851907019946252
pg_00588,cl_050,rewrite,Under-performing and aging — needs a content refresh.,3.601326268186008,142.65078068028916,0.01908351579441637,12.501646459955955,1.1199918770004347
pg_01381,cl_017,rewrite,Under-performing and aging — needs a content refresh.,3.5971688097945607,125.10212971159746,0.03390777087336046,13.90270605560882,2.9836583338220675
pg_03646,cl_038,rewrite,Under-performing and aging — needs a content refresh.,3.596265009867598,116.05875539648497,0.015386511727086603,18.195740650340433,0.4226638229087779
pg_03613,cl_004,rewrite,Under-performing and aging — needs a content refresh.,3.5948361567156524,98.03315785621335,0.013711504388167105,11.997977359184164,0.8581118994036997
pg_02173,cl_045,rewrite,Under-performing and aging — needs a content refresh.,3.5908480153652347,115.54509761606947,0.040957106386206234,7.298160601535211,2.1354513977236107
pg_01634,cl_024,rewrite,Under-performing and aging — needs a content refresh.,3.583754513060081,104.217940244682,0.02089960411548209,18.958891857420703,1.2707625059591274
pg_02333,cl_049,rewrite,Under-performing and aging — needs a content refresh.,3.581883908632012,233.66747800733268,0.015166811788807712,18.367475740717293,2.319887063810149
pg_01006,cl_051,rewrite,Under-performing and aging — needs a content refresh.,3.5804244849063953,97.1000329607518,0.03434893074450249,9.81715972268655,0.7003900402953829
pg_03097,cl_018,rewrite,Under-performing and aging — needs a content refresh.,3.573608263654396,97.2674306245964,0.013902241186793564,18.151512915610308,1.0664865578152536
pg_01637,cl_037,rewrite,Under-performing and aging — needs a content refresh.,3.56245926427686,89.59847809729585,0.029441413233617,5.910336071474713,1.1691463260630746
pg_03426,cl_028,rewrite,Under-performing and aging — needs a content refresh.,3.5577486071640183,141.3172772697676,0.08064987942918031,12.383509742595528,1.625020315165604
pg_01551,cl_051,rewrite,Under-performing and aging — needs a content refresh.,3.5451529421252346,127.29214569330152,0.00944789902998416,15.141624673574178,3.715153550588905
pg_03668,cl_025,rewrite,Under-performing and aging — needs a content refresh.,3.5399008242053043,148.4617471569511,0.010759168300281804,13.228668904928485,1.18662084619494
pg_00926,cl_032,prune,"Stale, low-visibility, low-engagement — review for removal.",3.539101133402777,211.80254411770346,0.001,35.084047745223984,1.3515957360278021
pg_00328,cl_008,rewrite,Under-performing and aging — needs a content refresh.,3.5329454339506783,181.76232192002095,0.0338604432038608,15.777573614310683,0.9569999382277098
pg_03225,cl_046,rewrite,Under-performing and aging — needs a content refresh.,3.5260249840868925,101.04525784793039,0.004287439808052709,15.023712065456039,3.233336677447355
pg_01833,cl_004,rewrite,Under-performing and aging — needs a content refresh.,3.525952679882081,178.41914053210883,0.0027214986948658638,9.666640320923046,1.389778664840171
pg_00643,cl_028,rewrite,Under-performing and aging — needs a content refresh.,3.5056208593762257,99.28193362645845,0.06701227179138255,12.996883587643676,2.168889132914588
pg_02533,cl_010,rewrite,Under-performing and aging — needs a content refresh.,3.50184022075943,87.847598325073,0.012649060981167174,25.27012201512634,2.5705676507804656
pg_02035,cl_050,rewrite,Under-performing and aging — needs a content refresh.,3.498250960563488,115.71148751764693,0.04269479727560789,8.980283256085917,1.327930682845034
pg_00217,cl_005,rewrite,Under-performing and aging — needs a content refresh.,3.4934150463381446,117.544386756235,0.047989823263716036,8.675797874111678,1.8561878417454267
pg_01028,cl_033,rewrite,Under-performing and aging — needs a content refresh.,3.492775572376227,114.07175654428607,0.012420199873229513,13.481099923957649,0.7315636429129564
pg_01503,cl_019,rewrite,Under-performing and aging — needs a content refresh.,3.4857695012663115,154.9575301674402,0.03541296649414029,7.843142076563812,0.43144890269000213
pg_01189,cl_000,rewrite,Under-performing and aging — needs a content refresh.,3.4855075149260166,98.67549767638735,0.04435653273525316,7.258243007104452,1.136826494436228
pg_00452,cl_029,rewrite,Under-performing and aging — needs a content refresh.,3.4837367883717807,128.3873053723579,0.03233842460865434,18.144311802299157,0.7577440993366669
pg_01054,cl_004,rewrite,Under-performing and aging — needs a content refresh.,3.481875117265159,135.7127410485964,0.021351151030842046,7.793639990009679,0.9122800158997235
pg_00033,cl_033,rewrite,Under-performing and aging — needs a content refresh.,3.481196900184216,162.02887767565375,0.001,19.119463535340287,3.2907527681802873
pg_00674,cl_037,rewrite,Under-performing and aging — needs a content refresh.,3.476887111117987,114.81805448862688,0.015066145314667899,18.03816861547761,1.4413812818850045
pg_00892,cl_031,rewrite,Under-performing and aging — needs a content refresh.,3.4721818466489043,85.02286363689504,0.01029476782335745,12.342971903380677,0.6084139884945037
pg_02422,cl_006,rewrite,Under-performing and aging — needs a content refresh.,3.468074538394353,94.88938708350358,0.01973356313206795,12.014832408464878,1.2571266300668078
pg_02713,cl_031,rewrite,Under-performing and aging — needs a content refresh.,3.4677728919909576,138.24617782337043,0.01640014465224806,11.956031819875712,4.312135733525741
pg_03315,cl_050,rewrite,Under-performing and aging — needs a content refresh.,3.454259763009404,114.0995891436093,0.035401386659491184,7.6782755516007715,1.4928109929494653
pg_02619,cl_056,rewrite,Under-performing and aging — needs a content refresh.,3.453147820295159,142.3499589831972,0.007475403958470195,23.532134029842588,1.7827034859895727
pg_02822,cl_007,rewrite,Under-performing and aging — needs a content refresh.,3.4484053161050676,99.50599131844379,0.03165088787327389,16.506711529807784,1.1617239846656642
pg_02519,cl_059,rewrite,Under-performing and aging — needs a content refresh.,3.4469587228181333,106.38020429670631,0.03351365583981841,10.279308120779676,1.7109900971639151
pg_02384,cl_011,rewrite,Under-performing and aging — needs a content refresh.,3.439682609828755,78.95798565708571,0.010224559131701276,15.49945922283299,2.2687514491444674
pg_03768,cl_048,rewrite,Under-performing and aging — needs a content refresh.,3.418969677039919,113.66361980808935,0.035300522710272966,5.034355402260737,1.0827084506930924
pg_01493,cl_019,rewrite,Under-performing and aging — needs a content refresh.,3.4142779568178274,106.83885212786669,0.018909250510247777,7.559868824235673,1.0768683658647211
pg_00056,cl_032,rewrite,Under-performing and aging — needs a content refresh.,3.4093468471495068,113.32065188213589,0.06422927303135094,17.24813556431514,2.677152054712432
pg_00249,cl_002,rewrite,Under-performing and aging — needs a content refresh.,3.4076641913282,115.98757199109342,0.04717421051095266,8.967408759905412,0.5525165107627839
pg_02484,cl_020,rewrite,Under-performing and aging — needs a content refresh.,3.404523588727027,105.71735906248993,0.03402666191785929,7.585984338022316,1.2718821928979014
pg_00470,cl_044,rewrite,Under-performing and aging — needs a content refresh.,3.4035831126732585,97.21421802709708,0.019397073884146368,5.65734937714182,1.818522618641234
pg_00029,cl_026,rewrite,Under-performing and aging — needs a content refresh.,3.4032952598571415,97.84939384655353,0.00597904003957235,10.998498766694084,1.5993681102601291
pg_00119,cl_006,rewrite,Under-performing and aging — needs a content refresh.,3.4020915991953857,91.38943414798457,0.040453698472839306,8.267439242694994,0.7780724623978309
pg_00166,cl_019,rewrite,Under-performing and aging — needs a content refresh.,3.3981081501233974,117.58238375220299,0.05752190735107983,15.08428748344057,0.6850541089959239
pg_01702,cl_040,rewrite,Under-performing and aging — needs a content refresh.,3.3880317493099663,87.69120094602869,0.04601974078158437,15.274506271221,1.1856998294686334
pg_00292,cl_057,rewrite,Under-performing and aging — needs a content refresh.,3.3852827794725724,112.78199891491336,0.03680307105978335,14.313880312708047,0.8377429469948651
pg_01918,cl_027,rewrite,Under-performing and aging — needs a content refresh.,3.3842801633883415,99.30328173922051,0.030025107220447482,17.047748945927196,0.7200690301207769
pg_03726,cl_006,rewrite,Under-performing and aging — needs a content refresh.,3.3824741005582006,87.20145600395591,0.030527482478786325,11.687329872361609,0.9118175126875603
pg_01766,cl_030,rewrite,Under-performing and aging — needs a content refresh.,3.3769634758179055,80.09126877781551,0.001,23.950245892998765,2.493835264529249
pg_00334,cl_027,rewrite,Under-performing and aging — needs a content refresh.,3.364852117553096,159.27825994500785,0.023329512076226848,22.233681220955326,2.5911567232987576
pg_00615,cl_038,rewrite,Under-performing and aging — needs a content refresh.,3.347744788527017,108.67878948686531,0.0217472206125024,15.174059858845569,2.435145355346672
pg_00855,cl_050,rewrite,Under-performing and aging — needs a content refresh.,3.3475143756074597,105.82371927440961,0.01444659877673217,15.64877351333165,3.6916596612746484
pg_02197,cl_051,rewrite,Under-performing and aging — needs a content refresh.,3.3392343813094225,105.39724473804392,0.0336862741967326,9.303700138501359,2.5765580241911596
pg_03865,cl_046,rewrite,Under-performing and aging — needs a content refresh.,3.3319430566104744,111.72995323892478,0.06594938552984352,10.021985345279166,1.0957860623545126
pg_02218,cl_017,rewrite,Under-performing and aging — needs a content refresh.,3.317551894045522,140.35827733164643,0.03404772683266284,18.768730008625162,3.401339847056052
pg_01460,cl_047,rewrite,Under-performing and aging — needs a content refresh.,3.3159929849184606,154.00833317080514,0.021863922592415444,20.62114142865225,0.7367893619438046
pg_01253,cl_047,rewrite,Under-performing and aging — needs a content refresh.,3.314781328482054,108.56120417637862,0.01140520310484361,15.433156155919717,3.2648389470974997
pg_01631,cl_053,rewrite,Under-performing and aging — needs a content refresh.,3.3122824977616636,125.5361773654314,0.0579652050854019,17.177263460970273,2.6533813135607023
pg_03256,cl_010,rewrite,Under-performing and aging — needs a content refresh.,3.3088220682853877,135.59406958142225,0.030992158208098343,15.975442295342914,0.23998584000883305
pg_02878,cl_052,rewrite,Under-performing and aging — needs a content refresh.,3.302078939776704,79.36500288329061,0.012238885788388987,11.545114212948555,2.1111191133647917
pg_03157,cl_059,rewrite,Under-performing and aging — needs a content refresh.,3.29614520102037,95.7821467717676,0.021413805722255964,13.442662059281043,1.312029580099146
pg_00463,cl_025,rewrite,Under-performing and aging — needs a content refresh.,3.279382631067928,91.07969829107186,0.00842871351406085,19.225141546077214,1.448401762766521
pg_03914,cl_047,rewrite,Under-performing and aging — needs a content refresh.,3.262090592068748,98.07240173424981,0.042244698976689296,10.696533364963418,0.9057713910294491
pg_03046,cl_043,rewrite,Under-performing and aging — needs a content refresh.,3.2587781763423047,77.25812242784545,0.011514498603427448,3.1706378916108537,0.7849710602509572
pg_00449,cl_017,rewrite,Under-performing and aging — needs a content refresh.,3.2585321826819356,121.3444114764631,0.022307727949552773,10.843341202910377,1.360578680134144
pg_03870,cl_002,rewrite,Under-performing and aging — needs a content refresh.,3.257549581002582,141.49612342565382,0.03425005560299771,4.674813079116648,1.167208431289197
pg_01979,cl_047,rewrite,Under-performing and aging — needs a content refresh.,3.255313475656307,92.15010682218856,0.038821802936730196,15.011224261181148,0.6824818139651515
pg_03238,cl_052,rewrite,Under-performing and aging — needs a content refresh.,3.254597829105902,199.16056755882602,0.009270535281548985,27.06670912934996,2.0235061576109534
pg_01786,cl_011,rewrite,Under-performing and aging — needs a content refresh.,3.2543321606855264,110.3248903777399,0.05268339566962426,12.853293329619866,2.4271946417138124
pg_03797,cl_003,rewrite,Under-performing and aging — needs a content refresh.,3.251912555634245,142.22875339142917,0.0365617126755964,3.6303445086178057,3.331663051146912
pg_01278,cl_000,rewrite,Under-performing and aging — needs a content refresh.,3.250933416551895,101.48039217916306,0.055575220063739925,12.604559031704344,1.226467037026771
pg_02973,cl_058,rewrite,Under-performing and aging — needs a content refresh.,3.243252958181159,109.45613204162947,0.04238217736641308,12.130429135175412,3.3105211787641102
pg_02905,cl_051,rewrite,Under-performing and aging — needs a content refresh.,3.2395652541548303,147.14563787526862,0.01897498964301367,16.150668687957516,0.9945469736280769
pg_02793,cl_032,rewrite,Under-performing and aging — needs a content refresh.,3.239198010752525,85.09725452504402,0.03044347492207103,17.023816260034348,1.937154136321279
pg_03149,cl_006,rewrite,Under-performing and aging — needs a content refresh.,3.237317014913026,85.40148828378877,0.04245245419126673,10.167044084140477,1.4098051298916852
pg_01577,cl_047,rewrite,Under-performing and aging — needs a content refresh.,3.2358356984272016,82.21136077426056,0.015060571645763913,8.981193079224422,0.7246080272989133
pg_01177,cl_011,rewrite,Under-performing and aging — needs a content refresh.,3.2330717343146786,86.42329453121984,0.029177655291335883,7.87942815368193,1.2708143869059516
pg_02260,cl_001,rewrite,Under-performing and aging — needs a content refresh.,3.2278457504698856,123.40228025601513,0.048167328960861934,6.279026459971613,2.9387714881124265
pg_01951,cl_036,rewrite,Under-performing and aging — needs a content refresh.,3.2275493850599957,78.50659158374823,0.011504472921382111,16.505969308328474,2.2410773728626525
pg_02076,cl_027,rewrite,Under-performing and aging — needs a content refresh.,3.225967831213585,156.6868354092665,0.016635373801208272,18.925011517424053,0.581141453484287
pg_00165,cl_048,rewrite,Under-performing and aging — needs a content refresh.,3.2144447569515058,86.79757390456645,0.049125942871886846,9.629037927274469,1.7496758711438276
pg_03062,cl_022,rewrite,Under-performing and aging — needs a content refresh.,3.2141755846990883,101.26566569758334,0.03950621713057496,9.38925483539095,1.566807684813492
pg_00294,cl_032,rewrite,Under-performing and aging — needs a content refresh.,3.212943606955489,87.45370630469367,0.020605974189976405,9.381724346919752,1.7751118792487266
pg_03717,cl_015,rewrite,Under-performing and aging — needs a content refresh.,3.210536538032857,95.64859102772522,0.0620842069446369,12.188950385353758,2.0649666559584237
pg_02766,cl_022,rewrite,Under-performing and aging — needs a content refresh.,3.209784103657257,130.88988326510145,0.02021759840797327,13.418692160582248,1.2256987598740714
pg_03163,cl_018,rewrite,Under-performing and aging — needs a content refresh.,3.202598047446335,104.13519682295052,0.010480456940740054,12.642530261186756,1.8436812765967368
pg_02728,cl_034,rewrite,Under-performing and aging — needs a content refresh.,3.182624284183995,101.46314205002801,0.029901543391106726,15.41399715378314,1.5299710434020075
pg_01854,cl_006,rewrite,Under-performing and aging — needs a content refresh.,3.1813011801930684,162.7477661193879,0.02786605353774813,11.824688122894031,0.4273169268491489
pg_01973,cl_020,rewrite,Under-performing and aging — needs a content refresh.,3.178871669897648,90.0490830288469,0.001,10.320529877215233,1.306058596534985
pg_03977,cl_059,rewrite,Under-performing and aging — needs a content refresh.,3.1774714774689103,103.46381833582659,0.04330319581218143,1.0,2.029763586734678
pg_00494,cl_017,rewrite,Under-performing and aging — needs a content refresh.,3.174790436975824,98.21965418618998,0.04546989508040421,10.044493211524644,0.636750233163117
pg_00271,cl_001,rewrite,Under-performing and aging — needs a content refresh.,3.1736018068408587,198.21946175855155,0.027593337714584682,19.530082569632903,1.306709716905248
pg_02510,cl_011,rewrite,Under-performing and aging — needs a content refresh.,3.1606020599933586,91.913531876311,0.026434030426793306,13.553228933983423,0.8017530751780085
pg_01936,cl_022,rewrite,Under-performing and aging — needs a content refresh.,3.1501144827027945,83.39286614284984,0.05432038759084431,13.69716169158566,1.2992737777252445
pg_01892,cl_052,rewrite,Under-performing and aging — needs a content refresh.,3.1444955344468704,86.84669071935033,0.019548209756370095,15.091509696152016,2.718537459725326
pg_03709,cl_050,rewrite,Under-performing and aging — needs a content refresh.,3.131072175877411,75.3549030836321,0.015881420839684267,7.052994689959915,0.8381807234193724
pg_00188,cl_014,rewrite,Under-performing and aging — needs a content refresh.,3.124624787855923,102.09370306562461,0.04874119660987149,9.244590837694467,1.183804361609281
pg_02286,cl_054,rewrite,Under-performing and aging — needs a content refresh.,3.117047882013068,102.22791166264902,0.05950725167328405,4.382311337090476,2.551703424866914
pg_00038,cl_016,rewrite,Under-performing and aging — needs a content refresh.,3.116126885568325,85.29505479091806,0.01020621995810708,18.10372852632091,0.395510925401638
pg_02273,cl_027,rewrite,Under-performing and aging — needs a content refresh.,3.1160751667864037,114.26654928112703,0.04691441447964592,14.202786893596777,2.1171557887942294
pg_01471,cl_041,rewrite,Under-performing and aging — needs a content refresh.,3.1154259754220974,127.37514877322222,0.001,18.964393445126124,1.1087371238399566
pg_01931,cl_028,rewrite,Under-performing and aging — needs a content refresh.,3.107559424625171,96.44936688091309,0.031349104323771936,10.885175881178101,0.6735598100937803
pg_03309,cl_056,rewrite,Under-performing and aging — needs a content refresh.,3.1011014249074362,82.95680916595816,0.028895153663322293,15.404592249075117,2.1859189625418303
pg_01945,cl_007,rewrite,Under-performing and aging — needs a content refresh.,3.093385256892411,84.77994506743322,0.040210111774859586,8.543721629986184,2.547157775989916
pg_01439,cl_057,rewrite,Under-performing and aging — needs a content refresh.,3.0930492365420506,102.74818088305,0.02066764121472885,14.325479775814944,0.9633219270868705
pg_01733,cl_051,rewrite,Under-performing and aging — needs a content refresh.,3.0899550322889855,137.40021511213604,0.023394383853174834,12.296485065468415,0.41650774987888506
pg_03994,cl_030,rewrite,Under-performing and aging — needs a content refresh.,3.0857454970905995,157.79791085943305,0.027365734195264623,18.730665752279194,1.0289030206105918
pg_02224,cl_024,rewrite,Under-performing and aging — needs a content refresh.,3.082740222574569,89.09235891565046,0.04443025594931581,12.499620603883159,0.46091156402144984
pg_03568,cl_045,rewrite,Under-performing and aging — needs a content refresh.,3.082021536183537,91.24155089149687,0.015538166870310104,11.110792247914933,1.6946343167101472
pg_00836,cl_048,rewrite,Under-performing and aging — needs a content refresh.,3.0746765951352555,82.29882931089213,0.03146189377664863,1.0,0.8228810713873516
pg_03332,cl_014,rewrite,Under-performing and aging — needs a content refresh.,3.0638826542044417,109.83082423761692,0.04585377195490854,6.905321281722422,1.5681847643823432
pg_03607,cl_041,rewrite,Under-performing and aging — needs a content refresh.,3.0624109577655765,127.21526479881844,0.023647552951916312,6.911059473158823,0.9325442463881333
pg_02622,cl_006,rewrite,Under-performing and aging — needs a content refresh.,3.0510797946829715,73.64833516771463,0.017294268748511327,18.46606914500189,0.6656728184682976
pg_00545,cl_003,rewrite,Under-performing and aging — needs a content refresh.,3.023280439141985,78.91216787304097,0.008984156023502131,7.433668553567436,1.382257829636425
pg_01660,cl_037,rewrite,Under-performing and aging — needs a content refresh.,3.0200771381207656,87.26269402056074,0.04870491168917526,8.82137608100934,0.8860372234965906
pg_01239,cl_002,rewrite,Under-performing and aging — needs a content refresh.,3.0158989866615613,86.42634849930599,0.03402206050636459,9.719022730788899,2.198483666640442
pg_03879,cl_002,rewrite,Under-performing and aging — needs a content refresh.,3.008479596678452,100.787002861068,0.03395177265490534,11.551076676042639,0.7814322037329404
pg_00931,cl_041,rewrite,Under-performing and aging — needs a content refresh.,3.0071194282274787,86.79631821637182,0.03910834052567666,9.168146838886582,1.4546324964624529
pg_00868,cl_026,rewrite,Under-performing and aging — needs a content refresh.,3.003012298754701,116.07898637906551,0.011280904647746656,10.300045689383929,2.445083331783148
pg_01336,cl_038,rewrite,Under-performing and aging — needs a content refresh.,3.002404636826286,134.31060137296302,0.022599414153808475,21.820238199123736,2.7797513106228986
pg_02009,cl_037,rewrite,Under-performing and aging — needs a content refresh.,2.997017738898821,86.98247391244877,0.02303793867648965,19.241475598292233,1.4990967487445552
pg_00309,cl_006,rewrite,Under-performing and aging — needs a content refresh.,2.9811186691788576,84.87917561343392,0.05759485751255922,14.956639993681739,1.9046578224051105
pg_00483,cl_047,rewrite,Under-performing and aging — needs a content refresh.,2.9777492079828485,89.28811272961943,0.02204949823623227,7.268558467335435,0.7507797666229589
pg_02940,cl_042,rewrite,Under-performing and aging — needs a content refresh.,2.9753748815228733,95.61083051353287,0.07221351663644614,11.639485957036937,1.5971710529785257
pg_02001,cl_003,rewrite,Under-performing and aging — needs a content refresh.,2.9675795157759275,80.5054038720815,0.015487806287383415,9.848339232865149,1.0078885749765103
pg_02471,cl_005,rewrite,Under-performing and aging — needs a content refresh.,2.964155817894608,108.91054433086438,0.04838737719506244,10.629315667120592,0.9562921111814321
pg_03967,cl_014,rewrite,Under-performing and aging — needs a content refresh.,2.9588787268563235,85.50475348668611,0.05922691060185063,13.799668763873925,1.3131522193896883
pg_02303,cl_052,rewrite,Under-performing and aging — needs a content refresh.,2.957464156757421,97.64860309947456,0.04364454516971273,8.939995537959861,1.963060404387345
pg_03417,cl_052,rewrite,Under-performing and aging — needs a content refresh.,2.9555308052547273,96.96220234977423,0.06209041261201665,13.912619399338114,1.6237352854224043
pg_02859,cl_026,rewrite,Under-performing and aging — needs a content refresh.,2.949966938584054,75.01798798235144,0.002094569757436035,18.473268551475485,1.7662373340218163
pg_00068,cl_004,rewrite,Under-performing and aging — needs a content refresh.,2.943046040788017,78.40140334345936,0.03969256656740754,5.824088196138911,0.15769712367296673
pg_01956,cl_031,rewrite,Under-performing and aging — needs a content refresh.,2.942661085761461,97.46829042781977,0.07397458010553204,13.911171854184083,2.6003087111752454
pg_00917,cl_047,rewrite,Under-performing and aging — needs a content refresh.,2.940586304815214,96.98154927237745,0.01915635788947257,5.889092160064943,1.0775703119400508
pg_00756,cl_044,rewrite,Under-performing and aging — needs a content refresh.,2.9279998270756846,85.19760092765941,0.039024200754057825,17.033662457972113,2.806328312151218
pg_02873,cl_013,rewrite,Under-performing and aging — needs a content refresh.,2.9244438015946472,81.31042143156185,0.03164542965043535,13.419718324314932,0.7557831248051091
pg_03457,cl_001,rewrite,Under-performing and aging — needs a content refresh.,2.9195962627496534,101.1022992869185,0.022611661028790305,11.175717048470691,1.3783508354858487
pg_03176,cl_036,rewrite,Under-performing and aging — needs a content refresh.,2.9161243066021028,77.7990486609947,0.0194010871251656,9.87900164392181,1.7842489877163525
pg_02382,cl_055,rewrite,Under-performing and aging — needs a content refresh.,2.9055465602656607,85.11140797179854,0.055285574200249155,11.74799744321503,1.5155945970408422
pg_01433,cl_033,rewrite,Under-performing and aging — needs a content refresh.,2.8881608933937075,84.87935208000826,0.023481889943546067,5.3682445045804394,0.563235337280755
pg_03015,cl_027,rewrite,Under-performing and aging — needs a content refresh.,2.879529469521372,82.24748408108832,0.037674749456327386,7.688055312667714,0.7650881774152922
pg_03774,cl_025,rewrite,Under-performing and aging — needs a content refresh.,2.8778993095571312,82.17343203499783,0.040539413804946335,7.870674523835163,0.7928219878225437
pg_01360,cl_004,rewrite,Under-performing and aging — needs a content refresh.,2.8767652314013032,69.9204531745281,0.001,5.266251201955644,1.4324356529233544
pg_02209,cl_008,rewrite,Under-performing and aging — needs a content refresh.,2.8732430735795953,86.11041597189346,0.0518241802123193,5.20810787230571,1.4749869783135878
pg_00639,cl_056,rewrite,Under-performing and aging — needs a content refresh.,2.8568029661007786,85.5852444362072,0.04634956726313653,9.863924981142446,1.0129944006298628
pg_03931,cl_004,rewrite,Under-performing and aging — needs a content refresh.,2.851829221853161,83.89786581905979,0.044188670937475354,10.14897307604872,1.074728871086459
pg_01431,cl_011,rewrite,Under-performing and aging — needs a content refresh.,2.841350577303965,115.80147325400549,0.007074713267069793,24.946725604025268,5.320993117631681
pg_01821,cl_045,rewrite,Under-performing and aging — needs a content refresh.,2.840602644288269,75.92920871744575,0.0426136482479207,11.547180240402676,1.6882020858422444
pg_00763,cl_056,rewrite,Under-performing and aging — needs a content refresh.,2.835683207083604,86.54560880044323,0.037615478376561755,10.710517512325529,1.468894083436546
pg_00450,cl_057,rewrite,Under-performing and aging — needs a content refresh.,2.826022495549087,95.14412913103865,0.011302826376750962,11.83043396212684,1.4299360702810429
pg_02671,cl_051,rewrite,Under-performing and aging — needs a content refresh.,2.824827239310555,106.8941006958193,0.026685551739408682,14.174245113224202,1.3822121915839227
pg_03272,cl_039,rewrite,Under-performing and aging — needs a content refresh.,2.81253857653193,109.0864526425306,0.013082117438552865,7.328631771530546,1.6247239914329614
pg_03064,cl_042,rewrite,Under-performing and aging — needs a content refresh.,2.8084968774887926,115.61478722119543,0.06047608892274024,9.344936365188191,3.7659861114912703
pg_02081,cl_005,rewrite,Under-performing and aging — needs a content refresh.,2.806787275197956,80.33737343173989,0.03061635451922809,6.833234052552021,1.0860933931433765
pg_00253,cl_019,rewrite,Under-performing and aging — needs a content refresh.,2.8067158265072814,71.5073028683217,0.02759756973018143,10.496640183907633,0.8054310507203085
pg_00905,cl_042,rewrite,Under-performing and aging — needs a content refresh.,2.7967411533507605,118.29466417374266,0.021300507521936397,12.323721171416969,1.2120236783084517
pg_01149,cl_051,rewrite,Under-performing and aging — needs a content refresh.,2.7703968453220322,85.89252204724076,0.060044892182171884,10.376942306599922,0.946761442557424
pg_03104,cl_042,rewrite,Under-performing and aging — needs a content refresh.,2.7583884792204723,89.11756635145272,0.07787348444912565,4.750939609994157,2.4751354770055203
pg_02164,cl_057,rewrite,Under-performing and aging — needs a content refresh.,2.757845334822331,72.22424829829717,0.018427233568693843,22.621150393158185,0.5889179185213809
pg_03121,cl_059,rewrite,Under-performing and aging — needs a content refresh.,2.7567721087003143,74.47386076448507,0.042427284847228,9.889712339921914,1.3905240436997484
pg_02994,cl_046,rewrite,Under-performing and aging — needs a content refresh.,2.751381877882705,73.54641132349148,0.02244628784879852,16.08574419905668,0.05
pg_02453,cl_028,rewrite,Under-performing and aging — needs a content refresh.,2.7405088878708144,79.6656251462984,0.027458644997834323,15.664066521535046,1.3671141379582927
pg_00606,cl_019,rewrite,Under-performing and aging — needs a content refresh.,2.7367076140813036,79.75033401315089,0.027623425594314494,11.397115076975082,1.1875686607364213
pg_00229,cl_010,rewrite,Under-performing and aging — needs a content refresh.,2.7313987417138437,70.61990880829555,0.03556894600097433,18.61954124290273,0.9873661003147476
pg_00458,cl_050,rewrite,Under-performing and aging — needs a content refresh.,2.7187614722303155,80.4506938430943,0.05423343221625259,7.174954199902631,1.7896811563465393
pg_01010,cl_016,rewrite,Under-performing and aging — needs a content refresh.,2.715127136009829,86.90437562719788,0.045415707027995286,8.708953027358262,0.47580331343258053
pg_03150,cl_042,rewrite,Under-performing and aging — needs a content refresh.,2.7114621327205626,68.05903016600419,0.02302878916429491,17.629815132808027,1.4561240921482617
pg_00409,cl_000,rewrite,Under-performing and aging — needs a content refresh.,2.7075235720155137,74.59511246405832,0.014188979610962056,13.744452499718829,0.8933622321732937
pg_03356,cl_003,rewrite,Under-performing and aging — needs a content refresh.,2.6991173960164536,131.94224174582698,0.02649239155570494,18.413026179510865,1.570093362919275
pg_03635,cl_028,rewrite,Under-performing and aging — needs a content refresh.,2.69875629563112,89.72673265246546,0.02799052362866653,15.265766499516923,0.6569870443046684
pg_01549,cl_000,rewrite,Under-performing and aging — needs a content refresh.,2.696697939829017,76.1972723956835,0.04466071569833024,12.20875794173861,2.1218360307499893
pg_01523,cl_009,rewrite,Under-performing and aging — needs a content refresh.,2.694236219968026,74.14528930217067,0.017683151045374726,9.488886363974958,0.968617307666634
pg_00702,cl_010,rewrite,Under-performing and aging — needs a content refresh.,2.692640584227813,78.76749954195193,0.041213878498782434,13.5237582517046,1.7634931261405606
pg_01058,cl_025,rewrite,Under-performing and aging — needs a content refresh.,2.6879826707783065,79.42616491217204,0.041182033607086624,12.18693715581639,1.0214029609596404
pg_00575,cl_022,rewrite,Under-performing and aging — needs a content refresh.,2.6850368527492994,73.75383521831552,0.027063929516823355,22.746832643727494,1.430907161486675
pg_02116,cl_057,rewrite,Under-performing and aging — needs a content refresh.,2.6833643968373617,91.47421995816929,0.01298699775818107,14.18122729393897,0.9538024209258659
pg_01649,cl_050,rewrite,Under-performing and aging — needs a content refresh.,2.679001488347591,88.75975210934693,0.03207546903660083,8.548817664886672,2.5501876388507583
pg_03413,cl_005,rewrite,Under-performing and aging — needs a content refresh.,2.6757221377373095,73.77663377990748,0.050334017951306986,6.841439461587338,1.6577928082918039
pg_03958,cl_005,rewrite,Under-performing and aging — needs a content refresh.,2.675138231861908,115.69211293520263,0.018711406085594216,16.084281658324958,1.2643001409721646
pg_01173,cl_010,rewrite,Under-performing and aging — needs a content refresh.,2.6750900441476597,80.21549345848155,0.03150531524999786,13.675385953657996,2.8358617838586033
pg_01080,cl_055,rewrite,Under-performing and aging — needs a content refresh.,2.673708925981896,86.75184025926148,0.04498277450193136,5.449535367393414,0.9562616406396701
pg_02010,cl_029,rewrite,Under-performing and aging — needs a content refresh.,2.6696789414683253,78.09160536854789,0.014561162396795571,4.9921430973686425,1.2830845598793843
pg_03343,cl_037,rewrite,Under-performing and aging — needs a content refresh.,2.6674982317055007,65.5900391637391,0.014280125157300056,5.215550776828392,0.9430047803016166
pg_01848,cl_031,rewrite,Under-performing and aging — needs a content refresh.,2.6647448124006474,68.83416465067599,0.02424427687901856,11.24737976791987,0.754562929906802
pg_02101,cl_040,rewrite,Under-performing and aging — needs a content refresh.,2.664283649793681,69.53043637809236,0.005412894036924219,16.3337309977515,1.1555113547990474
pg_00542,cl_011,rewrite,Under-performing and aging — needs a content refresh.,2.656330156429609,73.17166464249756,0.044556461132757866,10.624067518757942,1.301999730555357
pg_00027,cl_049,rewrite,Under-performing and aging — needs a content refresh.,2.652771747518473,70.93794283417787,0.04264438931644689,8.400361238705077,1.1747214820726803
pg_01998,cl_016,rewrite,Under-performing and aging — needs a content refresh.,2.6522151571553523,69.94194912614289,0.04153141529612027,10.492258484269621,0.532948845759953
pg_00637,cl_017,rewrite,Under-performing and aging — needs a content refresh.,2.650493987313007,79.73790193387032,0.050353697153032846,6.680110556965975,0.7426022974123515
pg_00477,cl_001,rewrite,Under-performing and aging — needs a content refresh.,2.6369448418682784,90.73068951565455,0.03189312285956865,8.275087148512888,1.7294072335663975
pg_02912,cl_028,rewrite,Under-performing and aging — needs a content refresh.,2.6365801008637484,84.62462567777665,0.05755036453100412,7.853463850846397,0.6702874489766133
pg_02705,cl_017,rewrite,Under-performing and aging — needs a content refresh.,2.6362239619219636,81.79521280602815,0.046814191807817776,9.845139073272357,1.5556234592815716
pg_00997,cl_021,rewrite,Under-performing and aging — needs a content refresh.,2.6354179583364945,68.71754995046597,0.03526719998129919,7.307884771862028,1.4817661053487068
pg_00560,cl_032,rewrite,Under-performing and aging — needs a content refresh.,2.6297323973537132,71.66880221336558,0.033373676429024134,13.803782906154542,0.3093998297590579
pg_03194,cl_044,rewrite,Under-performing and aging — needs a content refresh.,2.6256897181016874,83.79699997406512,0.03149767451390517,1.7528947902277494,2.8622855767127797
pg_02798,cl_042,rewrite,Under-performing and aging — needs a content refresh.,2.6251704468188173,81.37716915318119,0.05722875606729645,6.68640593963784,0.19367355391789953
pg_03197,cl_048,rewrite,Under-performing and aging — needs a content refresh.,2.623758335291768,56.4733118300537,0.001,6.846751573320372,0.7621688834570668
pg_00737,cl_020,rewrite,Under-performing and aging — needs a content refresh.,2.617559787819125,188.65801844552234,0.03383520630344044,20.110476327725856,2.425106726776442
pg_03492,cl_022,rewrite,Under-performing and aging — needs a content refresh.,2.610891898380789,76.22712757733633,0.03630880396260229,14.883284656559201,1.0719106715797588
pg_02727,cl_002,rewrite,Under-performing and aging — needs a content refresh.,2.6056073437445835,75.8153139125457,0.016473453276700602,13.06202720580678,1.3042779574524785
pg_03833,cl_039,rewrite,Under-performing and aging — needs a content refresh.,2.596729178724511,82.94244184289552,0.02872434169201591,8.47468217647325,1.1803100422886634
pg_01331,cl_043,rewrite,Under-performing and aging — needs a content refresh.,2.596296321451188,73.79070155225848,0.031544041702311086,6.683525733273285,1.4158620930670516
pg_01032,cl_043,rewrite,Under-performing and aging — needs a content refresh.,2.589075942306947,70.62556484988434,0.01244196479778725,7.41440038154971,1.5481850358610438
pg_03103,cl_026,rewrite,Under-performing and aging — needs a content refresh.,2.587425613447341,97.1482544852766,0.021357558713439837,15.367030725430581,0.6174665188021631
pg_01628,cl_023,rewrite,Under-performing and aging — needs a content refresh.,2.5861050112790425,82.86437372843766,0.02906719429540183,17.790847026367473,1.2888284770163994
pg_02048,cl_045,rewrite,Under-performing and aging — needs a content refresh.,2.5770623357787543,72.01179401314421,0.04146638321986456,13.914196561476459,1.5523872513025143
pg_01654,cl_009,rewrite,Under-performing and aging — needs a content refresh.,2.5724641307559377,81.05126672237117,0.032377973321508595,10.319224186809535,0.6586320589879983
pg_00795,cl_017,rewrite,Under-performing and aging — needs a content refresh.,2.5690464169807914,73.85693473272153,0.01487455122322269,14.390128290005242,0.9254535981217143
pg_01266,cl_003,rewrite,Under-performing and aging — needs a content refresh.,2.5570566019949754,68.51540311688622,0.03380725377696624,9.113614888769932,1.2823586349850165
pg_00245,cl_005,rewrite,Under-performing and aging — needs a content refresh.,2.556588047084325,78.57068349888884,0.03910497279159207,8.016772749999708,1.5161576702337731
pg_01670,cl_045,rewrite,Under-performing and aging — needs a content refresh.,2.536979584826155,59.41567145010268,0.001,14.034810454480112,1.0512042848898355
pg_02478,cl_004,rewrite,Under-performing and aging — needs a content refresh.,2.5323452638914814,64.1538896209334,0.001,6.596628496187806,3.2916297617927572
pg_01067,cl_038,rewrite,Under-performing and aging — needs a content refresh.,2.53220270290876,73.24503799868826,0.0387566569546297,11.383877436941978,0.6277496912841447
pg_01302,cl_041,rewrite,Under-performing and aging — needs a content refresh.,2.530831301932046,68.63841562489363,0.03412265064628688,8.067631551083402,1.971240933422075
pg_01098,cl_002,rewrite,Under-performing and aging — needs a content refresh.,2.527912964887371,74.36217347862791,0.045711654019666065,8.505959932663972,2.1996886326850507
pg_03172,cl_025,rewrite,Under-performing and aging — needs a content refresh.,2.5271567333344307,110.12664816449488,0.060351909872303613,16.50267764705524,3.246040227952783
pg_00746,cl_031,rewrite,Under-performing and aging — needs a content refresh.,2.5217250433700995,56.16815523844418,0.0035903763280726586,10.172559063655676,1.9352868696123067
pg_02842,cl_045,rewrite,Under-performing and aging — needs a content refresh.,2.5202586184300646,66.02576247376398,0.019365389705455024,2.921304528045785,1.6390794695122517
pg_00124,cl_051,rewrite,Under-performing and aging — needs a content refresh.,2.519127092593505,88.67129387875114,0.027390644392537827,12.226906203836586,2.1232199254557202
pg_00205,cl_015,rewrite,Under-performing and aging — needs a content refresh.,2.5172572401045925,64.63506291965881,0.016010352246730836,12.927067201866933,0.3112194921813597
pg_03876,cl_041,rewrite,Under-performing and aging — needs a content refresh.,2.5149955373946145,69.50475979885755,0.004296199615770935,14.831088262440487,0.5430738432506897
pg_02158,cl_048,rewrite,Under-performing and aging — needs a content refresh.,2.511604638208316,315.5127781492968,0.024722125042199887,15.85894158293481,1.2282235478068828
pg_00760,cl_010,rewrite,Under-performing and aging — needs a content refresh.,2.510918812155498,62.939476845047686,0.025651280405088312,20.4999441927094,1.075820338365666
pg_03042,cl_019,rewrite,Under-performing and aging — needs a content refresh.,2.510434374191364,107.3142048951502,0.01888467369593717,5.748987659167896,1.5811753304759852
pg_02307,cl_009,rewrite,Under-performing and aging — needs a content refresh.,2.509189059177469,82.97920458270423,0.03924426991774387,6.894191032103122,0.6004909543008207
pg_02127,cl_037,rewrite,Under-performing and aging — needs a content refresh.,2.5050323413292332,128.61884005190112,0.03611845935480567,19.625803765207497,1.3407446643200909
pg_03156,cl_046,rewrite,Under-performing and aging — needs a content refresh.,2.5029325785296455,76.2877459915081,0.02236419987378464,11.746043393254794,1.337171162613825
pg_01113,cl_017,rewrite,Under-performing and aging — needs a content refresh.,2.5025313437702708,79.80452366720627,0.01158340368896404,19.009009789862482,1.030309931207543
pg_00343,cl_030,rewrite,Under-performing and aging — needs a content refresh.,2.5015572525878547,69.52337367121427,0.05755745640140132,13.999826724944768,1.2206830818404364
pg_01853,cl_009,rewrite,Under-performing and aging — needs a content refresh.,2.501202320609126,89.36417801867857,0.03567387323560244,7.42988475869628,0.05
pg_03859,cl_026,rewrite,Under-performing and aging — needs a content refresh.,2.5009782497338073,85.71284508706329,0.05598502103545927,7.431936945865312,0.738443764306787
pg_01026,cl_004,rewrite,Under-performing and aging — needs a content refresh.,2.4970296181407274,73.06799548790318,0.03615507001461254,7.980053697309637,1.718567469337643
pg_00324,cl_058,rewrite,Under-performing and aging — needs a content refresh.,2.4968906007242477,63.430928224190616,0.02123141821607513,8.729783412574184,1.3105932426705835
pg_00373,cl_022,rewrite,Under-performing and aging — needs a content refresh.,2.4956001984936087,65.01767145404003,0.024486087112898243,9.442471963298816,1.019490782636854
pg_01661,cl_036,rewrite,Under-performing and aging — needs a content refresh.,2.488052885486402,75.41208853915788,0.020589790521257575,8.931684439606695,3.675198510276984
pg_00238,cl_018,rewrite,Under-performing and aging — needs a content refresh.,2.466223009140739,66.18892461721985,0.04066281752439379,7.379539337782582,1.1724860168048519
pg_03550,cl_026,rewrite,Under-performing and aging — needs a content refresh.,2.465938523575705,65.54660845942949,0.043997051329547204,7.558836317837162,2.216732089583928
pg_03799,cl_003,rewrite,Under-performing and aging — needs a content refresh.,2.4592048481535094,70.12948415107216,0.04150153755976538,8.485411058283912,1.3792842266031726
pg_00352,cl_017,rewrite,Under-performing and aging — needs a content refresh.,2.4559401409841692,74.15890947676677,0.05008232467301061,4.617070177934579,1.4301123366031443
pg_03297,cl_054,rewrite,Under-performing and aging — needs a content refresh.,2.4558228395807533,69.50078517985735,0.03340712053274329,11.760439638393256,0.7690926435117866
pg_01101,cl_028,rewrite,Under-performing and aging — needs a content refresh.,2.454945367502989,73.26662313818674,0.0466261032187136,7.175207935368483,1.5164223822121023
pg_02950,cl_001,rewrite,Under-performing and aging — needs a content refresh.,2.453868773588271,94.2156912950764,0.06344424275111084,5.540571568586298,1.523713138955234
pg_01863,cl_022,rewrite,Under-performing and aging — needs a content refresh.,2.4488440195584538,64.40161659289608,0.011859236934432634,9.507705947974031,1.1515993675949283
pg_02866,cl_018,rewrite,Under-performing and aging — needs a content refresh.,2.448352502758216,71.85971436888684,0.037917608522110215,5.4208807252637,0.9794303741812187
pg_02080,cl_049,rewrite,Under-performing and aging — needs a content refresh.,2.4468754547901312,66.76939025663333,0.04514780690343665,6.976665061838706,1.9956577414910188
pg_03277,cl_014,rewrite,Under-performing and aging — needs a content refresh.,2.446337684136589,77.35174951704681,0.011139237298393955,24.44213929862081,1.355065713029635
pg_03772,cl_031,rewrite,Under-performing and aging — needs a content refresh.,2.4441628575592484,68.32681767751308,0.013812553218701437,6.898778471207642,2.293026433296807
pg_02920,cl_019,rewrite,Under-performing and aging — needs a content refresh.,2.4357272462004995,72.08284556081257,0.020055663298119517,16.030071517761307,1.2104967716921495
pg_02786,cl_016,rewrite,Under-performing and aging — needs a content refresh.,2.423648928089607,69.36437206409025,0.04431041557056167,13.839814887866547,1.384778125000166
pg_03138,cl_028,rewrite,Under-performing and aging — needs a content refresh.,2.4139277782224973,58.71992746980113,0.016105682123908352,11.69314916626979,0.557687440192576
pg_03629,cl_049,rewrite,Under-performing and aging — needs a content refresh.,2.4127268886936184,68.9374807986988,0.046679329155984696,11.839200952349024,0.9770389187816647
pg_00085,cl_042,rewrite,Under-performing and aging — needs a content refresh.,2.408619745499838,63.62916950992532,0.037102589845920575,8.810984952489669,0.3846711888752996
pg_02955,cl_059,rewrite,Under-performing and aging — needs a content refresh.,2.404574391418559,69.80529173319535,0.027316650218597097,8.717859865350995,1.570966463245123
pg_02656,cl_003,rewrite,Under-performing and aging — needs a content refresh.,2.4011704830755836,86.53998353803226,0.06899270581706086,14.444362177545445,2.3436595222987022
pg_00933,cl_038,rewrite,Under-performing and aging — needs a content refresh.,2.4003289530851553,77.78058248087159,0.04834431800604665,16.37823803135332,2.968377911912129
pg_02369,cl_010,rewrite,Under-performing and aging — needs a content refresh.,2.3922798304704442,73.15096890873599,0.004148748552088332,30.792559165522228,1.695967377997424
pg_03185,cl_056,rewrite,Under-performing and aging — needs a content refresh.,2.3913702859117554,90.3914777200026,0.064556170897483,12.981550612340516,3.6787313496552856
pg_02890,cl_008,rewrite,Under-performing and aging — needs a content refresh.,2.38800030388758,64.89987783167348,0.032653637340134344,14.44426288184644,1.495233602467146
pg_01240,cl_030,rewrite,Under-performing and aging — needs a content refresh.,2.3837854230033426,89.68605617068613,0.06412497443514642,12.081682997201572,2.7941391779648606
pg_02220,cl_056,rewrite,Under-performing and aging — needs a content refresh.,2.38108799568733,70.20634571367478,0.022576523001434624,14.393099513384412,1.4757869814383644
pg_02521,cl_002,rewrite,Under-performing and aging — needs a content refresh.,2.378119711974278,71.23464600617947,0.013039899613994392,23.456270889649907,2.717469183884706
pg_02999,cl_039,rewrite,Under-performing and aging — needs a content refresh.,2.370696646359334,105.59962986730129,0.01720974246511661,6.7148073549220095,1.0928149327993277
pg_02582,cl_017,rewrite,Under-performing and aging — needs a content refresh.,2.366800214315956,69.99609728635929,0.05146558145322905,10.506303209100679,1.592626050876016
pg_03420,cl_030,rewrite,Under-performing and aging — needs a content refresh.,2.365236559610743,78.22092305291993,0.03886427401332566,14.777618101705334,1.7025877781835694
pg_01896,cl_034,rewrite,Under-performing and aging — needs a content refresh.,2.3605095990612677,65.15515317020225,0.04648795824653378,9.768131278194774,1.2092592076366637
pg_02830,cl_055,rewrite,Under-performing and aging — needs a content refresh.,2.3601528871459294,87.11107835089017,0.01937169257878689,7.913872903684378,1.2805270312822912
pg_00564,cl_053,rewrite,Under-performing and aging — needs a content refresh.,2.3505996348311213,65.90667923054406,0.02755269157570397,15.010079641268856,1.3689822932944828
pg_02896,cl_039,rewrite,Under-performing and aging — needs a content refresh.,2.3485364620516647,75.24216356959904,0.05540480274132931,9.07200183889644,1.2294973953266046
pg_02140,cl_042,rewrite,Under-performing and aging — needs a content refresh.,2.347900179273165,64.54081153820877,0.03935821639562095,6.957993368250472,0.13496367812073973
pg_01763,cl_036,rewrite,Under-performing and aging — needs a content refresh.,2.3455768877796226,75.19829100445762,0.0044811817170820195,7.843298394074251,1.7835686838057812
pg_02016,cl_024,rewrite,Under-performing and aging — needs a content refresh.,2.3419864804782886,67.50569138110006,0.030638329984388965,8.567567523572972,0.6078483278508277
pg_00843,cl_002,rewrite,Under-performing and aging — needs a content refresh.,2.330299594553052,71.73352415535471,0.04009630357786528,11.4470110271159,1.5582326021552042
pg_03207,cl_048,rewrite,Under-performing and aging — needs a content refresh.,2.321266425297986,87.4513979787626,0.0466925091871337,17.132123970363768,3.1513178367416494
pg_01119,cl_029,rewrite,Under-performing and aging — needs a content refresh.,2.31893731944052,57.93705660460996,0.019367422698795458,11.54148447920851,0.9598624856877898
pg_00684,cl_010,rewrite,Under-performing and aging — needs a content refresh.,2.3099690900993166,63.73327565255957,0.035734722750931626,10.205244839414346,1.613061771826382
pg_00243,cl_038,rewrite,Under-performing and aging — needs a content refresh.,2.3056460429871906,69.99076715400179,0.04021584539728349,10.042527929799254,0.9401140246232
pg_02343,cl_044,rewrite,Under-performing and aging — needs a content refresh.,2.290537403754968,63.80034612789796,0.044686644131171,14.191583865356577,1.198140167456053
pg_01899,cl_020,rewrite,Under-performing and aging — needs a content refresh.,2.2866514057641854,62.282505566464266,0.02466959704528047,13.413023740469146,1.745067002237862
pg_00896,cl_030,rewrite,Under-performing and aging — needs a content refresh.,2.283681395805969,64.15138473227418,0.03871256712348689,6.698839295050664,2.4369665403431497
pg_03536,cl_001,rewrite,Under-performing and aging — needs a content refresh.,2.280332366124619,78.28101293312683,0.03808114812991749,5.582677607792161,0.66572770154418
pg_03229,cl_050,rewrite,Under-performing and aging — needs a content refresh.,2.279649003000848,72.88830712593398,0.05753184022463058,2.507748931236831,1.2436684094531496
pg_00091,cl_048,rewrite,Under-performing and aging — needs a content refresh.,2.275866758013283,89.09929656574586,0.06787636707115169,7.348591111453178,3.3485155912720823
pg_01949,cl_019,rewrite,Under-performing and aging — needs a content refresh.,2.2681358999305146,56.200393380130116,0.02104907405099525,8.964988460012494,1.7575148121903532
pg_01074,cl_028,rewrite,Under-performing and aging — needs a content refresh.,2.266966552876614,86.56162922999032,0.06789141980229521,6.383498773761025,2.638447663261608
pg_03824,cl_035,rewrite,Under-performing and aging — needs a content refresh.,2.264671632356885,82.2714111754535,0.05062842377256,12.189001560736624,0.05
pg_00688,cl_026,rewrite,Under-performing and aging — needs a content refresh.,2.264518180044876,62.390070197348756,0.03507337331643234,8.601339586132802,0.05
pg_03654,cl_040,rewrite,Under-performing and aging — needs a content refresh.,2.2640859091911887,69.5036906270245,0.04969950184297642,5.432859706148436,0.2978119448318679
pg_03886,cl_004,rewrite,Under-performing and aging — needs a content refresh.,2.2600839557479677,70.12704177762139,0.03661282447674474,7.227019225716724,0.7691639871315487
pg_02485,cl_021,rewrite,Under-performing and aging — needs a content refresh.,2.2550386154660265,67.27115003533969,0.06311935707724252,5.91213325109886,1.7108518058600568
pg_02561,cl_021,rewrite,Under-performing and aging — needs a content refresh.,2.2478259361282404,72.44112695090504,0.03825330539059503,15.767231457399921,1.7796078512806104
pg_03729,cl_038,rewrite,Under-performing and aging — needs a content refresh.,2.247174467694348,73.64304988142443,0.03708293033006649,7.747558008681706,1.2230895816200233
pg_01696,cl_028,rewrite,Under-performing and aging — needs a content refresh.,2.247054086873717,68.87768683289617,0.04109831815700491,6.897074735737267,1.262826737020222
pg_01237,cl_007,rewrite,Under-performing and aging — needs a content refresh.,2.2396562553334696,65.99723700295397,0.03165029178562439,8.567597547701235,2.2793118634504284
pg_01653,cl_035,rewrite,Under-performing and aging — needs a content refresh.,2.236984360610885,67.40492505082528,0.037342961801835425,6.1353461660775395,1.1272317038186643
pg_01040,cl_042,rewrite,Under-performing and aging — needs a content refresh.,2.236711211014391,59.782540749779145,0.03181174624295711,12.745697342272218,0.93037125918959
pg_02410,cl_031,rewrite,Under-performing and aging — needs a content refresh.,2.2319195982767264,70.6902558210784,0.05408338913085518,11.613181752344191,2.538253953342073
pg_03527,cl_005,rewrite,Under-performing and aging — needs a content refresh.,2.2315606481025996,67.07876391626715,0.020761119995524286,4.868981106783819,1.0096841007658814
pg_03068,cl_008,rewrite,Under-performing and aging — needs a content refresh.,2.228026133314798,61.59349599320232,0.03028115222232581,6.367036995262346,1.048438665317038
pg_02225,cl_037,rewrite,Under-performing and aging — needs a content refresh.,2.2274580778402138,77.01091782873775,0.06422009838272849,11.372763023165433,2.466589862408987
pg_01478,cl_013,rewrite,Under-performing and aging — needs a content refresh.,2.21318383818715,64.61936615122916,0.02724980959843025,12.116739965787879,3.3378670444034255
pg_02441,cl_000,rewrite,Under-performing and aging — needs a content refresh.,2.2108077553093173,65.71345833528534,0.040800186794487256,11.152675237882995,1.6367831588168384
pg_02194,cl_039,rewrite,Under-performing and aging — needs a content refresh.,2.2044855418273657,76.5169552884558,0.06142646720109746,14.292723230703496,1.365238039821631
pg_02060,cl_053,rewrite,Under-performing and aging — needs a content refresh.,2.2032413201241816,65.3235694060951,0.054832512843681,6.0850905490139855,1.4069598471391758
pg_03350,cl_009,rewrite,Under-performing and aging — needs a content refresh.,2.2025426713384304,85.51103288921307,0.030998983479152396,13.236710770235751,4.185856312997856
pg_03169,cl_036,rewrite,Under-performing and aging — needs a content refresh.,2.1997308028452003,66.81798196509575,0.05190882368509671,9.511009374858903,0.3929038472399119
pg_00300,cl_021,rewrite,Under-performing and aging — needs a content refresh.,2.1960853488241003,108.77233629268764,0.044936189092111896,16.316012446359554,4.026401800900411
pg_01727,cl_034,rewrite,Under-performing and aging — needs a content refresh.,2.1948399324893573,89.075477020967,0.036941940375457116,15.035776088810563,1.935462226252654
pg_01982,cl_003,rewrite,Under-performing and aging — needs a content refresh.,2.187053456056486,53.66924947824009,0.023109564521495717,16.127682204478134,1.2920867047844935
pg_03153,cl_047,rewrite,Under-performing and aging — needs a content refresh.,2.1820395367833916,58.850545407349614,0.043727641652606605,11.702373772467102,0.36219087506627334
pg_01959,cl_011,rewrite,Under-performing and aging — needs a content refresh.,2.1797891571519417,67.193386794108,0.025559125639091046,4.724668227600139,0.5107011716026869
pg_03842,cl_033,rewrite,Under-performing and aging — needs a content refresh.,2.178396046599356,76.09065672902204,0.03961115871880268,9.733524401485022,0.5807387965047268
pg_03374,cl_040,rewrite,Under-performing and aging — needs a content refresh.,2.1773253698940622,79.93191742508961,0.01892200864646357,17.086881911926373,1.5559036860431275
pg_03352,cl_006,rewrite,Under-performing and aging — needs a content refresh.,2.1665984115603285,58.21547612556631,0.01917994019371977,12.967810693716373,1.4390329819017529
pg_01839,cl_033,rewrite,Under-performing and aging — needs a content refresh.,2.1652396524705906,57.5634788507932,0.03542119813648966,4.48232356905028,1.9358846277477664
pg_03071,cl_028,rewrite,Under-performing and aging — needs a content refresh.,2.159486492564694,57.10902316345435,0.035123152744115094,8.726809128817637,2.4797642283328543
pg_02056,cl_044,rewrite,Under-performing and aging — needs a content refresh.,2.156325191187725,63.325573013191594,0.033750694502138294,12.61172778616989,2.1382669370722462
pg_03827,cl_032,rewrite,Under-performing and aging — needs a content refresh.,2.146857864671638,73.18636601156221,0.05159329990432773,12.235248884592856,1.311693083695401
pg_01039,cl_049,rewrite,Under-performing and aging — needs a content refresh.,2.14650156697213,73.36172294568061,0.018020523680649807,13.023053473182244,1.1671836420171058
pg_02354,cl_018,rewrite,Under-performing and aging — needs a content refresh.,2.143136030622074,108.10231911219284,0.04465329597240292,7.414245755641131,2.7912051769712236
pg_01250,cl_014,rewrite,Under-performing and aging — needs a content refresh.,2.1413567941994156,69.50202275428428,0.07378649297106797,18.201230315912046,2.1675871684428616
pg_00364,cl_006,rewrite,Under-performing and aging — needs a content refresh.,2.1400066146631143,82.51966285616976,0.017225964152438374,3.760333734790011,0.5487987166225897
pg_02623,cl_055,rewrite,Under-performing and aging — needs a content refresh.,2.138235526078529,70.11947934142313,0.026189568653072422,8.530348443591315,3.905694788859896
pg_00067,cl_022,rewrite,Under-performing and aging — needs a content refresh.,2.1362335888642763,85.74662561398809,0.05340091057121272,13.567590302028382,1.7357412534830254
pg_01359,cl_021,rewrite,Under-performing and aging — needs a content refresh.,2.130248612282886,64.96259397357201,0.0313262732369301,17.19455704419456,1.54098015083694
pg_00433,cl_007,rewrite,Under-performing and aging — needs a content refresh.,2.1275158594812495,58.879277891744835,0.020483582552030335,8.958736861172309,0.6586298430520202
pg_00906,cl_024,rewrite,Under-performing and aging — needs a content refresh.,2.1260990480428847,61.39657529818773,0.03083224650031464,11.480781828200818,2.0976298957227226
pg_02172,cl_059,rewrite,Under-performing and aging — needs a content refresh.,2.121862433793801,78.5254980519653,0.05684530849543964,10.40108279615702,3.7376469922888793
pg_01689,cl_005,rewrite,Under-performing and aging — needs a content refresh.,2.121851550329512,64.82774503637064,0.03468556856343991,10.763882839239331,0.8092060588874018
pg_00305,cl_008,rewrite,Under-performing and aging — needs a content refresh.,2.116708338091839,56.622174227334284,0.05313611445641423,11.604203695337532,1.1563143647534164
pg_03973,cl_015,rewrite,Under-performing and aging — needs a content refresh.,2.116424872214931,80.87129177762324,0.07695694082431284,4.513662300144737,3.016231637305288
pg_00019,cl_027,rewrite,Under-performing and aging — needs a content refresh.,2.09752858670526,66.13387371431041,0.04916591800110914,3.481035030592607,0.45821665697419833
pg_01085,cl_050,rewrite,Under-performing and aging — needs a content refresh.,2.094827498516213,46.1499763529088,0.003795815072378951,14.296068469480868,0.7989523384686968
pg_02005,cl_007,rewrite,Under-performing and aging — needs a content refresh.,2.091367556672496,52.433544974754895,0.01855444318694183,9.620072101439238,1.7472921579086929
pg_01867,cl_045,rewrite,Under-performing and aging — needs a content refresh.,2.0869086539209967,61.819196598034,0.05597767542433678,11.798214325423878,1.9930947538925823
pg_01488,cl_006,rewrite,Under-performing and aging — needs a content refresh.,2.0821600096542476,64.85229073757947,0.03898554191085975,6.039234315748046,1.9641331836044924
pg_03556,cl_042,rewrite,Under-performing and aging — needs a content refresh.,2.0724377720114298,77.66946668777146,0.04010941609967497,8.529513770222254,0.8754422654820151
pg_01834,cl_024,rewrite,Under-performing and aging — needs a content refresh.,2.0714585438261404,74.69183051505881,0.025580823665430075,4.354655442827073,0.7454673445811066
pg_03339,cl_052,rewrite,Under-performing and aging — needs a content refresh.,2.0698249215039106,56.12248651748291,0.0319593577157166,13.217074868418834,1.1905467315631824
pg_03144,cl_045,rewrite,Under-performing and aging — needs a content refresh.,2.0676940236237913,69.88019622539629,0.051342367656295226,6.868377596937226,0.8049661245910182
pg_03557,cl_020,rewrite,Under-performing and aging — needs a content refresh.,2.063890074034035,64.80404584821811,0.06425871707976996,12.41356984684954,1.071894788185461
pg_02741,cl_005,rewrite,Under-performing and aging — needs a content refresh.,2.0616337019380833,57.8213784624753,0.02225490696518511,1.8395900794694562,1.96163256475168
pg_01216,cl_030,rewrite,Under-performing and aging — needs a content refresh.,2.0614195612355557,64.73659770341312,0.038166458480386106,5.6288038031072585,0.6351399828424743
pg_03298,cl_032,rewrite,Under-performing and aging — needs a content refresh.,2.055663578678437,75.66610883891103,0.04321181018002188,10.801947256885597,1.790999025962769
pg_02248,cl_009,rewrite,Under-performing and aging — needs a content refresh.,2.044251689940706,59.75472945486414,0.04346878832658836,8.276082951950185,1.7015558671688242
pg_00464,cl_000,rewrite,Under-performing and aging — needs a content refresh.,2.037725463199791,57.35045500028033,0.0190585120553968,5.080012303631244,1.2853147251922965
pg_00231,cl_051,rewrite,Under-performing and aging — needs a content refresh.,2.0340417895922354,49.515279501098235,0.013540348681062252,8.181447509880241,0.7508716653908701
pg_02645,cl_000,rewrite,Under-performing and aging — needs a content refresh.,2.031162087269985,88.80420800669182,0.0357715716410036,6.923306104300097,2.946950860904323
pg_00254,cl_039,rewrite,Under-performing and aging — needs a content refresh.,2.030177019099316,90.0314155824761,0.05242448367378713,3.175612239128964,3.22303296141438
pg_01586,cl_049,rewrite,Under-performing and aging — needs a content refresh.,2.0232145428955395,53.955712605031096,0.037429877005225036,6.500222925353477,0.733697309868621
pg_03148,cl_059,rewrite,Under-performing and aging — needs a content refresh.,2.0175310725225946,64.41400060930073,0.05484178177092683,9.001953918647642,1.6274844558986807
pg_03513,cl_008,rewrite,Under-performing and aging — needs a content refresh.,2.0158682353087896,55.43168140595574,0.011392917584819088,10.676321526485705,1.62408687527215
pg_03447,cl_033,rewrite,Under-performing and aging — needs a content refresh.,2.0108357255123983,65.60578602579336,0.060231592661005195,8.67192748569651,0.2718662506173445
pg_00616,cl_014,rewrite,Under-performing and aging — needs a content refresh.,2.008494093855114,54.52997324343178,0.04357059068674566,6.675010855772266,1.6321944713394658
pg_03615,cl_026,rewrite,Under-performing and aging — needs a content refresh.,1.9961744693257442,63.13284603721927,0.006516278044730553,11.843350975571528,0.8572400549184407
pg_02575,cl_019,rewrite,Under-performing and aging — needs a content refresh.,1.9918597792428456,58.58054307153141,0.023182869288902425,10.539518369354713,1.1069307471731569
pg_02250,cl_030,rewrite,Under-performing and aging — needs a content refresh.,1.98282094270612,60.761098091925795,0.039154583481716194,7.32347503436592,1.5824502776341305
pg_01678,cl_055,rewrite,Under-performing and aging — needs a content refresh.,1.978375753988573,53.66839186218264,0.04614764467399402,13.736135313917998,1.0640371248806513
pg_03043,cl_031,rewrite,Under-performing and aging — needs a content refresh.,1.9659576083639538,51.465712006037286,0.044609910049015745,8.663079520890749,1.128711881016996
pg_02801,cl_026,rewrite,Under-performing and aging — needs a content refresh.,1.9632189585763857,65.94034652341126,0.039843643051326566,7.409252962691044,1.669857843401622
pg_01955,cl_024,rewrite,Under-performing and aging — needs a content refresh.,1.9534118578340742,52.310335938863105,0.024586752554239116,13.283636156530527,1.0148432544112267
pg_01569,cl_059,rewrite,Under-performing and aging — needs a content refresh.,1.9381003524913996,54.70212850222712,0.009874323446660265,10.771114632166416,1.26009192137988
pg_00775,cl_057,rewrite,Under-performing and aging — needs a content refresh.,1.9302270206334617,57.92872183331132,0.016720207703108707,14.65667071069233,1.7021089844939459
pg_03312,cl_055,rewrite,Under-performing and aging — needs a content refresh.,1.9288957210843976,54.27909558738877,0.022842146041017034,7.71892000673648,1.5533186429725196
pg_02381,cl_026,rewrite,Under-performing and aging — needs a content refresh.,1.928844763756131,73.29720298004499,0.06062078485743441,9.025490304414665,1.5451655025023077
pg_00565,cl_014,rewrite,Under-performing and aging — needs a content refresh.,1.9273103095830877,46.68517497696396,0.028073420462803825,13.082156662622733,0.4385206180027649
pg_02794,cl_004,rewrite,Under-performing and aging — needs a content refresh.,1.9264037534326557,55.073668077769426,0.010956723798536891,9.889664583894195,1.198808145121435
pg_03581,cl_045,rewrite,Under-performing and aging — needs a content refresh.,1.9253564562989305,48.96016768547312,0.021501878697198402,7.778674177834923,0.8024181151674001
pg_03329,cl_055,rewrite,Under-performing and aging — needs a content refresh.,1.9249417384862704,61.03661561962072,0.04514632262878195,7.594208658103584,1.885871911236836
pg_03383,cl_054,rewrite,Under-performing and aging — needs a content refresh.,1.9197202685421697,57.26056999291632,0.01798259746523123,8.264626691553111,0.601200871122543
pg_02200,cl_021,rewrite,Under-performing and aging — needs a content refresh.,1.9142910720186488,49.06961582847263,0.025796115159146718,14.814144291259476,1.2259224443300183
pg_00844,cl_000,rewrite,Under-performing and aging — needs a content refresh.,1.913029133589244,55.87520624662057,0.04258976927285133,6.767792361244546,1.506839989677227
pg_01284,cl_022,rewrite,Under-performing and aging — needs a content refresh.,1.9116265391866056,54.16290805318344,0.05009760508234537,9.252701117178178,0.883942353530152
pg_00478,cl_039,rewrite,Under-performing and aging — needs a content refresh.,1.9094810241002425,57.699155190133766,0.02336737928069097,16.65489981987037,0.6607036183316333
pg_03252,cl_009,rewrite,Under-performing and aging — needs a content refresh.,1.9007262258360622,62.43955602321172,0.044648847618990226,7.976623518568913,0.4727936235464989
pg_02771,cl_002,rewrite,Under-performing and aging — needs a content refresh.,1.8915048943360409,53.38931996089684,0.04678011695675324,8.29561128938553,0.805373553039392
pg_02570,cl_048,rewrite,Under-performing and aging — needs a content refresh.,1.8592138089438548,56.29062546024347,0.03337791425120826,14.691302846686877,0.05
pg_02593,cl_005,rewrite,Under-performing and aging — needs a content refresh.,1.8557092892318556,53.080772472259305,0.04116632294523942,11.762389432779823,1.401993861636703
pg_03242,cl_053,rewrite,Under-performing and aging — needs a content refresh.,1.8545304623739276,54.672665372923426,0.04223967778212856,8.20123755151162,1.2940653335941528
pg_01572,cl_044,rewrite,Under-performing and aging — needs a content refresh.,1.8544776503270277,46.078767704421594,0.028934113578156725,8.618352627420382,0.9574056594164293
pg_02883,cl_002,rewrite,Under-performing and aging — needs a content refresh.,1.8499272609295507,57.84431032224453,0.04091406354806303,11.195906409257216,1.0284186496333767
pg_01600,cl_018,rewrite,Under-performing and aging — needs a content refresh.,1.8498071048288856,60.60144257657951,0.03752192318902715,6.427747660945338,1.3675699746412275
pg_01514,cl_014,rewrite,Under-performing and aging — needs a content refresh.,1.847170850723043,66.47806687566508,0.0502163303884507,10.232345626367083,2.4197000265181883
pg_00405,cl_030,rewrite,Under-performing and aging — needs a content refresh.,1.839256057349463,62.94781674165078,0.001,7.823239145591545,1.3691361119136063
pg_02528,cl_005,rewrite,Under-performing and aging — needs a content refresh.,1.8373451465328063,59.85022859466109,0.04499083162347955,7.518931286404326,1.6420732674077199
pg_01735,cl_047,rewrite,Under-performing and aging — needs a content refresh.,1.8339287725470885,69.76179579039314,0.05019019467526241,6.738548830467317,1.9255014858009312
pg_02796,cl_052,rewrite,Under-performing and aging — needs a content refresh.,1.824443210594245,56.57830276583327,0.0693614500287699,9.516531647677708,1.4664336039870163
pg_02936,cl_046,rewrite,Under-performing and aging — needs a content refresh.,1.8238291660451655,50.54697817169202,0.012933963658302013,10.972094478625902,1.6480999196464838
pg_01756,cl_020,rewrite,Under-performing and aging — needs a content refresh.,1.8167323459549,44.102144465217314,0.029293936312185957,13.250180567964257,2.1571836385285437
pg_03089,cl_028,rewrite,Under-performing and aging — needs a content refresh.,1.8123675093367597,54.67258762814795,0.06186522324236724,9.348792412113186,1.2043769741574994
pg_02549,cl_007,rewrite,Under-performing and aging — needs a content refresh.,1.8066464487224199,50.615837528038725,0.02930546273901021,4.197500132269763,1.6288893255837924
pg_01024,cl_049,rewrite,Under-performing and aging — needs a content refresh.,1.8030118103518165,40.4418492306429,0.013548240915266348,9.021655370175528,1.0623138351214194
pg_03614,cl_045,rewrite,Under-performing and aging — needs a content refresh.,1.7986219940575048,67.4599220268294,0.012979863383402398,18.07977699145374,0.9865772238503379
pg_02377,cl_008,rewrite,Under-performing and aging — needs a content refresh.,1.7975890326467476,80.50334143778193,0.05122037211523749,8.503716043786246,0.9641881650026072
pg_02898,cl_047,rewrite,Under-performing and aging — needs a content refresh.,1.7946036008963238,68.9265997768039,0.06808105734681028,8.302332229211292,3.0847775795671497
pg_01986,cl_049,rewrite,Under-performing and aging — needs a content refresh.,1.7929670070911796,42.651230914646916,0.03185663710223433,8.399494892807388,1.6217561720300746
pg_00248,cl_047,rewrite,Under-performing and aging — needs a content refresh.,1.7876092171202544,49.510403933724966,0.04017136773041969,5.978885327144672,2.0242873614869334
pg_02165,cl_055,rewrite,Under-performing and aging — needs a content refresh.,1.7824017872519269,55.96939025739899,0.04133080620576493,8.674073477864551,0.9708950628902556
pg_02319,cl_046,rewrite,Under-performing and aging — needs a content refresh.,1.7823610100364822,41.20393816724305,0.02523638212779873,5.694660340275543,1.2058452033324343
pg_02636,cl_020,rewrite,Under-performing and aging — needs a content refresh.,1.782300553119416,53.998398365039876,0.027013754173164036,6.248553366505712,0.8560770274878534
pg_03378,cl_051,rewrite,Under-performing and aging — needs a content refresh.,1.7818270471579143,56.57142910260641,0.06999510688152792,8.567878479825998,2.4234068892022638
pg_01097,cl_045,rewrite,Under-performing and aging — needs a content refresh.,1.7772895821209198,41.887495201376886,0.0346445102597026,14.54634572326213,1.704986824769528
pg_00916,cl_032,rewrite,Under-performing and aging — needs a content refresh.,1.77636193065244,58.025645474563056,0.03243660372814517,9.595246724722093,0.5203067907530698
pg_03327,cl_012,rewrite,Under-performing and aging — needs a content refresh.,1.77624926198605,64.3138634341147,0.048599465547727976,5.938851749849219,0.05
pg_00327,cl_002,rewrite,Under-performing and aging — needs a content refresh.,1.7704026201602003,56.45272503572142,0.03878670319457302,7.972437453901836,0.9557941719672317
pg_02627,cl_000,rewrite,Under-performing and aging — needs a content refresh.,1.7655679974699616,45.25228152175076,0.05175073373279057,9.493705336154937,1.6913615975547618
pg_02711,cl_001,rewrite,Under-performing and aging — needs a content refresh.,1.7642274719473146,53.45219755198735,0.04743382383449376,10.10512327922117,1.5611125774616808
pg_01799,cl_031,rewrite,Under-performing and aging — needs a content refresh.,1.755237033961969,54.50448526915037,0.04556026514486734,6.394156377439352,1.5407929345197138
pg_03408,cl_039,rewrite,Under-performing and aging — needs a content refresh.,1.7489700436584164,40.76545230983851,0.018583747855261235,9.705559866874239,1.2415269611977684
pg_03739,cl_049,rewrite,Under-performing and aging — needs a content refresh.,1.7482828360365636,63.5238093109351,0.041946863790843565,9.15036760730565,1.3345482788736152
pg_03216,cl_000,rewrite,Under-performing and aging — needs a content refresh.,1.7477812072284105,40.660540822783034,0.0313893597488602,9.579979919282884,1.8692428516747868
pg_00161,cl_039,rewrite,Under-performing and aging — needs a content refresh.,1.7471827504914532,46.01908916512516,0.04161529479242454,7.056817070765059,1.3989922787814408
pg_00622,cl_009,rewrite,Under-performing and aging — needs a content refresh.,1.7385100866469443,65.95887733196429,0.03499300922031953,11.514567316276104,0.5661973656356465
pg_00416,cl_058,rewrite,Under-performing and aging — needs a content refresh.,1.7376922234115417,48.50305460657445,0.046313185295085546,10.783908675012235,2.0593700798745553
pg_03037,cl_009,rewrite,Under-performing and aging — needs a content refresh.,1.7343603041502558,41.44461549435865,0.03784999146916632,14.124040881768618,0.5008785956169957
pg_01001,cl_044,rewrite,Under-performing and aging — needs a content refresh.,1.7114604852578499,40.9125582420164,0.032770810621866375,15.644090670170321,0.518672268251809
pg_02715,cl_027,rewrite,Under-performing and aging — needs a content refresh.,1.7029290196016256,41.62405413596649,0.03418047891463381,4.9928914808940155,1.9435147571721116
pg_02703,cl_050,rewrite,Under-performing and aging — needs a content refresh.,1.6957551481237534,51.33078433666483,0.02651700363305607,8.368830348327648,1.200861400240927
pg_01448,cl_044,rewrite,Under-performing and aging — needs a content refresh.,1.690557646272515,41.043089926924836,0.043946840898708914,9.127827671280107,1.3009786349312968
pg_02031,cl_010,rewrite,Under-performing and aging — needs a content refresh.,1.6852406958540118,53.926885459669634,0.024439209990216947,5.8919939552591964,0.9739244421324218
pg_03643,cl_029,rewrite,Under-performing and aging — needs a content refresh.,1.6818168870893975,51.86844176766742,0.03288686983926076,16.534272050625013,1.7101010207280425
pg_00246,cl_045,rewrite,Under-performing and aging — needs a content refresh.,1.6802679025165494,52.52066302026026,0.001,1.0,1.8362110801420246
pg_00846,cl_009,rewrite,Under-performing and aging — needs a content refresh.,1.6770625310671956,54.186670013831844,0.037612056481174286,12.891911281441505,2.816746831624256
pg_03127,cl_054,rewrite,Under-performing and aging — needs a content refresh.,1.6746585234608853,51.02744320947604,0.023882360750060627,7.653120327597361,1.1940652346610006
pg_01334,cl_032,rewrite,Under-performing and aging — needs a content refresh.,1.671488109282207,49.93379604616163,0.04145665615634745,7.733878696481195,0.9853912738639814
pg_01018,cl_002,rewrite,Under-performing and aging — needs a content refresh.,1.6672601937251523,65.87784249511546,0.042714048649956565,8.862859282599947,1.593299867330227
pg_02374,cl_041,rewrite,Under-performing and aging — needs a content refresh.,1.6573363653145041,34.82324373446316,0.008340322791201057,17.71089847999655,0.8990703773634653
pg_02844,cl_027,rewrite,Under-performing and aging — needs a content refresh.,1.6520243876527125,45.40249816277492,0.05612441775837948,9.655119398260927,1.0854108443021653
pg_01401,cl_014,rewrite,Under-performing and aging — needs a content refresh.,1.6462023755911275,52.8154623569091,0.009078460581971273,5.601972053406016,2.3971033260273757
pg_03679,cl_044,rewrite,Under-performing and aging — needs a content refresh.,1.6414457851289947,43.31269990098904,0.05866720225674687,8.039901934362497,1.9095651837771501
pg_02893,cl_054,rewrite,Under-performing and aging — needs a content refresh.,1.6390153105681757,41.35326740819018,0.04321712608445543,8.312757563862155,0.9746033428067367
pg_03932,cl_042,rewrite,Under-performing and aging — needs a content refresh.,1.6382232896239102,52.43211244142755,0.06291982585242839,11.791380209364696,0.9501595206994756
pg_02531,cl_048,rewrite,Under-performing and aging — needs a content refresh.,1.6316592665802372,33.280722547861984,0.018585416458707097,3.9878695570731013,2.081363358864638
pg_00447,cl_057,rewrite,Under-performing and aging — needs a content refresh.,1.6307418843651647,39.8963294866397,0.001,17.901475720772993,1.9472815697528922
pg_03908,cl_011,rewrite,Under-performing and aging — needs a content refresh.,1.6292360414890181,56.463605489972196,0.06261841631467416,11.056313945289379,1.290881173155397
pg_03274,cl_014,rewrite,Under-performing and aging — needs a content refresh.,1.6268199603005151,52.10145827095494,0.0491437852211899,9.198067041529425,1.156882722665696
pg_02614,cl_006,rewrite,Under-performing and aging — needs a content refresh.,1.6113211181080025,59.21749170620506,0.07039963840267238,12.700825697504648,1.3299795020751828
pg_00837,cl_011,rewrite,Under-performing and aging — needs a content refresh.,1.6112485333249158,58.85284764661353,0.030083840052236285,11.590636523193503,1.8010136419852372
pg_02036,cl_035,rewrite,Under-performing and aging — needs a content refresh.,1.6073850851224731,43.5519549754177,0.05147467556657231,10.323529227243386,0.9897648959786547
pg_01802,cl_027,rewrite,Under-performing and aging — needs a content refresh.,1.6027656726184234,48.201789105206146,0.044256385065287056,7.183018348720266,1.8403866580715849
pg_01672,cl_016,rewrite,Under-performing and aging — needs a content refresh.,1.6013815886097154,41.57476340288272,0.029768105952331404,10.589228472179467,2.2151817205015507
pg_02462,cl_028,rewrite,Under-performing and aging — needs a content refresh.,1.597212461769901,43.11697754338376,0.058486430645181636,14.490147489460604,2.3429962423358504
pg_00873,cl_007,rewrite,Under-performing and aging — needs a content refresh.,1.5961819781053705,34.329496580662294,0.033448425898321255,8.039767648685258,0.5766030450450587
pg_01651,cl_001,rewrite,Under-performing and aging — needs a content refresh.,1.5918402285902955,43.37561281280118,0.019848998771727255,11.201069194209106,1.53967708918316
pg_01384,cl_023,rewrite,Under-performing and aging — needs a content refresh.,1.585331038606435,36.744248217635544,0.04274093628316462,5.911233290978897,1.7392112632112942
pg_02954,cl_016,rewrite,Under-performing and aging — needs a content refresh.,1.577104393476296,62.525833063106354,0.04825358155934807,8.651128544978128,1.38301300957204
pg_02488,cl_031,rewrite,Under-performing and aging — needs a content refresh.,1.5764326475570303,47.8805650770003,0.02656028720633933,5.196061615532107,1.2477238433047828
pg_03288,cl_010,rewrite,Under-performing and aging — needs a content refresh.,1.5734626794328128,35.07114005865971,0.017049509061585477,4.664916428770018,0.7331672565377272
pg_03007,cl_025,rewrite,Under-performing and aging — needs a content refresh.,1.5730983794168507,78.35907507779459,0.03373177083929185,9.199753154856824,0.5438347922506499
pg_00548,cl_030,rewrite,Under-performing and aging — needs a content refresh.,1.5707171610980546,52.10865727898465,0.04173719024383139,7.102888840752533,1.8317416720911566
pg_03476,cl_032,rewrite,Under-performing and aging — needs a content refresh.,1.5707105742131826,42.4229856014981,0.050056269291579,13.10519802615121,1.8002308467417625
pg_00023,cl_055,rewrite,Under-performing and aging — needs a content refresh.,1.568930252383568,54.83069591120265,0.04194673483692765,6.264941171015289,1.59027055474825
pg_00661,cl_044,rewrite,Under-performing and aging — needs a content refresh.,1.5664257895809006,52.70019346433307,0.017958374429204733,8.888029862850791,1.0407848377670275
pg_02545,cl_023,rewrite,Under-performing and aging — needs a content refresh.,1.5584901217885174,43.9076673484236,0.05095776458995316,8.959322481437315,0.9323305425658543
pg_00628,cl_030,rewrite,Under-performing and aging — needs a content refresh.,1.552906528877105,55.795198869326185,0.05379706510287988,3.6239014323485144,0.9648184931797026
pg_03950,cl_022,rewrite,Under-performing and aging — needs a content refresh.,1.5442073857425251,31.207620464699666,0.0169654563547433,10.1945141659743,1.0015664526364916
pg_03687,cl_056,rewrite,Under-performing and aging — needs a content refresh.,1.5422382949272073,42.29453103134628,0.036845494078195845,8.561263258147932,1.0896275641813442
pg_01086,cl_048,rewrite,Under-performing and aging — needs a content refresh.,1.5413099638599332,53.84067390629923,0.06461359758241472,8.57477371743708,1.1183316988990684
pg_02914,cl_024,rewrite,Under-performing and aging — needs a content refresh.,1.537796868678908,54.126913852950054,0.03244794691156356,10.974827815813496,1.1469666163305672
pg_03603,cl_037,rewrite,Under-performing and aging — needs a content refresh.,1.5286344479282568,61.74061020740966,0.05065433822592485,13.83429941415253,2.78134539122923
pg_00331,cl_022,rewrite,Under-performing and aging — needs a content refresh.,1.5231154683055503,44.52157606310978,0.05065204529314811,6.281065521148484,0.9137166741893806
pg_00966,cl_036,rewrite,Under-performing and aging — needs a content refresh.,1.5143027227197046,56.03719023583815,0.05845836963897552,5.210242146561906,2.3679979769736335
pg_01340,cl_032,rewrite,Under-performing and aging — needs a content refresh.,1.4971972932613329,27.817445037992243,0.010500707126666876,15.502543429686483,1.3561866434600376
pg_03672,cl_035,rewrite,Under-performing and aging — needs a content refresh.,1.4967102092592406,40.89628607696704,0.01482007671719111,15.013445060625283,0.9755573097421154
pg_00504,cl_016,rewrite,Under-performing and aging — needs a content refresh.,1.4872504020514252,39.681325973856474,0.051385758482833145,7.260282518064218,1.625839936614525
pg_00411,cl_013,rewrite,Under-performing and aging — needs a content refresh.,1.4777503042430644,34.86115550835077,0.033978134153291234,7.00496804952135,2.572287805813904
pg_00883,cl_009,rewrite,Under-performing and aging — needs a content refresh.,1.4775655174170856,38.43322639365424,0.04196793234015094,16.705762557270553,0.7188155025879686
pg_03530,cl_022,rewrite,Under-performing and aging — needs a content refresh.,1.471581816301111,49.66924209014388,0.03497230345626383,11.680671064074964,0.7106116211569561
pg_01014,cl_031,rewrite,Under-performing and aging — needs a content refresh.,1.4702912029648605,47.3520239629337,0.06757468569530178,14.653529088044838,2.19534489719802
pg_03093,cl_014,rewrite,Under-performing and aging — needs a content refresh.,1.4657947461884517,37.47566575274222,0.03255638322359879,5.417158428267462,0.9983817314160987
pg_02685,cl_028,rewrite,Under-performing and aging — needs a content refresh.,1.4645869684074326,54.73577591817644,0.031015149308747242,6.894540500373389,1.0749562021777446
pg_02644,cl_027,rewrite,Under-performing and aging — needs a content refresh.,1.459770125882763,45.61212446811065,0.035972619613162074,10.255041968858725,1.2864053453152877
pg_01338,cl_046,rewrite,Under-performing and aging — needs a content refresh.,1.4441332255119326,33.85771247776108,0.016989101751678077,14.26702179069695,2.0843936293493286
pg_01076,cl_042,rewrite,Under-performing and aging — needs a content refresh.,1.432204287409993,48.21272446245608,0.03680080606480343,9.11786046471165,1.028173361788479
pg_00969,cl_002,rewrite,Under-performing and aging — needs a content refresh.,1.425504296867397,47.63843606734929,0.054535538190304815,14.442764650045406,1.7632184340021513
pg_00662,cl_002,rewrite,Under-performing and aging — needs a content refresh.,1.4211389184176033,30.67877861789799,0.03444731484069894,8.037140997850967,0.8916814300377667
pg_02093,cl_011,rewrite,Under-performing and aging — needs a content refresh.,1.4186451178111847,39.525411798731646,0.048059140179342284,6.308470675782753,1.0355088541239985
pg_01884,cl_037,rewrite,Under-performing and aging — needs a content refresh.,1.417244965137386,30.333001521144425,0.03013922593710559,2.9136705642057112,1.5218666626864363
pg_02629,cl_002,rewrite,Under-performing and aging — needs a content refresh.,1.4106156314325806,39.4926424418683,0.060184184296213875,11.19752812532538,1.1628979047519732
pg_03565,cl_015,rewrite,Under-performing and aging — needs a content refresh.,1.4061441291617396,26.17881873800105,0.014341712557224495,14.791900133006415,1.4315074239798398
pg_00979,cl_033,rewrite,Under-performing and aging — needs a content refresh.,1.4038290368655577,40.76444309326751,0.013401396753412363,9.512286733332033,3.2465080644664646
pg_01445,cl_002,rewrite,Under-performing and aging — needs a content refresh.,1.4006877738602703,39.379709261733666,0.001,5.839636266570729,1.4430225341339105
pg_03402,cl_009,rewrite,Under-performing and aging — needs a content refresh.,1.3984514498180736,39.100676407914534,0.026697467959553578,12.123468120090248,1.2542785759624668
pg_01353,cl_054,rewrite,Under-performing and aging — needs a content refresh.,1.3878479694183752,56.97380893344223,0.06165548954421484,14.081484382866153,1.5969042449206814
pg_02020,cl_018,rewrite,Under-performing and aging — needs a content refresh.,1.3846781731189324,31.271455311639375,0.023095402414318008,5.102065062014769,1.145949955740055
pg_02571,cl_055,rewrite,Under-performing and aging — needs a content refresh.,1.384417770305881,33.800871080779174,0.05765399508267209,8.940070605870199,1.7756187797996932
pg_03134,cl_042,rewrite,Under-performing and aging — needs a content refresh.,1.3774724001841365,30.68824742242127,0.030675457301464197,5.114848334758568,1.3615435620489347
pg_01589,cl_001,rewrite,Under-performing and aging — needs a content refresh.,1.3748652114139945,46.78694358987897,0.02407320865094302,9.257299331843516,1.7337416081323056
pg_03181,cl_011,rewrite,Under-performing and aging — needs a content refresh.,1.3747187184401166,32.425987506923406,0.024787510525304757,11.68908427655215,1.1169397120852638
pg_02477,cl_010,rewrite,Under-performing and aging — needs a content refresh.,1.3635745480298613,25.35617552648619,0.002118890792164249,7.967959076630088,0.8220531733038812
pg_01049,cl_007,rewrite,Under-performing and aging — needs a content refresh.,1.3633710790072695,39.76013542611054,0.04588500628621538,10.03080678707913,0.7997464497021656
pg_00108,cl_028,rewrite,Under-performing and aging — needs a content refresh.,1.3518478118649253,31.36930072783193,0.011924477704008455,5.2461580994319394,1.255979620722189
pg_01788,cl_028,rewrite,Under-performing and aging — needs a content refresh.,1.333842120921348,28.779531857954616,0.03358122553135853,9.119282877828896,0.8346318076835967
pg_03391,cl_031,rewrite,Under-performing and aging — needs a content refresh.,1.324609995986803,30.344626523251634,0.023577844175860656,9.374115206512764,0.4017392382692544
pg_01767,cl_028,rewrite,Under-performing and aging — needs a content refresh.,1.3162651153459843,27.564024214014218,0.030541414126401698,8.91248297100365,0.6019361339216219
pg_02469,cl_012,rewrite,Under-performing and aging — needs a content refresh.,1.3118843949009094,41.681391316132306,0.032039891148833405,7.312625060129436,1.0563312909997657
pg_01125,cl_050,rewrite,Under-performing and aging — needs a content refresh.,1.3050377280912375,38.64415347563662,0.04218582141288475,5.340682596370639,2.0411316243633406
pg_03035,cl_057,rewrite,Under-performing and aging — needs a content refresh.,1.289221227963818,43.28021999632129,0.03181820265206662,8.37339970238217,1.3456079606584446
pg_01110,cl_037,rewrite,Under-performing and aging — needs a content refresh.,1.2632948190470603,26.098819781634482,0.03103982479105026,7.926412508810245,1.597358516153322
pg_02069,cl_025,rewrite,Under-performing and aging — needs a content refresh.,1.2584429240487018,44.70987750138962,0.030208790333784402,11.317843989229758,1.3936613604959487
pg_02781,cl_056,rewrite,Under-performing and aging — needs a content refresh.,1.2520914702512476,51.70586845291038,0.0869313851260282,3.4104527476760884,1.7714699644854106
pg_03758,cl_004,rewrite,Under-performing and aging — needs a content refresh.,1.2509890980544176,50.40259440310341,0.04348256930269894,6.647272382916649,1.0823615317782838
pg_00967,cl_019,rewrite,Under-performing and aging — needs a content refresh.,1.2474481702011584,39.05296013658345,0.04130516281188625,5.342602746457175,1.220805174348007
pg_03314,cl_024,rewrite,Under-performing and aging — needs a content refresh.,1.2418257881275703,32.20170146281176,0.053777892995471685,6.797697299309455,1.0521479547521215
pg_00797,cl_027,rewrite,Under-performing and aging — needs a content refresh.,1.2274101021581336,27.587291734025115,0.035121191296215916,6.1792503419136295,1.4337748959877115
pg_02958,cl_030,rewrite,Under-performing and aging — needs a content refresh.,1.2048265864483139,28.124557511147408,0.046103511575498635,12.147246108504792,0.8449781775808228
pg_03376,cl_030,rewrite,Under-performing and aging — needs a content refresh.,1.1970554375731906,27.342169154990287,0.032406400564872005,5.194027717651036,2.2047558155951
pg_02370,cl_002,rewrite,Under-performing and aging — needs a content refresh.,1.1844974552214993,24.30532080050523,0.04037946829849176,6.306588764904075,1.632259599836965
pg_02231,cl_004,rewrite,Under-performing and aging — needs a content refresh.,1.1792695309813923,37.11879640276645,0.07472557657615228,6.396172459096622,1.0773801616992391
pg_00789,cl_000,rewrite,Under-performing and aging — needs a content refresh.,1.1774610741224738,44.30905458401957,0.031392711950605674,10.23564035260162,1.292645758917243
pg_02421,cl_045,rewrite,Under-performing and aging — needs a content refresh.,1.1682143916179932,57.163963915737654,0.05823381400778808,4.155902141913601,0.41801119163020295
pg_02733,cl_012,rewrite,Under-performing and aging — needs a content refresh.,1.166554763117974,26.162710713174498,0.03621418108441049,10.958787740333305,1.4083273658959954
pg_01020,cl_003,rewrite,Under-performing and aging — needs a content refresh.,1.159794371729638,26.893453932946507,0.024666349987861026,9.849997138070762,1.1517405984525748
pg_01140,cl_052,rewrite,Under-performing and aging — needs a content refresh.,1.1571804749820003,32.2588101497801,0.05542178643964165,5.659088533046983,0.6908866181994737
pg_03723,cl_059,rewrite,Under-performing and aging — needs a content refresh.,1.146891342114852,57.58375099328412,0.09484404177192862,8.470688146903031,2.5797184238318662
pg_00802,cl_030,rewrite,Under-performing and aging — needs a content refresh.,1.1323715798743985,23.23140969367302,0.03697271040237206,4.738009260682525,0.9179413274794102
pg_01390,cl_018,rewrite,Under-performing and aging — needs a content refresh.,1.0626020945204007,30.293534541068148,0.06289753200590055,4.3980042480327315,0.7463353937256645
pg_01755,cl_019,rewrite,Under-performing and aging — needs a content refresh.,1.0377901197333883,35.53566147837613,0.04077734991400549,10.388897998638392,0.7685996964118003
pg_02515,cl_049,rewrite,Under-performing and aging — needs a content refresh.,1.0180795814822559,30.768359768460748,0.002856826004179275,8.596952412505122,0.8137372061106999
pg_01913,cl_046,rewrite,Under-performing and aging — needs a content refresh.,1.016647991332581,28.73101038352135,0.006351321008466089,10.373112112178315,0.1432211468981448
pg_02979,cl_028,rewrite,Under-performing and aging — needs a content refresh.,1.0129799015329621,26.418211685007265,0.047665814622301565,6.765833912245329,2.9560120828234515
pg_01536,cl_009,rewrite,Under-performing and aging — needs a content refresh.,1.0072823839980944,23.687207074827008,0.05448011938471094,7.104615981218723,1.7749058019326789
pg_02907,cl_056,rewrite,Under-performing and aging — needs a content refresh.,0.9861309890226521,30.673091061298813,0.06922594090511631,2.3438813469895776,0.49566805727337226
pg_00650,cl_029,rewrite,Under-performing and aging — needs a content refresh.,0.9810722565592896,49.70020689113206,0.04495634551050725,12.859807564159986,4.227119009176156
pg_02611,cl_055,rewrite,Under-performing and aging — needs a content refresh.,0.9636657051818284,33.85856361755816,0.059218792501425734,10.229136017530518,1.707414747796507
pg_02694,cl_056,rewrite,Under-performing and aging — needs a content refresh.,0.95007679328722,23.76500395478434,0.03197873833912452,8.360494425209085,1.0448049481968757
pg_03972,cl_007,protect,"High performance, low staleness/volatility risk.",0.9485218325039094,305.1842662139178,0.01810375849035939,23.215602252596383,1.644883167755124
pg_00728,cl_029,rewrite,Under-performing and aging — needs a content refresh.,0.9383563981346569,18.014406625267902,0.014099227715193636,10.853912272661823,0.6242478443132778
pg_00187,cl_022,rewrite,Under-performing and aging — needs a content refresh.,0.9107846289034383,20.002771036704146,0.009183002823170795,13.75580805715637,1.0255536902013327
pg_02072,cl_024,protect,"High performance, low staleness/volatility risk.",0.8818055870876071,236.934827306029,0.001,13.782269663802463,0.4617912246404905
pg_01114,cl_011,protect,"High performance, low staleness/volatility risk.",0.8767493178736937,260.18524580271503,0.019017519100056866,17.823327238530258,1.7213607046811548
pg_03970,cl_028,rewrite,Under-performing and aging — needs a content refresh.,0.8750618324178981,26.054129729859966,0.03817119424367452,8.152622402659796,0.9543841616007767
pg_00146,cl_002,rewrite,Under-performing and aging — needs a content refresh.,0.8723799762613315,31.219241279552314,0.08983648386153353,3.319672634041575,1.0389520500625495
pg_02150,cl_019,rewrite,Under-performing and aging — needs a content refresh.,0.8694527304096213,19.51242267178634,0.05035375201863823,5.819505384620984,1.2231486296386695
pg_02585,cl_033,protect,"High performance, low staleness/volatility risk.",0.8678430563992543,311.29173963190385,0.010123718141116232,29.644751613686545,2.4553335005633636
pg_03867,cl_048,protect,"High performance, low staleness/volatility risk.",0.8665753837248094,230.06011011948252,0.0038535146050117054,35.162656390853456,0.884450979021653
pg_03075,cl_044,rewrite,Under-performing and aging — needs a content refresh.,0.862891050338099,22.15397396707953,0.044810785910886934,9.68852122370523,1.5977681490836089
pg_03056,cl_048,protect,"High performance, low staleness/volatility risk.",0.8573376928285731,310.83027947978405,0.03350416868058113,20.840353316351074,2.4737080649785064
pg_02921,cl_046,rewrite,Under-performing and aging — needs a content refresh.,0.855845528150025,25.508473942287253,0.07839990210070985,4.861524388787153,0.6300273218485727
pg_01567,cl_036,protect,"High performance, low staleness/volatility risk.",0.854509487572792,206.92548890102682,0.01064644036279197,19.04339262182716,1.595427838432679
pg_01322,cl_032,protect,"High performance, low staleness/volatility risk.",0.8535131561732476,318.2184903000683,0.009296494040936423,25.932828901065555,1.7381581968033695
pg_00315,cl_039,rewrite,Under-performing and aging — needs a content refresh.,0.8499112555911194,18.855420879643887,0.04527197292372971,8.830473157829127,1.4582071413772024
pg_00673,cl_005,protect,"High performance, low staleness/volatility risk.",0.8441494587275398,301.46665301824,0.0046499776985913285,16.237747238897818,2.7320628194993763
pg_03477,cl_031,protect,"High performance, low staleness/volatility risk.",0.838087337374509,241.1975661116945,0.014094022511110223,26.67811817823707,2.0123231955931606
pg_02887,cl_003,protect,"High performance, low staleness/volatility risk.",0.831861419629701,384.0429562748065,0.010815650015149832,18.65912774225201,0.5404573283810026
pg_02843,cl_028,protect,"High performance, low staleness/volatility risk.",0.8314514166808211,300.5218207446686,0.006853551391619519,16.65110017630635,1.5541872892916362
pg_01241,cl_046,protect,"High performance, low staleness/volatility risk.",0.8297460369924599,283.54970390451155,0.00650299190899814,24.69939893222088,1.5300392278327042
pg_02604,cl_045,protect,"High performance, low staleness/volatility risk.",0.8293907828638271,252.2201686206747,0.0053277090205212365,28.908158145916417,1.4855458486814166
pg_03632,cl_002,protect,"High performance, low staleness/volatility risk.",0.8246419646285883,337.4186387949073,0.022378903512166558,24.978904793436033,3.3280485863010485
pg_01966,cl_022,protect,"High performance, low staleness/volatility risk.",0.822745912198927,331.79360991353457,0.016542629471417096,23.388773897783707,2.0239177664540806
pg_03819,cl_053,protect,"High performance, low staleness/volatility risk.",0.80871326302989,264.6942579773904,0.018783720282548468,19.780617303656044,1.9811755011702314
pg_02403,cl_033,rewrite,Under-performing and aging — needs a content refresh.,0.8057141352440178,19.025380332187325,0.021577053616854427,3.9618325558769696,1.2375176311207545
pg_02790,cl_056,protect,"High performance, low staleness/volatility risk.",0.7991599522344405,304.8118699507846,0.024622205728019576,13.566371835836783,1.3945673576240991
pg_01055,cl_059,protect,"High performance, low staleness/volatility risk.",0.7982437698215776,327.54351270423354,0.016314159981957142,15.176767668940519,0.5935434719971093
pg_01926,cl_021,protect,"High performance, low staleness/volatility risk.",0.795243361774892,238.0891558200423,0.015414250100519429,18.739352957300696,3.4687111980241747
pg_02857,cl_046,rewrite,Under-performing and aging — needs a content refresh.,0.7944762151085005,20.7213126933499,0.01155273817676583,21.26461764548379,1.7421654010906624
pg_02578,cl_058,protect,"High performance, low staleness/volatility risk.",0.7926682524705465,239.32019341231194,0.018546887244730623,20.556664870194364,2.82869940378553
pg_02243,cl_006,protect,"High performance, low staleness/volatility risk.",0.7900248381736021,315.39197030949447,0.02891345397986487,15.941579955771756,1.683951509190506
pg_02367,cl_010,protect,"High performance, low staleness/volatility risk.",0.7894308209648517,168.91093949929257,0.022723447247580384,16.217439619995872,0.4448450779537514
pg_03433,cl_020,protect,"High performance, low staleness/volatility risk.",0.7868309511986191,241.7658895623944,0.001,9.169344170573531,1.783630607684591
pg_01525,cl_002,protect,"High performance, low staleness/volatility risk.",0.7863155987568893,298.32437180765595,0.011499672804762221,14.043239664622904,2.269039371207248
pg_02366,cl_020,protect,"High performance, low staleness/volatility risk.",0.7853053827637556,289.1142063558583,0.025512868651744666,11.982441828964998,2.0137125343785613
pg_01903,cl_014,protect,"High performance, low staleness/volatility risk.",0.782768325778723,296.3519880391975,0.0065122990945202155,16.317208924353217,1.3879338429121515
pg_01524,cl_036,protect,"High performance, low staleness/volatility risk.",0.7815053605175662,391.73581463707126,0.01655825069640208,15.018039751082814,0.8973586111575345
pg_00071,cl_011,protect,"High performance, low staleness/volatility risk.",0.7803925636197543,189.12406964295107,0.008224908831193636,7.697355264378437,3.029673807957529
pg_02613,cl_035,protect,"High performance, low staleness/volatility risk.",0.7784060477857841,328.60968965160544,0.01912382292020488,16.126161353562086,1.848983315898733
pg_01126,cl_051,protect,"High performance, low staleness/volatility risk.",0.7758299207356488,222.61134830114437,0.013768537107007883,25.963568668913886,1.9871619007333214
pg_03259,cl_024,rewrite,Under-performing and aging — needs a content refresh.,0.7747681331368382,18.099397898227686,0.022014999475797725,17.783445558699356,1.7047618599297718
pg_03310,cl_030,protect,"High performance, low staleness/volatility risk.",0.7716754261828312,189.61128269685668,0.03839052995582627,22.687872646937883,1.4837489576455387
pg_03956,cl_031,protect,"High performance, low staleness/volatility risk.",0.7711164224242755,239.33559732095253,0.023038280951636174,15.526003622377235,1.5591936644906605
pg_02919,cl_022,protect,"High performance, low staleness/volatility risk.",0.7705790902904919,224.81719246044258,0.012615819961430111,15.236803349087253,1.7564654078421023
pg_02997,cl_020,protect,"High performance, low staleness/volatility risk.",0.7675490922804382,311.71177506963585,0.027560207373800494,17.85499693672292,1.3291746358918204
pg_03604,cl_055,protect,"High performance, low staleness/volatility risk.",0.7674879918130643,228.4319532803675,0.018164763771801592,12.495728992300004,1.7839257217936786
pg_00712,cl_043,rewrite,Under-performing and aging — needs a content refresh.,0.7670239672948281,26.36511841605774,0.03142418333234318,12.532385258805999,1.2454630042392383
pg_01784,cl_043,protect,"High performance, low staleness/volatility risk.",0.7662206021295588,207.83358575412012,0.02046277236563976,21.96206411105932,2.100044952889513
pg_01868,cl_001,protect,"High performance, low staleness/volatility risk.",0.7636967597232366,189.11837831816445,0.001,9.225517756283473,0.27672336866937874
pg_00158,cl_030,protect,"High performance, low staleness/volatility risk.",0.7626983345979237,227.0805851877474,0.001,17.796268210914036,2.694383947478608
pg_02014,cl_038,protect,"High performance, low staleness/volatility risk.",0.7606980360154568,268.1251524531188,0.009558480872814072,13.680618125226097,3.107912400482083
pg_00551,cl_023,protect,"High performance, low staleness/volatility risk.",0.7586037231909939,245.53982875820589,0.004147219403380651,21.17031178039516,3.1031093596849684
pg_01196,cl_042,protect,"High performance, low staleness/volatility risk.",0.7577188105670243,239.13058240842733,0.00874488258263785,18.32036919460187,0.6588694380318074
pg_01860,cl_044,protect,"High performance, low staleness/volatility risk.",0.7526684513867233,346.3165058116399,0.02248367383587467,12.858678003393166,2.1857150309148694
pg_03233,cl_000,protect,"High performance, low staleness/volatility risk.",0.7518865141200619,281.953730159607,0.01352125315556153,13.354423688084808,2.268526527589789
pg_01693,cl_023,protect,"High performance, low staleness/volatility risk.",0.747029602882662,243.14214915811385,0.010667722280797426,13.533553076958729,1.82137034047338
pg_03803,cl_001,protect,"High performance, low staleness/volatility risk.",0.7463087287744865,238.41329324158352,0.008243530014490668,16.423600608310565,2.4902465446607405
pg_02497,cl_053,protect,"High performance, low staleness/volatility risk.",0.7406107478123636,225.8667400075508,0.0027386676895659896,17.554831554376143,2.1477643960061643
pg_00838,cl_000,rewrite,Under-performing and aging — needs a content refresh.,0.7401367578763426,24.699012178012126,0.07140229980656207,4.7302235269394535,1.844315340837921
pg_01473,cl_012,protect,"High performance, low staleness/volatility risk.",0.7351009370573771,273.9209429488719,0.01410764763533921,20.20537840085581,1.0428483088424025
pg_00563,cl_010,protect,"High performance, low staleness/volatility risk.",0.7344410790833548,263.63015498081694,0.010316776266858408,20.710273252743484,1.1107874760203273
pg_02052,cl_021,protect,"High performance, low staleness/volatility risk.",0.7340950392102383,344.57087138564486,0.018085118212508116,15.079634304568689,2.279565511303873
pg_02461,cl_012,protect,"High performance, low staleness/volatility risk.",0.731536513687959,221.90308797746863,0.012822598432335101,23.970719462697964,0.6094948444925747
pg_03912,cl_011,protect,"High performance, low staleness/volatility risk.",0.7303425355428579,248.61046676139108,0.007252972078216086,18.941143522516132,1.1935979987403864
pg_02372,cl_003,protect,"High performance, low staleness/volatility risk.",0.7299911319095783,250.21742320163887,0.013544942025175324,16.535208746843573,1.5571200134005085
pg_00028,cl_032,protect,"High performance, low staleness/volatility risk.",0.7293433730266666,298.2755251406995,0.015037053507974744,16.025013643509126,1.5483942675090505
pg_03623,cl_026,protect,"High performance, low staleness/volatility risk.",0.7277037408906516,139.51891424452677,0.020598221474632274,11.485761464164312,1.003440188425006
pg_03425,cl_058,protect,"High performance, low staleness/volatility risk.",0.7274529471564675,176.16513518432362,0.019255505026068025,8.711327129108057,0.6827600850941306
pg_01276,cl_039,protect,"High performance, low staleness/volatility risk.",0.7270782416639487,205.6919537596667,0.004919850633963014,14.712094993621976,3.5541135251408265
pg_02480,cl_039,protect,"High performance, low staleness/volatility risk.",0.726648451475553,281.5836576461191,0.026091266896484486,12.905696164666438,2.351291754148956
pg_03368,cl_025,monitor,Performing but unstable — position volatility flags it.,0.7260561225462521,162.71755696965312,0.0700001407567397,10.952800099138358,6.966984793047525
pg_02662,cl_008,protect,"High performance, low staleness/volatility risk.",0.725829705375493,216.68088603788516,0.006933688868728159,19.382963009037226,2.1579107570491765
pg_01720,cl_005,protect,"High performance, low staleness/volatility risk.",0.7256836267655079,176.074625105329,0.010939489997329892,12.673390933610198,0.6376816253756084
pg_02238,cl_028,protect,"High performance, low staleness/volatility risk.",0.724781482111329,261.3231048167445,0.009646411967290654,20.0455509956502,3.00637875097436
pg_00597,cl_046,protect,"High performance, low staleness/volatility risk.",0.7236320809357875,179.8325672073671,0.013332045339071247,15.364818839681922,3.049335981453467
pg_01719,cl_031,protect,"High performance, low staleness/volatility risk.",0.7228993516934179,324.24099440695215,0.011349456571345253,10.169066145397615,3.0270231184523757
pg_01683,cl_047,protect,"High performance, low staleness/volatility risk.",0.7217691187210972,210.20042309107484,0.001,17.108335115754215,1.347193445231931
pg_01991,cl_026,protect,"High performance, low staleness/volatility risk.",0.7205500570755887,168.53423373229495,0.024760726819721395,13.19362007021667,1.9452099722985638
pg_01941,cl_015,rewrite,Under-performing and aging — needs a content refresh.,0.7197442103304952,17.592637184820497,0.03652388670031556,8.940133066403542,1.343004616576389
pg_01470,cl_053,protect,"High performance, low staleness/volatility risk.",0.7175343900255521,228.63924155869432,0.01850341034451468,8.892915183160879,2.23369540835692
pg_00866,cl_049,protect,"High performance, low staleness/volatility risk.",0.7147436073941873,262.38926534782814,0.018565423782954497,8.688615159937626,2.1254065303045593
pg_02253,cl_030,protect,"High performance, low staleness/volatility risk.",0.7133176047566085,239.93351974094912,0.008785009645776876,14.208232449985449,1.6121471820013233
pg_00197,cl_007,protect,"High performance, low staleness/volatility risk.",0.7131194643223931,269.1643672518877,0.010255854046341554,13.814831733880546,1.1249222869620492
pg_02148,cl_050,protect,"High performance, low staleness/volatility risk.",0.7121588879811771,215.28741854954922,0.03310329379764741,17.52192976724787,1.1615824949810984
pg_00994,cl_031,protect,"High performance, low staleness/volatility risk.",0.7118229647316414,224.42955300438308,0.02058947287224825,16.827017451444853,1.7982589888149225
pg_00510,cl_059,protect,"High performance, low staleness/volatility risk.",0.711589394870856,284.9318398359583,0.009786641677979963,14.285396160454821,2.593093224744724
pg_03673,cl_000,protect,"High performance, low staleness/volatility risk.",0.7086672302453652,168.49274935514575,0.003732249530106575,16.060162668030095,1.4438325066693467
pg_03989,cl_028,protect,"High performance, low staleness/volatility risk.",0.7086284998143021,269.436954831443,0.025508583969153988,22.37642232334887,1.2655172271659285
pg_03522,cl_049,protect,"High performance, low staleness/volatility risk.",0.7050987268800174,215.3489333341311,0.011396606365214543,22.37455030137849,2.4265075229667254
pg_03684,cl_058,protect,"High performance, low staleness/volatility risk.",0.7023374381487848,261.1526000052184,0.025579866807295064,15.792749707833876,1.5839835301473248
pg_01972,cl_040,protect,"High performance, low staleness/volatility risk.",0.7022677698704565,237.40806990538167,0.014035724700877193,24.897210864910164,2.9994098030175134
pg_00222,cl_042,protect,"High performance, low staleness/volatility risk.",0.7004370241364217,261.760287198892,0.013560278907788693,14.008326106305866,2.479861420368521
pg_01825,cl_054,protect,"High performance, low staleness/volatility risk.",0.6999800367471253,206.850385613335,0.017058741065826052,18.422751082072242,1.3693734793720287
pg_00055,cl_002,protect,"High performance, low staleness/volatility risk.",0.6995397158320003,241.72749855656184,0.003987431791887677,12.634999229508228,0.9019886262604822
pg_00262,cl_017,monitor,Performing but unstable — position volatility flags it.,0.6961583020283558,257.8255172788099,0.009070959856707264,21.42524481825257,3.7105395763881663
pg_03639,cl_037,protect,"High performance, low staleness/volatility risk.",0.6940392803090633,200.20102093471903,0.0031147367270352427,17.709375224822562,2.8364379738020937
pg_00541,cl_003,protect,"High performance, low staleness/volatility risk.",0.6930013440000213,276.6970915101528,0.02415268386646545,19.07429944447396,2.1055658410633913
pg_00676,cl_034,protect,"High performance, low staleness/volatility risk.",0.6926634530120152,227.4499139280028,0.015314067875798434,13.165619541346828,1.4272208602195398
pg_01383,cl_053,protect,"High performance, low staleness/volatility risk.",0.6912265828758719,233.5359790334904,0.015931975797158826,20.313249481228173,1.6075819975258616
pg_02591,cl_022,protect,"High performance, low staleness/volatility risk.",0.6901131642175957,223.9864482828399,0.029795596456382637,16.50023433508508,1.4475994700699504
pg_02995,cl_037,rewrite,Under-performing and aging — needs a content refresh.,0.6899585834390459,16.614746020868914,0.03604594460289079,13.068130894454903,2.1438804426084848
pg_01289,cl_037,protect,"High performance, low staleness/volatility risk.",0.6897018106525906,287.9818491232986,0.026718086807150293,23.56604050294424,2.0212540890860384
pg_02753,cl_039,protect,"High performance, low staleness/volatility risk.",0.6890666486431993,222.63063737280964,0.009603042331342395,19.948124339445055,1.9363438965057698
pg_02967,cl_013,rewrite,Under-performing and aging — needs a content refresh.,0.6890504492491166,17.957351344260132,0.05607376287631901,6.5207611713407925,0.978244814411256
pg_01582,cl_030,protect,"High performance, low staleness/volatility risk.",0.6883261791577832,298.3146720046041,0.019221385890182418,13.875847116212038,2.643741942505852
pg_01532,cl_055,protect,"High performance, low staleness/volatility risk.",0.686131227820165,211.2774641263504,0.0037404489431582845,21.94823837394592,1.6659512215111734
pg_02751,cl_004,protect,"High performance, low staleness/volatility risk.",0.6861303158177179,278.4271292462588,0.014736141386833733,15.27149939025441,2.770578671730938
pg_01754,cl_037,monitor,Performing but unstable — position volatility flags it.,0.6855411021612449,317.90322616652554,0.016958928349675856,16.48459782238423,3.238968397328787
pg_00017,cl_007,rewrite,Under-performing and aging — needs a content refresh.,0.6840516027674831,20.28935546957899,0.07615827686743261,3.633815842371072,0.593971635487261
pg_01464,cl_051,protect,"High performance, low staleness/volatility risk.",0.6821302511290246,227.4950553694034,0.0061145882737231065,20.307968871136854,1.256999307361797
pg_00495,cl_024,protect,"High performance, low staleness/volatility risk.",0.6821038066499021,208.5662611325799,0.007469532608067763,22.59035816807541,2.796024622707205
pg_02900,cl_030,protect,"High performance, low staleness/volatility risk.",0.6816972453629051,215.89203198579017,0.015679268250947686,19.221752035582252,2.045731952214456
pg_02296,cl_010,protect,"High performance, low staleness/volatility risk.",0.6790563584921673,185.8742715159211,0.01693395484361646,18.795557782764874,1.8948847155388264
pg_01408,cl_000,protect,"High performance, low staleness/volatility risk.",0.6785154449566643,268.7801085230078,0.025248792328266413,17.684421543351124,1.9064591665770736
pg_02460,cl_020,protect,"High performance, low staleness/volatility risk.",0.6768679266591537,199.58393974590035,0.021066583748408585,14.650585968104995,2.5382250237587023
pg_00377,cl_044,protect,"High performance, low staleness/volatility risk.",0.6750558399456086,147.47467845339423,0.026062302058843457,8.479029426755346,0.6495524673203446
pg_00021,cl_022,rewrite,Under-performing and aging — needs a content refresh.,0.6745770698036159,23.433448919249784,0.07222830750486074,5.573355572757373,1.5624482741749484
pg_02044,cl_016,protect,"High performance, low staleness/volatility risk.",0.6739265132199596,206.64704698919022,0.008042196103952029,15.526339263387333,0.8233489497245443
pg_00521,cl_008,protect,"High performance, low staleness/volatility risk.",0.6736590313080009,255.95044940679932,0.015421736991411509,15.931920738246463,3.0222130908733282
pg_01056,cl_026,protect,"High performance, low staleness/volatility risk.",0.6735121331363257,175.2122291092322,0.019299161989723437,6.973064586548683,0.6302937271713831
pg_03318,cl_015,monitor,Performing but unstable — position volatility flags it.,0.6729906116755857,283.1536652353607,0.018880098898307735,11.984444014299935,3.195435368419944
pg_02503,cl_006,protect,"High performance, low staleness/volatility risk.",0.6704668782610637,207.3875271208076,0.008785145852818949,14.859139711024898,2.5137979377870323
pg_03178,cl_012,protect,"High performance, low staleness/volatility risk.",0.6691437831006002,149.38479327711786,0.017427918110951224,18.127578665266576,2.900488820967767
pg_03147,cl_050,protect,"High performance, low staleness/volatility risk.",0.6691005005038853,206.75729392301432,0.025601875692177964,13.426184055672291,0.21185896125813564
pg_02806,cl_017,protect,"High performance, low staleness/volatility risk.",0.6689975163542816,272.04402666271017,0.026861351149659096,14.604537857544027,1.3899203194083016
pg_00221,cl_027,protect,"High performance, low staleness/volatility risk.",0.6679761231907392,201.5879012463821,0.021606729130022508,17.92264618581599,1.7046293668249517
pg_03586,cl_027,protect,"High performance, low staleness/volatility risk.",0.6670646534778827,242.73893551420414,0.012056866256633724,7.957025988997977,2.3520851936906553
pg_03777,cl_051,protect,"High performance, low staleness/volatility risk.",0.666729729056116,222.2876089292465,0.007932051913718239,18.27129806649916,2.588173545059154
pg_00480,cl_017,monitor,Performing but unstable — position volatility flags it.,0.6666545924515594,208.91437776842153,0.012650681337120447,12.420330707043139,3.720175371538183
pg_02475,cl_025,protect,"High performance, low staleness/volatility risk.",0.6658679435597952,209.366987233042,0.027461652334929074,10.397793761505227,1.0278426834976555
pg_00867,cl_050,protect,"High performance, low staleness/volatility risk.",0.6646715502139715,187.04670888640172,0.006833306663772782,18.774015449873296,1.623111992442641
pg_00861,cl_055,protect,"High performance, low staleness/volatility risk.",0.6644328269164277,212.22817684375647,0.013463119314824974,15.937034250446002,0.9560411688850898
pg_03625,cl_044,protect,"High performance, low staleness/volatility risk.",0.6643517426149113,164.22285372566432,0.02527180810771974,20.517132142487196,0.5533614240898297
pg_02665,cl_032,protect,"High performance, low staleness/volatility risk.",0.6642627449956353,259.00736582573705,0.012344149209208096,17.648222086976894,2.3244818107698197
pg_00097,cl_040,protect,"High performance, low staleness/volatility risk.",0.6641533931913535,203.9423761062353,0.022183479613308372,23.036495336790562,1.5428403432573885
pg_02195,cl_048,protect,"High performance, low staleness/volatility risk.",0.6640628388636498,146.347058942069,0.03272522931202136,12.909250324985294,2.2703713549379048
pg_03651,cl_004,protect,"High performance, low staleness/volatility risk.",0.6631796175725728,172.65889146995906,0.01921248764044826,16.308744481581893,2.4356796389773194
pg_01258,cl_032,protect,"High performance, low staleness/volatility risk.",0.6626835366083064,220.53248628501768,0.025939453535835114,15.009099139744016,1.7924805915980069
pg_02448,cl_046,protect,"High performance, low staleness/volatility risk.",0.6615349734635037,277.150032375524,0.016359144023075634,16.53590822114777,1.06431773202516
pg_02298,cl_013,protect,"High performance, low staleness/volatility risk.",0.6613158965407024,193.5992940426379,0.021657742660235672,23.13915794216148,2.54190103678037
pg_02720,cl_037,monitor,Performing but unstable — position volatility flags it.,0.6612685091432269,307.97305444133,0.014591318607022273,11.553367843838114,3.98581620358593
pg_00678,cl_031,protect,"High performance, low staleness/volatility risk.",0.6601864856816437,232.3352606950911,0.006676082415431923,15.578131599562388,1.5190375191213241
pg_00338,cl_012,protect,"High performance, low staleness/volatility risk.",0.6589924184586038,162.84780002225887,0.001,10.180982498971645,1.7028590978442883
pg_01272,cl_055,protect,"High performance, low staleness/volatility risk.",0.6588293586023504,153.83313295266296,0.017637213645168112,18.6967973825766,1.453158068756545
pg_03801,cl_034,protect,"High performance, low staleness/volatility risk.",0.6584949941367196,181.38136376373458,0.009223665532645099,21.162315372460533,1.5376541459674922
pg_00302,cl_000,protect,"High performance, low staleness/volatility risk.",0.6583420519200787,233.41689438638244,0.024611572137178503,16.170478774312727,2.0390296840277045
pg_03951,cl_013,protect,"High performance, low staleness/volatility risk.",0.6576844731973868,299.88849697027933,0.017818638384599395,8.087398451528333,1.1844605612659747
pg_03935,cl_050,protect,"High performance, low staleness/volatility risk.",0.6575603132388058,230.41339274068224,0.03479803055601667,11.395146720455546,2.54784601635758
pg_03662,cl_058,protect,"High performance, low staleness/volatility risk.",0.6575450397396584,179.37149085218982,0.0050166669500624865,18.39301976418345,2.0816456088782354
pg_02897,cl_037,protect,"High performance, low staleness/volatility risk.",0.6570827143932548,198.3402956940834,0.00997558298042117,13.402134850588489,0.7546804366088389
pg_00329,cl_033,protect,"High performance, low staleness/volatility risk.",0.6568837677187425,257.1470791008252,0.015737969817693726,17.048885408384507,2.2704847372050643
pg_01518,cl_029,protect,"High performance, low staleness/volatility risk.",0.6547871195839341,160.90338904908933,0.001,15.685300664204032,2.698668250169833
pg_02975,cl_028,protect,"High performance, low staleness/volatility risk.",0.6531916236504585,234.52068485915316,0.011084834606594932,17.047842331844894,1.739557474268779
pg_03257,cl_011,protect,"High performance, low staleness/volatility risk.",0.6529759359995712,210.72878303873748,0.006322884930962164,19.157166653521802,1.3671918725490904
pg_02944,cl_049,protect,"High performance, low staleness/volatility risk.",0.6527282266854746,202.83535939621342,0.027667588218970023,19.404886034152142,2.303938629440359
pg_01741,cl_044,rewrite,Under-performing and aging — needs a content refresh.,0.6490214755239371,14.08165577946636,0.03594128349795672,13.93863060137512,1.4759705088786865
pg_01934,cl_008,monitor,Performing but unstable — position volatility flags it.,0.6482300651844131,294.097453582247,0.031636636969545724,14.188671623680598,2.88063614104097
pg_00306,cl_018,protect,"High performance, low staleness/volatility risk.",0.6478878678700797,178.41516688070752,0.0086476596887767,22.189266744340685,1.9662825490298474
pg_00996,cl_031,protect,"High performance, low staleness/volatility risk.",0.646761662595302,172.65759791416784,0.018120849733069946,9.906754876936432,0.9933205547654808
pg_01402,cl_017,protect,"High performance, low staleness/volatility risk.",0.6458701401229137,192.23912269692576,0.03192910045127713,16.665783639508632,1.8659401298046283
pg_03917,cl_050,protect,"High performance, low staleness/volatility risk.",0.6438216893375063,157.24821474053448,0.00398802894233961,18.85291030106016,1.134228580477949
pg_03544,cl_002,protect,"High performance, low staleness/volatility risk.",0.6429709103333803,146.07029762209467,0.006603025025706019,16.881504583916797,3.0436988958841997
pg_03656,cl_030,monitor,Performing but unstable — position volatility flags it.,0.6422955916508557,129.6366234957657,0.05041217413570906,14.735027685308902,5.3271144630256755
pg_00133,cl_033,protect,"High performance, low staleness/volatility risk.",0.6418382848355859,147.42976225811344,0.04493542594765107,14.672013541306363,1.9794939162440293
pg_02293,cl_044,protect,"High performance, low staleness/volatility risk.",0.6413607003223768,167.89258937148895,0.008138836182711644,16.812638983445318,2.139530050924928
pg_03100,cl_021,protect,"High performance, low staleness/volatility risk.",0.6412629320385862,260.5765856473054,0.02380087856853974,20.749349922454485,2.707180460505555
pg_02856,cl_034,protect,"High performance, low staleness/volatility risk.",0.6408624464258167,242.8799389074716,0.01906569119102014,18.683562143717793,0.9628163692236216
pg_03179,cl_010,protect,"High performance, low staleness/volatility risk.",0.6405132224557141,185.0350743358666,0.010022641881068828,11.790675646842883,2.3498274196803273
pg_00675,cl_043,protect,"High performance, low staleness/volatility risk.",0.6397314893170951,193.02147455967167,0.017123665279879456,11.957626020478834,1.2836152716170406
pg_03126,cl_049,protect,"High performance, low staleness/volatility risk.",0.6394635837063092,248.98489312493115,0.03409167283314702,21.575697019949633,2.868565394644028
pg_02015,cl_019,protect,"High performance, low staleness/volatility risk.",0.6380936315719844,241.70126292033157,0.02910417968616338,17.699253246092216,2.4092282579468796
pg_02167,cl_050,monitor,Performing but unstable — position volatility flags it.,0.6376034522514742,273.6368993083592,0.030844058329740628,24.655219833941672,3.8598431676767317
pg_01479,cl_024,protect,"High performance, low staleness/volatility risk.",0.6373332068007906,223.28859158939812,0.027746411561953968,24.660403629639358,0.6830125537321572
pg_03116,cl_037,protect,"High performance, low staleness/volatility risk.",0.6364852739161835,142.11104594483498,0.009414578059666095,16.238807801214676,1.5307467827279102
pg_00925,cl_056,protect,"High performance, low staleness/volatility risk.",0.635519941783004,170.849242010276,0.020054904075363547,8.98101008674331,0.8967604508081907
pg_00826,cl_040,protect,"High performance, low staleness/volatility risk.",0.6354864262988502,167.36365353156594,0.01125843405610791,23.66381153053326,2.7384517615013197
pg_00544,cl_049,protect,"High performance, low staleness/volatility risk.",0.6354404126214858,236.60212105629307,0.03141930175853698,15.629576090265157,2.101801624237772
pg_01094,cl_019,protect,"High performance, low staleness/volatility risk.",0.6339986282525443,251.79343297599485,0.02248245342828656,15.68726879154087,1.8381169922036142
pg_03455,cl_051,protect,"High performance, low staleness/volatility risk.",0.6334930599506893,226.18986909845268,0.015146333056653805,19.158349862652145,2.2524577582795877
pg_01107,cl_054,protect,"High performance, low staleness/volatility risk.",0.6322773399021342,142.46435002998405,0.02820425629332709,17.987170742803478,0.8953845954497028
pg_00596,cl_034,rewrite,Under-performing and aging — needs a content refresh.,0.6313860907075506,17.243404554427755,0.06726357154973142,5.9634147348046955,0.6559782433524085
pg_00459,cl_006,protect,"High performance, low staleness/volatility risk.",0.6313021243364114,190.38506492031595,0.021535013215385132,15.445436691166623,1.8208142690033833
pg_01917,cl_029,monitor,Performing but unstable — position volatility flags it.,0.6312331044381041,239.7340701570839,0.024711248384525528,17.571917805427645,4.101112068273904
pg_01968,cl_050,protect,"High performance, low staleness/volatility risk.",0.6282220725347631,224.68349285574521,0.017064281229866182,11.754731238997948,1.277548657765101
pg_00370,cl_020,protect,"High performance, low staleness/volatility risk.",0.6274381793926875,208.2022977850587,0.015523663231901361,20.7811956748664,0.5140905330280683
pg_01816,cl_014,protect,"High performance, low staleness/volatility risk.",0.6270297067037992,228.77601516999167,0.011350063132812893,12.705295294626609,1.986355340887613
pg_01412,cl_015,protect,"High performance, low staleness/volatility risk.",0.6262286174353273,238.4719500838588,0.028094263019455126,15.377728935854803,2.1509409186876196
pg_00932,cl_015,protect,"High performance, low staleness/volatility risk.",0.6262244015498044,180.2410269964133,0.007937936925097786,20.372147199217096,1.97656975269549
pg_01798,cl_028,protect,"High performance, low staleness/volatility risk.",0.6232950922446437,184.81475836244724,0.008620192539687429,19.127909033531825,2.1769707219140093
pg_02149,cl_051,protect,"High performance, low staleness/volatility risk.",0.6215317773055729,138.01767712090157,0.0162711775736448,14.195524227536048,2.197282513586029
pg_01669,cl_043,protect,"High performance, low staleness/volatility risk.",0.6209116414669711,140.126875100365,0.01967801868597393,15.651426071990226,1.3461451837307579
pg_01887,cl_024,protect,"High performance, low staleness/volatility risk.",0.6208346694225876,118.95276036377743,0.04495560283483579,2.591002856318031,2.5920261211205404
pg_01978,cl_003,protect,"High performance, low staleness/volatility risk.",0.620553987913858,182.4634408862984,0.03830710689450266,7.489800820050853,2.5098837925352337
pg_00884,cl_048,protect,"High performance, low staleness/volatility risk.",0.6197938516497044,176.56764071036417,0.014824862628483997,13.763915211843191,2.707245080752241
pg_02310,cl_016,protect,"High performance, low staleness/volatility risk.",0.6197156348063646,265.47806288107074,0.030936823294741404,13.906998142991316,0.7192441834183809
pg_03736,cl_022,protect,"High performance, low staleness/volatility risk.",0.6195206891060192,168.78492296822577,0.03468625329669848,6.991584217481142,0.9395590888652235
pg_02617,cl_003,monitor,Performing but unstable — position volatility flags it.,0.6187384260105468,318.76952492658654,0.0202061473409956,19.79274239785035,4.560194384413652
pg_00308,cl_018,protect,"High performance, low staleness/volatility risk.",0.6185804016493699,133.21551022623927,0.03239706907069124,8.76430209258606,0.981945047794862
pg_00014,cl_043,monitor,Performing but unstable — position volatility flags it.,0.6177030402996961,247.11533700361892,0.012058475651544357,16.787516039609834,3.365889610937243
pg_02895,cl_032,protect,"High performance, low staleness/volatility risk.",0.6175978448280958,222.46243694133537,0.01398693632657306,12.403734346478476,1.660504108521875
pg_03016,cl_031,protect,"High performance, low staleness/volatility risk.",0.6175945307571534,171.56905810200772,0.00582986848941508,19.83423880913038,1.8173309493839422
pg_01213,cl_052,protect,"High performance, low staleness/volatility risk.",0.6175341419848729,143.45853889455208,0.021590656830266817,16.097472654443376,1.1834286752723846
pg_03690,cl_024,protect,"High performance, low staleness/volatility risk.",0.6174968246893943,181.52972749831792,0.022653441719145007,14.232004567645367,0.20300330268142863
pg_00769,cl_022,protect,"High performance, low staleness/volatility risk.",0.6167748090652505,130.4826065095105,0.02651983347954714,1.0,3.413334053183309
pg_02228,cl_017,protect,"High performance, low staleness/volatility risk.",0.6163924823562897,196.25510523646813,0.026000094354874357,19.22275231494082,2.766875264621876
pg_03005,cl_022,protect,"High performance, low staleness/volatility risk.",0.6161074708846311,194.57749909895952,0.03045054038010403,8.16325056517858,1.9570444422377844
pg_03589,cl_054,protect,"High performance, low staleness/volatility risk.",0.6160300378951451,134.57380327974374,0.017830264112661455,17.162242242597355,0.5952480203341861
pg_01561,cl_015,monitor,Performing but unstable — position volatility flags it.,0.6158735859184374,148.78681152035728,0.015099703852612247,24.908670318279043,3.6619998655298294
pg_00318,cl_056,protect,"High performance, low staleness/volatility risk.",0.6147710720717995,198.9158039196711,0.04007724785506933,14.146374242508957,1.553622393163046
pg_02631,cl_040,protect,"High performance, low staleness/volatility risk.",0.6141666008171103,242.5408553513699,0.021525547024135346,6.237757000161142,2.156951726996232
pg_00841,cl_039,protect,"High performance, low staleness/volatility risk.",0.6140882407595438,147.09702837556762,0.006826882975421028,12.250126836522803,1.663876069799585
pg_01472,cl_026,protect,"High performance, low staleness/volatility risk.",0.6137034335333964,219.57317492179735,0.016384345193498646,18.915248004085676,1.2767028743663187
pg_03858,cl_019,protect,"High performance, low staleness/volatility risk.",0.6123032964109347,212.38787343087844,0.019781317236434184,19.513758516484728,2.0744027713438458
pg_00489,cl_036,protect,"High performance, low staleness/volatility risk.",0.6121617744885337,138.68543511621013,0.033928218493169696,14.067049829047791,1.3983063326654124
pg_00444,cl_030,protect,"High performance, low staleness/volatility risk.",0.6111192258673488,195.38662034862887,0.017396586965589586,16.229655953152708,2.687516872392336
pg_00930,cl_032,protect,"High performance, low staleness/volatility risk.",0.610865525076813,150.10986285993354,0.004952592615911983,16.291062513675833,1.0405252774885305
pg_02506,cl_027,protect,"High performance, low staleness/volatility risk.",0.6093142849102002,157.05424045977787,0.006943185617424704,23.922837704456267,0.7581225237126228
pg_01285,cl_002,protect,"High performance, low staleness/volatility risk.",0.609006668377604,130.8325662752406,0.02671499528500248,14.867714741667942,0.6475275162055529
pg_00634,cl_010,protect,"High performance, low staleness/volatility risk.",0.6089739231105934,151.3770533215427,0.022705022138557945,15.608313057543196,2.9272771552753474
pg_00631,cl_019,monitor,Performing but unstable — position volatility flags it.,0.6080353628133734,231.07051322336682,0.03065770475454414,20.242369050366158,3.0622183164113754
pg_01475,cl_018,protect,"High performance, low staleness/volatility risk.",0.6079650775491032,187.26650856550927,0.005113132699361811,14.717935408695592,0.8807459674347768
pg_00169,cl_001,protect,"High performance, low staleness/volatility risk.",0.6077597903142751,205.94285786035812,0.011817935278674153,10.207913601415617,2.5199023787940535
pg_02827,cl_056,protect,"High performance, low staleness/volatility risk.",0.6063021852625918,165.2436284735325,0.010671130410294744,9.000538692345257,1.5277250123626835
pg_00020,cl_030,protect,"High performance, low staleness/volatility risk.",0.6062761039577584,146.5286176102598,0.001,18.898517430399217,0.27067314259088393
pg_01506,cl_054,monitor,Performing but unstable — position volatility flags it.,0.6061326326728663,233.56717630873618,0.006570026292728629,18.362640263179838,3.684470429473203
pg_03135,cl_000,monitor,Performing but unstable — position volatility flags it.,0.605642606001508,272.7588990037394,0.03568771855120066,16.711637476504734,2.683325332293103
pg_01280,cl_044,protect,"High performance, low staleness/volatility risk.",0.6043954298010052,112.7665552504154,0.010358819609816777,9.993045026911897,1.7352594059064281
pg_00529,cl_055,protect,"High performance, low staleness/volatility risk.",0.6040773683704859,150.5638415740684,0.0248911433624305,9.725671709270522,1.0855238818549326
pg_03608,cl_037,protect,"High performance, low staleness/volatility risk.",0.6040393577332095,174.96567341739387,0.02034178492770258,16.66181834460369,1.9353351955052107
pg_02729,cl_027,protect,"High performance, low staleness/volatility risk.",0.603422178553209,224.82853680337405,0.016388193664057138,16.573747837010455,2.2103737142137305
pg_00893,cl_058,protect,"High performance, low staleness/volatility risk.",0.6021974883884836,147.82209685176838,0.012170161046816251,10.424738026192339,0.8428124543530925
pg_00184,cl_029,protect,"High performance, low staleness/volatility risk.",0.6001840243720482,159.51850253182658,0.02765933626556818,22.41675818879396,1.7554577109587943
pg_03076,cl_006,protect,"High performance, low staleness/volatility risk.",0.5991309829347483,151.28463209971682,0.013081124192275832,11.607648197709066,1.8031146510753608
pg_00648,cl_057,protect,"High performance, low staleness/volatility risk.",0.5990229651360809,108.86959846529683,0.023299953539989593,16.973627365113053,0.7734232448012819
pg_01911,cl_053,protect,"High performance, low staleness/volatility risk.",0.59875114879981,177.2039962542605,0.011773254625409449,11.813324274600017,2.581384861859605
pg_01796,cl_058,protect,"High performance, low staleness/volatility risk.",0.5985647679265819,179.70818429103898,0.017562328766041562,13.55400734142423,1.3097547147693727
pg_02642,cl_012,protect,"High performance, low staleness/volatility risk.",0.5980569669404153,144.82359297375802,0.03673486336893375,17.637382041061297,2.3294714191247365
pg_01932,cl_050,monitor,Performing but unstable — position volatility flags it.,0.5972545312560538,222.16523691366697,0.015370836111498507,14.074342636226651,3.588977253810591
pg_02911,cl_005,protect,"High performance, low staleness/volatility risk.",0.5971167735413195,189.1183145562672,0.015200906914404736,12.685166038060588,2.605006359240042
pg_03590,cl_006,protect,"High performance, low staleness/volatility risk.",0.5968887103085111,232.65123292838672,0.039695667967271864,16.803605204828283,2.1493843277605027
pg_00761,cl_033,protect,"High performance, low staleness/volatility risk.",0.5955849584863809,119.97911099106618,0.010083945450560829,8.001820151275451,1.251262631428089
pg_00362,cl_013,protect,"High performance, low staleness/volatility risk.",0.5953134553761704,168.6330887781637,0.03129198014808891,18.09430923362476,2.1414157425807225
pg_01321,cl_016,protect,"High performance, low staleness/volatility risk.",0.5950977255210161,137.27147603318636,0.01603096032509804,10.971563150910436,1.6289739001425643
pg_02032,cl_005,protect,"High performance, low staleness/volatility risk.",0.5937076136067421,145.4460063938431,0.03290531445219602,12.45532731187016,0.5959425783260301
pg_01718,cl_024,protect,"High performance, low staleness/volatility risk.",0.5923145882987478,122.53011020758333,0.018771955541748736,17.79984919482462,2.6235465305607137
pg_02361,cl_045,protect,"High performance, low staleness/volatility risk.",0.5920310350167971,162.32293524328333,0.003288214437702674,17.494470332473725,1.4561788956833874
pg_03597,cl_033,protect,"High performance, low staleness/volatility risk.",0.5918670349062116,132.46079607102354,0.012220464673415019,18.56168868113254,1.9124061580536746
pg_00954,cl_047,protect,"High performance, low staleness/volatility risk.",0.5915843026913503,137.89670555602834,0.028696258690346046,17.162879365895297,1.9274553243137118
pg_00427,cl_048,protect,"High performance, low staleness/volatility risk.",0.5913277502518737,166.04189514667857,0.00756521485902931,25.534785712834257,1.771848044812658
pg_02625,cl_034,protect,"High performance, low staleness/volatility risk.",0.5905159040220225,147.84862207320978,0.01422339185633317,23.20824029372031,0.9902466590824188
pg_01369,cl_038,protect,"High performance, low staleness/volatility risk.",0.5901842005904977,207.48406011799807,0.01778398465872821,13.602339933423266,1.9767562910196392
pg_00047,cl_053,monitor,Performing but unstable — position volatility flags it.,0.5901272202841538,176.04975668056306,0.010990015211976154,12.014728222883818,3.591487646865289
pg_01602,cl_049,monitor,Performing but unstable — position volatility flags it.,0.5898746061804804,206.31406255940564,0.02840056614746298,8.81959232233501,3.018256642983271
pg_01760,cl_023,protect,"High performance, low staleness/volatility risk.",0.588914109875257,112.86589808810419,0.01458527942047115,16.297119436005055,3.6626353558435967
pg_02943,cl_011,monitor,Performing but unstable — position volatility flags it.,0.5885430837557931,155.75123841453154,0.06269999672511913,7.420172280290531,4.12304464098193
pg_02481,cl_051,protect,"High performance, low staleness/volatility risk.",0.5880629466109689,159.80629413461864,0.015640395219515206,10.837493399878834,1.2121625836865773
pg_00535,cl_009,protect,"High performance, low staleness/volatility risk.",0.5878556988591431,168.63317438988355,0.015490431734798825,14.776069797975964,0.2543591871391424
pg_03415,cl_024,protect,"High performance, low staleness/volatility risk.",0.5874799226966644,202.55733930971175,0.01721480914344801,8.87113909083332,1.6842492929833235
pg_02809,cl_011,protect,"High performance, low staleness/volatility risk.",0.5867890196069482,155.43240558301548,0.030881062927508314,14.738078962776251,0.8174582006766548
pg_02126,cl_018,protect,"High performance, low staleness/volatility risk.",0.5862279615617568,202.83320908800766,0.020450342885346997,17.669891474331298,1.1205052774010467
pg_03354,cl_058,monitor,Performing but unstable — position volatility flags it.,0.5859175325393762,153.1067016054585,0.05506726780990869,7.275691469282023,3.738201319793853
pg_02282,cl_019,protect,"High performance, low staleness/volatility risk.",0.5857534485048312,161.80170173045818,0.019218549981892277,16.378354034951933,1.312161438995353
pg_03025,cl_037,protect,"High performance, low staleness/volatility risk.",0.58565190654052,150.08730260613672,0.015341821447034616,8.489503048765158,1.1454475190290105
pg_01916,cl_016,protect,"High performance, low staleness/volatility risk.",0.5853111386187757,215.20529535360987,0.032079631934107386,20.67484152970209,1.5877414171697248
pg_00882,cl_026,monitor,Performing but unstable — position volatility flags it.,0.5847258349163481,201.50464531929543,0.041787759749660675,10.304743461460863,2.7668102872459865
pg_03731,cl_051,protect,"High performance, low staleness/volatility risk.",0.5844983533471416,118.54969697174597,0.042454038242784486,8.162837150694983,2.1592171952286012
pg_01830,cl_021,protect,"High performance, low staleness/volatility risk.",0.583497935130921,177.43042785413326,0.028277203931809304,17.954370032636856,1.5809591190819103
pg_00657,cl_037,protect,"High performance, low staleness/volatility risk.",0.5834043921239801,236.5468847155504,0.035540002884718425,20.291177386429307,2.549397883329344
pg_03540,cl_044,protect,"High performance, low staleness/volatility risk.",0.5825434266834834,196.69088356650394,0.04055360369373304,11.556526116757716,2.5470252048950366
pg_03485,cl_001,monitor,Performing but unstable — position volatility flags it.,0.5823690026958851,125.84145674972365,0.08773406780875206,12.709300055687077,4.03950442955997
pg_01324,cl_051,protect,"High performance, low staleness/volatility risk.",0.58220268905022,208.44810297024895,0.029321743772408836,13.486349668674773,2.279576763913279
pg_00871,cl_012,protect,"High performance, low staleness/volatility risk.",0.5818092801626322,173.92980924620727,0.015070944753256113,16.609116891669622,1.5109739703464313
pg_01699,cl_057,protect,"High performance, low staleness/volatility risk.",0.5801686503476392,163.06072970840043,0.012487450367063193,25.48783068043568,2.1306013012305645
pg_00670,cl_057,protect,"High performance, low staleness/volatility risk.",0.5784432371304263,109.57951383201126,0.029478498441840553,19.948668773832765,0.6916535311618488
pg_02129,cl_019,protect,"High performance, low staleness/volatility risk.",0.5774220761689483,169.56875063960828,0.013015070394192446,9.175952218492672,2.1399148399605794
pg_01300,cl_045,monitor,Performing but unstable — position volatility flags it.,0.5772321669950709,180.89515166616428,0.0560710847238086,6.544747123278684,3.9893468071494866
pg_03026,cl_006,protect,"High performance, low staleness/volatility risk.",0.57701268772165,178.431709940511,0.009107265025286613,17.28623384842914,1.7022854243729002
pg_02718,cl_034,protect,"High performance, low staleness/volatility risk.",0.5766843868083111,166.78782208970603,0.021223275059805008,22.751351941681207,2.890906488930706
pg_02634,cl_004,protect,"High performance, low staleness/volatility risk.",0.5766246907190836,166.73955723313873,0.012748586411558557,17.215345690501454,0.3989276192172805
pg_00113,cl_027,protect,"High performance, low staleness/volatility risk.",0.5747717810360926,190.43609544510429,0.03948426554101146,13.752131147862068,0.7870488602803067
pg_03295,cl_047,protect,"High performance, low staleness/volatility risk.",0.5741175833871064,131.2842937211988,0.007721325241305794,10.055775700894968,1.2985098022727155
pg_01633,cl_052,protect,"High performance, low staleness/volatility risk.",0.5735966971919385,113.81220939273258,0.0060078975265417355,10.48886291710382,1.652557389263757
pg_03728,cl_020,protect,"High performance, low staleness/volatility risk.",0.571436301753837,122.05630755846755,0.041081180981095027,10.11867123304406,2.9315492281184583
pg_00001,cl_046,monitor,Performing but unstable — position volatility flags it.,0.5713404010461712,202.75173207664983,0.028247369656272513,20.30371005059232,3.6142474972847136
pg_01743,cl_001,protect,"High performance, low staleness/volatility risk.",0.5708815365850277,178.59509400395356,0.014469675555880348,15.312286157185254,2.0025261781908044
pg_00998,cl_057,monitor,Performing but unstable — position volatility flags it.,0.5699910010693253,104.92734824082585,0.04307420719345685,3.3837353389572407,4.047653822455343
pg_02970,cl_036,protect,"High performance, low staleness/volatility risk.",0.5695027099609478,147.70079363437466,0.012946705072925044,22.699086967266737,0.5649451195667446
pg_03594,cl_014,protect,"High performance, low staleness/volatility risk.",0.5688289658576747,159.7674188723506,0.016476844534195522,18.780102344151704,2.5258879822179505
pg_02695,cl_022,protect,"High performance, low staleness/volatility risk.",0.5686173408770571,124.47183675185812,0.024188945704751972,16.72690490758668,0.7465796657954438
pg_02807,cl_018,protect,"High performance, low staleness/volatility risk.",0.5684558254287375,169.64247700035213,0.013581355371065182,21.11624083142553,0.956379296853716
pg_02818,cl_007,monitor,Performing but unstable — position volatility flags it.,0.5680036284890057,190.34732142521057,0.015169222532830762,8.140481780745032,3.19685823181226
pg_00322,cl_036,protect,"High performance, low staleness/volatility risk.",0.567521138227521,193.33332857241408,0.02111354420258208,24.0460769634223,2.1077904348140426
pg_01923,cl_026,monitor,Performing but unstable — position volatility flags it.,0.5674976687416551,151.08888006782527,0.041342867771273745,10.117821469857137,4.5769006339175835
pg_02763,cl_002,protect,"High performance, low staleness/volatility risk.",0.5666244492932554,185.34910755949318,0.029225884603978132,10.342578517110027,2.2410482325711056
pg_01843,cl_050,protect,"High performance, low staleness/volatility risk.",0.5664265807001441,141.99570106248106,0.012092482179435086,15.176974229070629,0.3977800119799575
pg_01919,cl_031,protect,"High performance, low staleness/volatility risk.",0.5660344820841402,194.53358395913963,0.025180986474793648,18.723939438021205,2.270457381381818
pg_02472,cl_024,protect,"High performance, low staleness/volatility risk.",0.5650296278605629,153.04059589981995,0.013438830699569106,8.118177902473686,1.610529356899102
pg_02109,cl_017,monitor,Performing but unstable — position volatility flags it.,0.5645614286799935,211.9698859538479,0.01810779956829913,13.516837075672608,3.5517601208221024
pg_02315,cl_000,protect,"High performance, low staleness/volatility risk.",0.5639209194903588,145.9624752223557,0.0339797024158404,9.034192149790698,0.7314144957870359
pg_03843,cl_018,protect,"High performance, low staleness/volatility risk.",0.5635815293102712,165.2927957393485,0.014391381627159267,20.552755575949973,2.1850426337454887
pg_02050,cl_010,monitor,Performing but unstable — position volatility flags it.,0.5629986781444328,128.89091391933067,0.03203884243718963,10.093238592219834,4.927652003179525
pg_00714,cl_055,monitor,Performing but unstable — position volatility flags it.,0.5623765361499609,132.10820933700302,0.05112023252749338,4.00580189051325,6.247400738414906
pg_01604,cl_007,monitor,Performing but unstable — position volatility flags it.,0.5623636833274978,129.41659577905304,0.0871243313479057,9.115097397395687,3.902569642633154
pg_03592,cl_059,protect,"High performance, low staleness/volatility risk.",0.5615326561922898,144.57731842403118,0.02424938685796593,8.727882256488957,1.406122513049927
pg_02405,cl_049,protect,"High performance, low staleness/volatility risk.",0.5612825179468492,198.30789369388947,0.027704103507492184,13.300637984166626,1.2952416975505021
pg_03780,cl_003,monitor,Performing but unstable — position volatility flags it.,0.5608564368933447,131.30724458419326,0.013766562040390028,16.56024495347718,4.896991611089805
pg_01328,cl_040,protect,"High performance, low staleness/volatility risk.",0.5606163737481825,131.006727466229,0.0075158565832561626,18.26930483657917,2.504122735542655
pg_00717,cl_029,protect,"High performance, low staleness/volatility risk.",0.5605333710636434,109.99003187223703,0.049541092607456254,11.124037021947249,3.3243803313914357
pg_02783,cl_050,protect,"High performance, low staleness/volatility risk.",0.5592451726343778,160.7570484466918,0.01884586275288851,15.689715117071986,1.6606904302624463
pg_01879,cl_006,protect,"High performance, low staleness/volatility risk.",0.5591285808687642,180.4779900294558,0.04129237117891227,18.981744820310286,0.24578476599316712
pg_03289,cl_011,protect,"High performance, low staleness/volatility risk.",0.5583663495264833,175.09210623560912,0.02487088913337523,11.546507266526167,0.945652395641317
pg_02536,cl_019,protect,"High performance, low staleness/volatility risk.",0.5565872738735006,136.29160719360715,0.01580384519330994,15.174811142302163,0.7687796317851864
pg_00963,cl_013,protect,"High performance, low staleness/volatility risk.",0.5562029592898178,145.92180165924134,0.028393967170999113,6.901392252651045,0.9632607699099689
pg_03891,cl_055,protect,"High performance, low staleness/volatility risk.",0.5543792571853726,161.43284274407065,0.012783966791383671,6.914462352541253,0.7211536616579214
pg_02602,cl_046,monitor,Performing but unstable — position volatility flags it.,0.5541117738710434,150.5361414444793,0.055986154324066346,5.483135661186263,3.640738752288457
pg_00524,cl_019,protect,"High performance, low staleness/volatility risk.",0.5538115499958913,110.28676339207783,0.04603933603122198,1.2298406351823274,1.6500063865008494
pg_03283,cl_005,rewrite,Under-performing and aging — needs a content refresh.,0.5506703365911659,12.239282840331725,0.016696890738647108,12.008570924324962,1.9848981703128694
pg_01844,cl_044,protect,"High performance, low staleness/volatility risk.",0.5504176347046128,136.8641309535849,0.021948703523635527,8.614240644974622,1.9173509131678597
pg_01997,cl_059,protect,"High performance, low staleness/volatility risk.",0.549902936970525,152.22861445408236,0.01957668977950353,19.862589984351164,1.7803283255465883
pg_03050,cl_050,rewrite,Under-performing and aging — needs a content refresh.,0.5492035215575006,17.120849929284482,0.03609389639688278,10.201382389053224,1.438581063198668
pg_01794,cl_028,monitor,Performing but unstable — position volatility flags it.,0.5488065976985909,204.64299972376256,0.037611735286081215,26.99001235051106,3.030952693915133
pg_02761,cl_025,protect,"High performance, low staleness/volatility risk.",0.5484052615090221,118.73347792724039,0.010861882074275051,16.839909894436083,2.546079710143913
pg_01062,cl_008,protect,"High performance, low staleness/volatility risk.",0.5481615043252251,117.60094209690884,0.023829992188282648,8.549047651720825,0.8381206626122288
pg_01573,cl_048,protect,"High performance, low staleness/volatility risk.",0.5478113919871126,108.59858540869688,0.02772067886677205,16.778211720190974,1.4144519872973893
pg_03789,cl_018,protect,"High performance, low staleness/volatility risk.",0.547754368070109,123.35882413615604,0.014133216076639003,8.553616125764052,2.216526587081782
pg_03494,cl_055,protect,"High performance, low staleness/volatility risk.",0.5464128450350467,112.60240323514438,0.06203979611329925,8.826929048688529,1.7518926597008422
pg_00818,cl_039,protect,"High performance, low staleness/volatility risk.",0.5458578930419247,158.7247849910436,0.013219334033597943,16.070579508192626,1.9173105733448284
pg_03287,cl_012,protect,"High performance, low staleness/volatility risk.",0.5456622970135813,219.4509973469659,0.04608378615181896,24.7539632423685,2.4324128280365254
pg_00493,cl_036,monitor,Performing but unstable — position volatility flags it.,0.5450113557008424,125.75014306873913,0.026256052020652666,4.751999941688838,5.007702696629162
pg_03001,cl_040,protect,"High performance, low staleness/volatility risk.",0.5436878074087548,158.67344604703507,0.0251962093093531,9.972793468623502,0.5740293277029953
pg_03152,cl_011,protect,"High performance, low staleness/volatility risk.",0.5433422589767284,162.60553903381322,0.027821678819463583,23.651897461885248,1.2395769514238453
pg_03115,cl_029,monitor,Performing but unstable — position volatility flags it.,0.5432083118779332,115.13964984834506,0.012083765562276874,6.104426313434496,4.30391369145184
pg_03660,cl_033,protect,"High performance, low staleness/volatility risk.",0.5420059844175483,182.93379234818963,0.02857982778451828,22.89350234230607,2.218452684780622
pg_01489,cl_030,protect,"High performance, low staleness/volatility risk.",0.5417627926870205,150.4539048294058,0.01927120916848122,15.632223393458093,1.8485309899375821
pg_00552,cl_049,protect,"High performance, low staleness/volatility risk.",0.5415431805088647,185.24182175631807,0.02708524054109816,8.471913801515512,1.0789320523784087
pg_03326,cl_009,protect,"High performance, low staleness/volatility risk.",0.5409616735850968,139.2312073243726,0.03433813133273962,18.85620136255234,0.05
pg_01406,cl_020,protect,"High performance, low staleness/volatility risk.",0.5407695179774372,153.53323311496126,0.01843907562490127,22.988345567990127,2.4021154790024104
pg_02892,cl_021,monitor,Performing but unstable — position volatility flags it.,0.540507044820156,202.14279779027376,0.021811022525002437,14.748174113140681,3.3800263536276542
pg_02356,cl_024,monitor,Performing but unstable — position volatility flags it.,0.5399547198437648,125.72375471539885,0.025711424421697306,3.003766306913638,4.948142128681178
pg_01204,cl_039,monitor,Performing but unstable — position volatility flags it.,0.5396712904401195,118.89422919525158,0.0485329041084645,8.509315348854473,5.883517616587433
pg_03836,cl_011,protect,"High performance, low staleness/volatility risk.",0.5395803569816197,116.69043063656258,0.015752144802190428,9.26587391726177,2.2215580550911715
pg_01399,cl_017,protect,"High performance, low staleness/volatility risk.",0.5385899630008011,143.17976351742146,0.010807097582897406,9.105664355752879,1.4632679859519893
pg_03180,cl_013,protect,"High performance, low staleness/volatility risk.",0.5384085223405036,103.04736627871006,0.011379260227301487,10.932734933290872,1.2148421985851634
pg_03569,cl_014,protect,"High performance, low staleness/volatility risk.",0.5383667693369273,118.08516200434161,0.04186611237584956,12.074460686384306,2.5692114896415768
pg_00642,cl_051,protect,"High performance, low staleness/volatility risk.",0.5375524592059076,123.17615260782874,0.022144540879360342,11.192517985796124,0.9308113814940188
pg_00456,cl_008,protect,"High performance, low staleness/volatility risk.",0.5375170526803454,129.76240903927072,0.025033173640541875,15.02619288741666,0.685038242680245
pg_01065,cl_023,protect,"High performance, low staleness/volatility risk.",0.5373626362134925,171.88918059760064,0.023000686529467136,9.806101717173735,0.9272388956513518
pg_01691,cl_053,protect,"High performance, low staleness/volatility risk.",0.5372430338301161,142.09698326987652,0.03334524903091958,17.430645980664277,0.7079892448827754
pg_02117,cl_032,monitor,Performing but unstable — position volatility flags it.,0.5363819583327522,131.79390287548603,0.06405336369890158,9.718305722147637,4.227293550449208
pg_00608,cl_058,protect,"High performance, low staleness/volatility risk.",0.5359787554560306,144.2637263023771,0.011260411498771179,13.70857177829222,0.8933660461507451
pg_01587,cl_004,protect,"High performance, low staleness/volatility risk.",0.5359424863418688,110.44877405001087,0.008707847523558456,13.053224724439383,2.094431066925659
pg_00212,cl_047,protect,"High performance, low staleness/volatility risk.",0.5359370463811669,125.71574114866925,0.04190287335316305,10.737020889618213,2.5615065515979656
pg_00558,cl_047,protect,"High performance, low staleness/volatility risk.",0.5356797814827633,142.12822174047037,0.008625185506828465,16.93144883026348,1.5723198077862939
pg_00612,cl_047,protect,"High performance, low staleness/volatility risk.",0.5355134682477353,142.3432030224197,0.01622382323604816,22.634752089853098,1.3544276575819034
pg_01831,cl_057,protect,"High performance, low staleness/volatility risk.",0.5351709997729478,124.27832175468822,0.026679559052949144,12.621521175769681,1.3607925180703662
pg_03241,cl_012,protect,"High performance, low staleness/volatility risk.",0.5349449680479069,115.39877348191736,0.007116721458687081,9.643024558522516,1.0673981962349712
pg_02137,cl_001,monitor,Performing but unstable — position volatility flags it.,0.5348977923797995,151.9062447142017,0.07401107997814596,13.334184472260674,3.657447135056236
pg_00731,cl_025,protect,"High performance, low staleness/volatility risk.",0.5347413879249631,101.00707026887497,0.06529686424873746,4.910548459244231,1.0251373503436134
pg_02103,cl_007,protect,"High performance, low staleness/volatility risk.",0.5346379318372385,131.69906335879253,0.047903845278062546,9.410375268246883,1.3393198801569082
pg_03618,cl_026,protect,"High performance, low staleness/volatility risk.",0.5344936569420368,128.96348048915445,0.03352400051381753,12.085698969012686,1.295031413133283
pg_03884,cl_009,protect,"High performance, low staleness/volatility risk.",0.5343943994727857,115.19735875952823,0.01829231936317937,19.22708949933678,1.1525355720574617
pg_01807,cl_028,protect,"High performance, low staleness/volatility risk.",0.5331284839688921,141.06826777955573,0.040143902332019574,18.18193970204949,1.1456200949991104
pg_00948,cl_056,monitor,Performing but unstable — position volatility flags it.,0.528663727961199,157.55722350589366,0.0033120867421245898,8.14265729567746,4.518190218891922
pg_00080,cl_056,rewrite,Under-performing and aging — needs a content refresh.,0.5272290053245676,11.467146985066478,0.03428267038446356,12.029057215556465,0.4742733378133639
pg_01203,cl_045,protect,"High performance, low staleness/volatility risk.",0.527212254457075,110.01030198358097,0.001,14.403134367240233,1.1755915534407302
pg_00194,cl_057,protect,"High performance, low staleness/volatility risk.",0.5254618286661917,149.9200905094359,0.027015654719404685,16.21091400359905,0.9037318885457115
pg_03406,cl_021,protect,"High performance, low staleness/volatility risk.",0.5254391462623969,111.3723230278282,0.06019994906456645,12.573171285590867,1.357064561066265
pg_02087,cl_039,protect,"High performance, low staleness/volatility risk.",0.5252806418761978,127.27777714039757,0.009180775513523412,8.58402305602235,1.2078897984135641
pg_02051,cl_018,protect,"High performance, low staleness/volatility risk.",0.5240051608317664,132.35962232699563,0.01630947014631222,7.175360938503322,0.09186122312251621
pg_02923,cl_032,monitor,Performing but unstable — position volatility flags it.,0.5239028059718389,118.4812149059407,0.052374395110660964,5.926693206508226,5.842479044056532
pg_01801,cl_028,protect,"High performance, low staleness/volatility risk.",0.5238582922672134,106.76598142114807,0.03905029344846116,5.566789391569683,1.6594095333925232
pg_03261,cl_028,protect,"High performance, low staleness/volatility risk.",0.5236321684927538,89.10683581506031,0.018881524054953414,11.136560498158453,0.765945603780234
pg_02389,cl_052,protect,"High performance, low staleness/volatility risk.",0.5231280056331706,107.28131594918477,0.03175786025075254,21.892378144554876,0.6027636002764983
pg_03851,cl_002,protect,"High performance, low staleness/volatility risk.",0.5224248974381048,98.77396352042355,0.06176971906900465,4.317977280906532,3.0908750609730316
pg_01136,cl_043,monitor,Performing but unstable — position volatility flags it.,0.522182351574357,129.29051360000082,0.05285067404582925,14.117718304255511,3.8620096625716616
pg_02696,cl_007,protect,"High performance, low staleness/volatility risk.",0.5208178986448684,125.45219176481291,0.02771596365728607,19.927229578055442,1.236270119060849
pg_03224,cl_036,protect,"High performance, low staleness/volatility risk.",0.518736013047917,146.68971734520915,0.02495659953047865,22.653893721623312,1.4727433680707973
pg_01542,cl_005,monitor,Performing but unstable — position volatility flags it.,0.5181905643630809,117.04075748240679,0.06505442609721986,11.949556076569396,4.310382389591729
pg_02931,cl_040,protect,"High performance, low staleness/volatility risk.",0.5179903188253869,163.72936367426067,0.04485972114592053,12.9208122455805,1.3179707950900057
pg_02113,cl_054,monitor,Performing but unstable — position volatility flags it.,0.5176907970595699,205.91966857108827,0.03118050841052838,17.368271985677197,3.0647851552381478
pg_02739,cl_020,protect,"High performance, low staleness/volatility risk.",0.5173304421311261,117.6000551434665,0.004712620060390865,18.950552038481504,0.9143555910491019
pg_02331,cl_051,monitor,Performing but unstable — position volatility flags it.,0.5171532932550378,129.73967029645897,0.08246108477367106,15.450590972028973,3.2164970422762407
pg_01571,cl_021,rewrite,Under-performing and aging — needs a content refresh.,0.5154512659862165,14.426333803527871,0.044622698492453386,4.267494380894856,0.4781422895727192
pg_00267,cl_020,protect,"High performance, low staleness/volatility risk.",0.5149357164369641,135.91293113654922,0.02313035736887622,18.57774761582232,2.151869115481982
pg_00980,cl_035,protect,"High performance, low staleness/volatility risk.",0.5149275565054527,130.89206922207,0.013504925097636712,21.54276666314236,1.0642419957517768
pg_01492,cl_001,protect,"High performance, low staleness/volatility risk.",0.5143317636007141,104.2210299172296,0.006067288990019293,12.781426803911149,3.379263484801846
pg_03472,cl_044,monitor,Performing but unstable — position volatility flags it.,0.5139848997330542,119.44966903856468,0.018256123972252597,15.50271340686268,5.054186923792307
pg_00092,cl_050,protect,"High performance, low staleness/volatility risk.",0.5138827609492175,120.41146909349901,0.028645851955276566,13.600618504514253,1.7233196377974889
pg_00638,cl_047,monitor,Performing but unstable — position volatility flags it.,0.513301608257477,109.66065304347012,0.043935019411789726,13.745717117865988,3.286158868564372
pg_02594,cl_018,protect,"High performance, low staleness/volatility risk.",0.5131380916796983,86.92738908416052,0.055660430119111495,9.625656316847628,1.3881559850318876
pg_01466,cl_038,protect,"High performance, low staleness/volatility risk.",0.5120418207070768,107.38046072325211,0.01909710024650025,8.56289381437595,1.6052874885797537
pg_00788,cl_032,monitor,Performing but unstable — position volatility flags it.,0.511993039291792,134.46869398085377,0.04600826157672324,8.38133252133586,3.5859452342128204
pg_02300,cl_016,monitor,Performing but unstable — position volatility flags it.,0.5115550670321123,165.54779817880518,0.027771633373547856,21.91665734509921,2.922391444273911
pg_02517,cl_031,protect,"High performance, low staleness/volatility risk.",0.5112551024824825,123.61916931880245,0.03944484069267886,5.750510841192911,0.8650822695334751
pg_03019,cl_044,protect,"High performance, low staleness/volatility risk.",0.5104836389258072,127.99871368735522,0.03523064427278011,19.444381916795443,2.788990626414341
pg_03883,cl_027,protect,"High performance, low staleness/volatility risk.",0.5104726617632265,134.63144822389054,0.0527242907973563,9.580814939522131,2.566752647802834
pg_03468,cl_031,protect,"High performance, low staleness/volatility risk.",0.5101852464621962,147.80448467613377,0.029842027217536232,14.325724647835518,2.2832671056227225
pg_02178,cl_037,protect,"High performance, low staleness/volatility risk.",0.5096429646907946,162.17743230421308,0.03780830548761419,15.291809596187349,0.762257088653006
pg_03389,cl_040,monitor,Performing but unstable — position volatility flags it.,0.509363242532005,149.7849613273954,0.011414305420435499,12.311404893312567,3.940116155612387
pg_00330,cl_032,protect,"High performance, low staleness/volatility risk.",0.5081183701244719,102.3536901221822,0.022522642640034327,14.816883702486543,1.2411744085031697
pg_02879,cl_058,protect,"High performance, low staleness/volatility risk.",0.5080618559267259,129.9254002540435,0.04712613606203034,4.906740228343935,1.4173389890122148
pg_00390,cl_044,protect,"High performance, low staleness/volatility risk.",0.5071011205121931,141.96761976932132,0.022003995004802924,14.826760289984094,0.42147705818795445
pg_02175,cl_045,protect,"High performance, low staleness/volatility risk.",0.5066211247790268,112.00207202113292,0.011369849956318654,17.64892017363284,2.9444223321031253
pg_00367,cl_018,monitor,Performing but unstable — position volatility flags it.,0.5064657072757572,223.87407846324342,0.039940228163819064,16.17451011994623,3.578316683824384
pg_03249,cl_023,monitor,Performing but unstable — position volatility flags it.,0.5061636853628436,127.42034631357009,0.07561665513026407,9.70381786213932,4.095577274668137
pg_03893,cl_012,monitor,Performing but unstable — position volatility flags it.,0.5057859081026294,118.91396407678381,0.0315005181352374,6.7675725469787436,4.141327583220383
pg_03617,cl_024,monitor,Performing but unstable — position volatility flags it.,0.5052999026994786,155.24537872284228,0.06606494546094768,13.452297598756017,5.682593246543151
pg_01362,cl_021,protect,"High performance, low staleness/volatility risk.",0.5046300845738776,138.2477054965723,0.025011912229081227,11.465591004859771,1.0705151035599239
pg_00336,cl_057,monitor,Performing but unstable — position volatility flags it.,0.5039779785985731,128.69716580285012,0.0652960854345318,7.226783091198303,3.5477981218677614
pg_00042,cl_042,protect,"High performance, low staleness/volatility risk.",0.5038789550750528,133.86722994974835,0.03619435158073292,19.759772556402645,1.155922688215409
pg_00528,cl_054,monitor,Performing but unstable — position volatility flags it.,0.5033394554778096,137.36378219549587,0.04737428124753572,16.918851162996944,2.7660850299450583
pg_00581,cl_050,monitor,Performing but unstable — position volatility flags it.,0.5031775485407034,142.7416408594039,0.028602321728374857,12.643088825663733,3.7400606348767225
pg_03111,cl_045,protect,"High performance, low staleness/volatility risk.",0.5030574460234797,146.19564631911524,0.0288506854664507,11.885405165383618,1.2903328775086818
pg_00073,cl_007,monitor,Performing but unstable — position volatility flags it.,0.5029794511889593,142.90476931679228,0.09187557701645435,3.356532496791667,3.0746624048284614
pg_00817,cl_006,protect,"High performance, low staleness/volatility risk.",0.5028813799239888,123.69969645282428,0.011859897051212551,12.1678445504814,1.2547821452347834
pg_00070,cl_047,monitor,Performing but unstable — position volatility flags it.,0.5018407272466925,148.86016991526742,0.04914117834086511,13.813214206571125,2.9585229333122873
pg_03338,cl_051,monitor,Performing but unstable — position volatility flags it.,0.5016515324134622,122.30072193361335,0.028402448733463495,10.213564461664799,3.016871428696727
pg_01064,cl_045,protect,"High performance, low staleness/volatility risk.",0.5006016010740257,116.23281745677139,0.046239688838421014,5.969968016477774,1.0166474089274613
pg_03992,cl_008,monitor,Performing but unstable — position volatility flags it.,0.5002972409677479,124.54318839965518,0.06321716955468638,10.318800155099105,3.4097233844296175
pg_01106,cl_014,protect,"High performance, low staleness/volatility risk.",0.4989588204986545,92.08996575270339,0.04741330178917744,8.072307828148547,1.0048213983953713
pg_03547,cl_052,protect,"High performance, low staleness/volatility risk.",0.49875009675973553,121.74701661672694,0.017373897790535827,19.580301451153463,1.588741031473005
pg_02569,cl_055,protect,"High performance, low staleness/volatility risk.",0.4985409648714587,140.5457982324948,0.02750372240280824,12.93352871411853,1.241200078645156
pg_02177,cl_028,protect,"High performance, low staleness/volatility risk.",0.4983678380465921,131.73698509196205,0.057891417830923206,11.6900701451917,1.9823692403600255
pg_00086,cl_005,protect,"High performance, low staleness/volatility risk.",0.49830041397135294,95.2690713578051,0.028384721486677252,12.0782159104606,0.8893116959762444
pg_01842,cl_048,protect,"High performance, low staleness/volatility risk.",0.49695019154309056,128.2449216313504,0.02385465344738762,17.393604224815185,1.232340570507005
pg_02254,cl_017,protect,"High performance, low staleness/volatility risk.",0.4966097087432272,111.88877975755577,0.03134219207164513,9.783380543109857,3.0456124585527964
pg_02845,cl_027,protect,"High performance, low staleness/volatility risk.",0.4965961234132647,126.43800051275932,0.018483686514886598,10.643733244487356,0.6755108574139025
pg_03119,cl_052,protect,"High performance, low staleness/volatility risk.",0.49602130120687377,115.16222001951488,0.019434177187857983,13.105956818385504,0.983421920804789
pg_02595,cl_009,protect,"High performance, low staleness/volatility risk.",0.49542449350057416,123.26210028805869,0.027775801439950353,19.9928448089532,2.884897843366872
pg_03171,cl_056,protect,"High performance, low staleness/volatility risk.",0.49531635592258,104.71414435977667,0.008098203272502238,14.659802344309274,0.7611067968343996
pg_02917,cl_056,protect,"High performance, low staleness/volatility risk.",0.4952077886146709,99.10708693121485,0.022410002964146757,17.63286972333616,1.4750047496613945
pg_03892,cl_026,protect,"High performance, low staleness/volatility risk.",0.4941486210823827,127.54364184688083,0.01838036355490675,14.239610651471896,2.7877513539966223
pg_02334,cl_033,monitor,Performing but unstable — position volatility flags it.,0.4941368561599669,108.79320258184705,0.035509251319640084,5.769518421497725,5.144670225685638
pg_01271,cl_006,protect,"High performance, low staleness/volatility risk.",0.49316336156260165,121.65890145406897,0.01938532588811713,6.250459540388185,1.029518725538971
pg_03596,cl_020,monitor,Performing but unstable — position volatility flags it.,0.4929960783327787,143.5187753661472,0.06003846599443241,10.629747641410534,2.930498631662157
pg_01169,cl_055,protect,"High performance, low staleness/volatility risk.",0.4926375118464448,103.87857142543824,0.013162323578477172,14.978490564457125,0.4818313596003585
pg_03795,cl_016,protect,"High performance, low staleness/volatility risk.",0.4924814098643693,118.46767471476,0.023381085047120182,13.962573359326049,1.3444015827693891
pg_02445,cl_053,monitor,Performing but unstable — position volatility flags it.,0.4922985307827397,140.63666049965252,0.0237457602968039,17.53965627640458,3.679863607809946
pg_00953,cl_025,monitor,Performing but unstable — position volatility flags it.,0.49189970071899575,127.98626334283712,0.03891107382986574,11.698048537725365,4.373104288932421
pg_01964,cl_049,protect,"High performance, low staleness/volatility risk.",0.4903078714408759,77.00635010756842,0.027304662027478,7.403855589196784,1.3077505999009842
pg_00531,cl_009,protect,"High performance, low staleness/volatility risk.",0.48959377557799544,117.09652210771134,0.019314225309413152,13.639958964305523,0.852920151501469
pg_01828,cl_036,monitor,Performing but unstable — position volatility flags it.,0.489191912531279,149.2143310584123,0.029802291278556117,10.455438472602095,3.933138457218415
pg_01989,cl_055,monitor,Performing but unstable — position volatility flags it.,0.48724475430404834,102.1286538679439,0.032700810118331744,15.374381605309702,5.809924171724271
pg_03365,cl_044,monitor,Performing but unstable — position volatility flags it.,0.48682502031684277,131.36813491933668,0.06166665926715314,5.730307236094233,4.817025806773886
pg_02926,cl_036,protect,"High performance, low staleness/volatility risk.",0.4867042887943588,116.92759031029091,0.05405269784061366,7.9457565144662325,0.9238262025858242
pg_01457,cl_027,monitor,Performing but unstable — position volatility flags it.,0.48630943454822656,133.4520621790684,0.06290424346207155,14.50021395875046,5.728552823531727
pg_03817,cl_048,protect,"High performance, low staleness/volatility risk.",0.4860058163105392,97.61912254994023,0.05264381117915355,12.301176569860942,0.28704457198011857
pg_02668,cl_004,protect,"High performance, low staleness/volatility risk.",0.4847541375131781,135.5480732111339,0.024121234356675115,4.52770204898056,2.3647637745921912
pg_01952,cl_004,monitor,Performing but unstable — position volatility flags it.,0.4828115086252453,131.48312734253307,0.06073615258524502,6.095948859010564,3.874398034182744
pg_00182,cl_029,monitor,Performing but unstable — position volatility flags it.,0.4824137712976311,101.49507067968578,0.08436474482902763,13.145294673166317,4.957468227144732
pg_03020,cl_020,protect,"High performance, low staleness/volatility risk.",0.4821563710408587,116.04998451990696,0.062339183545320725,16.647327196572743,2.201099973827862
pg_02606,cl_031,protect,"High performance, low staleness/volatility risk.",0.4816476201480162,115.77756342228193,0.05466140587453491,9.72330668221364,2.2522782211142127
pg_02068,cl_019,monitor,Performing but unstable — position volatility flags it.,0.4813941841870564,99.4942714258262,0.0502920046709443,6.269100105243885,4.386787336443969
pg_02712,cl_056,protect,"High performance, low staleness/volatility risk.",0.481124133297325,130.67322413158956,0.026613148266131155,10.408544285227446,1.1555194667524937
pg_03900,cl_031,monitor,Performing but unstable — position volatility flags it.,0.48094123157900176,120.74846097194923,0.05833439639570144,4.467468145011209,3.061545192663324
pg_03392,cl_047,monitor,Performing but unstable — position volatility flags it.,0.4805809869980812,144.01517950327263,0.07097842561085273,17.30737728340399,5.565708186930681
pg_03566,cl_025,protect,"High performance, low staleness/volatility risk.",0.47903435167741126,120.78582892287119,0.041952449089594404,18.08824997226227,1.7077107082160823
pg_00371,cl_039,protect,"High performance, low staleness/volatility risk.",0.47850581433990175,92.16915009892637,0.034763587549901234,10.597203918713571,1.5103564196142734
pg_00139,cl_026,monitor,Performing but unstable — position volatility flags it.,0.4771210724565402,146.72190528303616,0.04809304323007888,9.856085215234016,4.269072990250548
pg_03578,cl_052,monitor,Performing but unstable — position volatility flags it.,0.47613856077757727,115.12122853171857,0.027987342684121647,10.204243062017818,5.144258232225381
pg_03938,cl_043,protect,"High performance, low staleness/volatility risk.",0.4759582607528631,99.57103835096592,0.03347108970847286,19.10255310704689,0.4013730220230597
pg_03430,cl_014,protect,"High performance, low staleness/volatility risk.",0.4757829326024462,118.57208895190155,0.05308853021373557,11.504308856184313,1.2189905065346671
pg_02869,cl_012,protect,"High performance, low staleness/volatility risk.",0.47564629976268125,124.48938727367829,0.026033465843779694,11.296958341475873,0.15649831361583144
pg_01432,cl_010,protect,"High performance, low staleness/volatility risk.",0.47553390571721765,125.84077395171093,0.07073886820501903,12.099896912456753,2.4830033651477956
pg_01092,cl_050,monitor,Performing but unstable — position volatility flags it.,0.4751099500581781,131.49343623207716,0.051586957681034384,13.25318941568083,4.71537098504432
pg_01142,cl_055,monitor,Performing but unstable — position volatility flags it.,0.4749018832692829,121.34913896840105,0.05001547418469483,14.082087895025335,2.6948004632283675
pg_02099,cl_014,monitor,Performing but unstable — position volatility flags it.,0.474406655918401,138.65420784926448,0.03351193259227466,9.551191657733119,5.020655127892839
pg_01410,cl_003,protect,"High performance, low staleness/volatility risk.",0.47438712450884685,116.08774976183385,0.011796596772569048,15.511862302094087,0.9844979959910714
pg_02151,cl_019,monitor,Performing but unstable — position volatility flags it.,0.4742080345282637,199.7018069536017,0.032183889622788696,18.857445867147636,3.5563775584916755
pg_01510,cl_020,monitor,Performing but unstable — position volatility flags it.,0.473640740976298,159.78576408942834,0.056376617687417474,9.61232572148294,4.189657672539191
pg_00502,cl_057,monitor,Performing but unstable — position volatility flags it.,0.47347484390017347,121.87942092095412,0.046099002975911366,9.903220447074581,2.824661114381947
pg_00435,cl_007,monitor,Performing but unstable — position volatility flags it.,0.4726425378432123,115.5446438074161,0.04985800476181715,7.831258926362645,4.396011564690717
pg_03573,cl_019,monitor,Performing but unstable — position volatility flags it.,0.4725874475943432,95.01481951460539,0.041122509141497454,8.259435717344207,4.543291829319266
pg_03965,cl_051,protect,"High performance, low staleness/volatility risk.",0.4721207110244513,105.23221108878977,0.034700126688263104,7.008995497699055,0.8573340880445635
pg_00811,cl_052,monitor,Performing but unstable — position volatility flags it.,0.4718222591937513,105.46020462218279,0.02265680599003095,10.700597669543095,3.3589120904048966
pg_00534,cl_034,monitor,Performing but unstable — position volatility flags it.,0.47117161870475255,102.7776689395833,0.054967881300930804,11.334409218698193,4.983611795133128
pg_03725,cl_059,monitor,Performing but unstable — position volatility flags it.,0.470505208228569,105.06084383217218,0.029328845121986847,6.811016544079168,3.386155803074891
pg_01238,cl_017,protect,"High performance, low staleness/volatility risk.",0.4698492517802209,113.01083146505343,0.024188647148053966,6.256657300234324,0.6702983615040017
pg_03373,cl_030,protect,"High performance, low staleness/volatility risk.",0.46844230077484633,126.07905335389628,0.03468427763679853,14.333046895902054,0.7517971159221396
pg_03270,cl_009,protect,"High performance, low staleness/volatility risk.",0.46828285727728414,114.50211522450972,0.050354179236960145,13.861549322905173,2.5633467555304428
pg_03743,cl_026,monitor,Performing but unstable — position volatility flags it.,0.46753932571877965,109.1087641066442,0.06685859849544155,8.094536973992513,3.9906793405748506
pg_02646,cl_034,monitor,Performing but unstable — position volatility flags it.,0.46734746211244743,103.80827136482142,0.06324519751540807,13.188176787592075,3.4982397277534303
pg_00961,cl_024,monitor,Performing but unstable — position volatility flags it.,0.46715155640779166,100.6786404075543,0.04586257853811218,7.193645969780034,3.0979146560449635
pg_03928,cl_039,protect,"High performance, low staleness/volatility risk.",0.4662265315750673,105.09669613279274,0.03620793147831433,13.990468308274004,3.0280585144723307
pg_02847,cl_023,protect,"High performance, low staleness/volatility risk.",0.4655890568601385,105.32207608812632,0.017209149021864923,9.680189254795298,1.2529239208366747
pg_01199,cl_037,protect,"High performance, low staleness/volatility risk.",0.4651922192940894,105.08067402171832,0.056044269271599896,10.961555290018396,1.9574053254396604
pg_02468,cl_001,monitor,Performing but unstable — position volatility flags it.,0.4640100338998552,116.31207292503653,0.047963555654211974,8.264840819972362,3.2762548611040767
pg_03306,cl_016,monitor,Performing but unstable — position volatility flags it.,0.4637884481496121,121.63783312945728,0.07432297881960036,5.542354392429939,3.32234639749682
pg_03313,cl_013,protect,"High performance, low staleness/volatility risk.",0.46363451754722135,105.82498530503156,0.016395821426573927,7.922451647769416,1.03648019271131
pg_00189,cl_018,protect,"High performance, low staleness/volatility risk.",0.4635844941645906,123.12550146509079,0.03819779095685124,9.438864849037605,2.192890255834038
pg_03974,cl_005,monitor,Performing but unstable — position volatility flags it.,0.4633948808790666,123.85338920177898,0.04577776570494979,8.857591872514984,3.181601460120185
pg_01469,cl_003,monitor,Performing but unstable — position volatility flags it.,0.4618136595344061,141.49282444431245,0.05497742153532914,16.28100349444748,4.450881358868484
pg_02664,cl_012,protect,"High performance, low staleness/volatility risk.",0.4603082789183556,80.56090958043248,0.03266742491537362,22.678885431341037,1.7770480515278546
pg_03081,cl_049,protect,"High performance, low staleness/volatility risk.",0.46014522323776225,99.78595978411572,0.02689473564407766,16.177775654035596,0.05
pg_01662,cl_011,protect,"High performance, low staleness/volatility risk.",0.4597624631077315,141.462632933977,0.06056640646557754,6.540584079448092,1.772758069377433
pg_02757,cl_038,monitor,Performing but unstable — position volatility flags it.,0.4596314472203193,118.29690816181133,0.03837652812651313,5.829385670813145,5.4754232109350855
pg_02512,cl_057,monitor,Performing but unstable — position volatility flags it.,0.45896324979749514,128.6301850627738,0.06382315616222202,9.997466012496941,3.4231499712187694
pg_01771,cl_022,monitor,Performing but unstable — position volatility flags it.,0.45816232774895654,124.85487061712021,0.05659980330950178,4.06284084985397,4.0677579835913065
pg_01295,cl_030,monitor,Performing but unstable — position volatility flags it.,0.4576838012622035,118.73427766495746,0.05476401308124025,7.832623642480494,3.321833517911641
pg_02378,cl_059,monitor,Performing but unstable — position volatility flags it.,0.45706641355086675,137.97442753444963,0.061786616229959374,8.43543276536846,2.716298764052294
pg_01715,cl_052,monitor,Performing but unstable — position volatility flags it.,0.4570242038131195,141.6373151249863,0.06377615769098942,10.261845502233221,5.74259980778127
pg_02754,cl_059,monitor,Performing but unstable — position volatility flags it.,0.45692013999110115,121.6408688191664,0.06120301977606871,11.810776931497411,3.8502334442722455
pg_03348,cl_007,protect,"High performance, low staleness/volatility risk.",0.4567382228704734,101.53965886415173,0.004569136301417124,19.703259322723504,0.5503598874893472
pg_00784,cl_028,protect,"High performance, low staleness/volatility risk.",0.4562474505966967,95.93106144613085,0.0415182304863588,9.309823086627432,0.6409235859465017
pg_00835,cl_046,protect,"High performance, low staleness/volatility risk.",0.45603433897978496,107.62737591781955,0.03803469327955806,12.133245809094058,0.8855850151051545
pg_03074,cl_034,protect,"High performance, low staleness/volatility risk.",0.45502597159873076,83.06682205916925,0.0682153930258416,6.774627682020562,3.3934936266246605
pg_00595,cl_048,monitor,Performing but unstable — position volatility flags it.,0.4549272024951174,101.96645417844202,0.07943346601341755,10.60966184623502,3.005997905027607
pg_00645,cl_019,monitor,Performing but unstable — position volatility flags it.,0.4548914943283193,133.8983699021386,0.05527493964681321,12.83517440762094,4.420939050493319
pg_03771,cl_019,monitor,Performing but unstable — position volatility flags it.,0.45418920785675143,113.6848051672327,0.06261801394695318,14.94751942725521,5.796007692991434
pg_01444,cl_008,monitor,Performing but unstable — position volatility flags it.,0.45387640588464184,111.47107021977143,0.05292784338129117,11.697404436872082,5.823323360363016
pg_01330,cl_026,monitor,Performing but unstable — position volatility flags it.,0.4536018699491529,99.89952276531099,0.04405764852603817,8.903870948697126,3.38733379293379
pg_03856,cl_021,protect,"High performance, low staleness/volatility risk.",0.45351168151427085,89.043536019263,0.001,17.256101179044403,1.801014791470542
pg_02903,cl_037,monitor,Performing but unstable — position volatility flags it.,0.453431371199284,82.21286053136566,0.0077076186708042865,2.212623750937299,5.4770230645969775
pg_00430,cl_005,monitor,Performing but unstable — position volatility flags it.,0.452894174501785,110.01136642750959,0.01426762359740645,14.466530624646428,2.9505184470372945
pg_02025,cl_028,monitor,Performing but unstable — position volatility flags it.,0.4524659092626333,144.76728428785486,0.06348676147692944,11.697179698249442,3.132523561432911
pg_00729,cl_039,monitor,Performing but unstable — position volatility flags it.,0.4522858677195012,99.002573275157,0.05273149034982827,9.741165620360892,4.026086244058844
pg_02597,cl_043,protect,"High performance, low staleness/volatility risk.",0.4521330463460423,116.7548319410563,0.03149139833787479,10.041949584382554,1.3100832978560815
pg_03560,cl_004,monitor,Performing but unstable — position volatility flags it.,0.45198678040038787,104.71906463348935,0.035007487334761,6.81817533306234,6.33794672941807
pg_00278,cl_003,monitor,Performing but unstable — position volatility flags it.,0.45098825561291883,133.32751189207139,0.012658796382100705,12.24183109983522,4.138611391814185
pg_00233,cl_045,monitor,Performing but unstable — position volatility flags it.,0.4507285142818841,91.95507199092694,0.08841801644172043,8.606055687892415,3.9613153251435906
pg_02684,cl_030,protect,"High performance, low staleness/volatility risk.",0.44950123198261976,85.27191022823644,0.03111484099898221,12.31678094375116,2.140815481081586
pg_01819,cl_017,monitor,Performing but unstable — position volatility flags it.,0.4494998583291131,93.79138663167764,0.05993863031359727,4.942194606868289,5.648955306333254
pg_03761,cl_030,monitor,Performing but unstable — position volatility flags it.,0.44915074102417335,109.05134896295651,0.03589585429383414,13.2569536015196,4.744766720004329
pg_00747,cl_018,protect,"High performance, low staleness/volatility risk.",0.4484993204144154,90.8447601953392,0.0469442351461558,5.431491706984643,0.9373464981857924
pg_01808,cl_005,protect,"High performance, low staleness/volatility risk.",0.44835083839402484,130.7739880545888,0.06077807882229734,8.15971978149119,2.126473067541366
pg_02023,cl_035,protect,"High performance, low staleness/volatility risk.",0.44820704832772595,109.40173132041207,0.050186058466409465,9.039498984874006,2.4660786545842255
pg_00659,cl_017,protect,"High performance, low staleness/volatility risk.",0.44771081578003724,97.19869839492048,0.05207866944592033,9.105451738171526,1.3048594571336618
pg_01521,cl_042,monitor,Performing but unstable — position volatility flags it.,0.4471413017354367,136.31360193550648,0.05005030632918182,7.406890503691583,4.205210645555422
pg_01075,cl_009,protect,"High performance, low staleness/volatility risk.",0.44693875546503414,88.40098971345296,0.015172858631237095,13.310381094253698,2.3445033350410123
pg_02124,cl_044,monitor,Performing but unstable — position volatility flags it.,0.44599071393599465,112.77995193802322,0.0935977861656393,14.459888142426184,2.631104525750215
pg_01528,cl_001,monitor,Performing but unstable — position volatility flags it.,0.4453700712692068,91.6924458607755,0.033663934683392766,9.422833187583862,4.404536982481996
pg_02740,cl_011,protect,"High performance, low staleness/volatility risk.",0.4452534701776311,87.2804694295345,0.01906814956200176,8.637039757232746,1.4548680118386175
pg_01584,cl_038,monitor,Performing but unstable — position volatility flags it.,0.44514778159468016,92.56056652855035,0.019855308799371054,9.99788194597654,3.552292795796734
pg_01782,cl_001,monitor,Performing but unstable — position volatility flags it.,0.4434435918239703,99.8072887684597,0.0802964656312198,10.579877481231309,4.8730235401677655
pg_02730,cl_057,protect,"High performance, low staleness/volatility risk.",0.44311986564269157,102.44877199473135,0.03245853744908434,10.943865447991907,0.7597782084960245
pg_03107,cl_022,protect,"High performance, low staleness/volatility risk.",0.4429610685140416,93.48805212369196,0.014483798567132323,5.41734356726978,0.5171584663534103
pg_01675,cl_059,monitor,Performing but unstable — position volatility flags it.,0.4425279209851465,122.70878265300327,0.051348205390305164,5.219371276885095,3.1452896201388105
pg_01988,cl_012,monitor,Performing but unstable — position volatility flags it.,0.44221123344197527,123.5013165193617,0.03160987535529878,5.454544974138052,3.865554840822011
pg_00765,cl_046,monitor,Performing but unstable — position volatility flags it.,0.44177753219676863,116.82073209270777,0.05624132848157795,5.326000346082695,4.328408193643016
pg_01091,cl_026,monitor,Performing but unstable — position volatility flags it.,0.44147361673628355,90.80676185175558,0.02480106597894713,3.457026847223922,3.8154898431596194
pg_01566,cl_058,monitor,Performing but unstable — position volatility flags it.,0.44084562686460393,142.2977512460907,0.052840620580022785,10.170253985815672,3.6234614086716794
pg_00224,cl_043,monitor,Performing but unstable — position volatility flags it.,0.44061515574568166,142.05221887542825,0.08093222821527149,13.535139845047844,3.034627177550872
pg_01827,cl_059,protect,"High performance, low staleness/volatility risk.",0.4402371203273913,85.24888892040903,0.04434970747740245,6.710561451841493,0.7879884540510234
pg_03798,cl_000,protect,"High performance, low staleness/volatility risk.",0.44013964103139785,110.97614553290472,0.03459414152389356,9.479822269372644,0.9684484158160233
pg_01420,cl_056,monitor,Performing but unstable — position volatility flags it.,0.44004186452459176,129.57925945761406,0.07433230917597222,12.227664611056264,3.894850145373111
pg_01218,cl_048,protect,"High performance, low staleness/volatility risk.",0.4395902665016321,104.91948809478566,0.025326528818155433,9.449709892171832,0.4677102449749171
pg_01499,cl_050,monitor,Performing but unstable — position volatility flags it.,0.4393769228510824,93.62893382108172,0.05410293417816837,3.227604038858427,3.9702052999165884
pg_01993,cl_038,protect,"High performance, low staleness/volatility risk.",0.4389417046678299,112.75754059814591,0.03421281158360746,13.475294111420407,0.38715369674359845
pg_03113,cl_055,monitor,Performing but unstable — position volatility flags it.,0.4379616802922952,113.08453210639998,0.07609929132325455,6.117278638592671,2.809855198137608
pg_03509,cl_020,protect,"High performance, low staleness/volatility risk.",0.43770192598735225,102.59499015585264,0.04822111783859559,10.033501820952125,1.3524918206880532
pg_03652,cl_024,protect,"High performance, low staleness/volatility risk.",0.4373330171932156,105.62414611935574,0.03524811758120058,14.033227970805214,1.9682220524034986
pg_00699,cl_005,monitor,Performing but unstable — position volatility flags it.,0.437279923797912,109.06607972802031,0.0636899680573729,8.527453864424587,3.8523911493820506
pg_00154,cl_026,protect,"High performance, low staleness/volatility risk.",0.43677852002365825,98.22712830909003,0.017523869668755743,13.138293786058169,0.7353105607247421
pg_02328,cl_001,monitor,Performing but unstable — position volatility flags it.,0.43630478692756364,115.03257726825447,0.04796558953702327,7.677490002934489,3.2289894671922426
pg_02320,cl_005,monitor,Performing but unstable — position volatility flags it.,0.43623492884792636,115.43555569471275,0.0761311688197469,8.057771534550595,3.4535740795036536
pg_01891,cl_014,protect,"High performance, low staleness/volatility risk.",0.4360382611565949,102.90634581220772,0.01697582180154378,20.8395141275466,1.2530912411778234
pg_00181,cl_009,monitor,Performing but unstable — position volatility flags it.,0.4360334636097509,115.33712579149437,0.055704118527315154,7.41193351219416,3.545267476018686
pg_01687,cl_024,monitor,Performing but unstable — position volatility flags it.,0.43600997890669735,92.982075839453,0.035828745691654625,6.822495440584621,3.3922649003945526
pg_03014,cl_029,protect,"High performance, low staleness/volatility risk.",0.43598633747144966,92.41746080277991,0.030502047043576272,12.2050289308543,1.6506512975793655
pg_00803,cl_055,protect,"High performance, low staleness/volatility risk.",0.4357380762388401,96.94499009798241,0.01569809999888088,9.703450611040385,0.7913811521074386
pg_01849,cl_009,protect,"High performance, low staleness/volatility risk.",0.4356826985963056,92.59566934640854,0.04794173734374432,5.604226648062836,0.9354616492682941
pg_03499,cl_026,protect,"High performance, low staleness/volatility risk.",0.4352718351367096,108.48903393621748,0.0556395059008955,9.92411382419895,1.9758386304774591
pg_00752,cl_005,monitor,Performing but unstable — position volatility flags it.,0.434691605272761,133.38944693801758,0.07925034665239955,2.4923360955170626,4.159736313178631
pg_03255,cl_011,monitor,Performing but unstable — position volatility flags it.,0.4342211124731219,117.18232720128509,0.06530058959418741,13.953089343668596,5.664398968971918
pg_02725,cl_037,protect,"High performance, low staleness/volatility risk.",0.4342181692198094,105.73005744663075,0.051060129033894126,8.934073105259282,0.39009085288909084
pg_00065,cl_019,protect,"High performance, low staleness/volatility risk.",0.43420511685761654,118.32967056354792,0.04471268612973199,8.854746372852743,1.7579535034815217
pg_00618,cl_003,monitor,Performing but unstable — position volatility flags it.,0.43325936247223684,128.2643695732353,0.048309032835327184,14.666186822988834,3.3845882020686466
pg_02043,cl_044,monitor,Performing but unstable — position volatility flags it.,0.43220750173800265,106.26278833036653,0.014907670548632575,4.202621712615911,4.144201696320711
pg_03188,cl_003,monitor,Performing but unstable — position volatility flags it.,0.4295567678642164,112.85892407051108,0.07521434565958225,15.297177459386116,5.202158549971702
pg_02601,cl_012,monitor,Performing but unstable — position volatility flags it.,0.4291728574704725,97.83166182180264,0.07394527642659288,3.1829245118668066,2.9643770829933724
pg_03322,cl_047,monitor,Performing but unstable — position volatility flags it.,0.42903257464877975,120.50202921717516,0.05276447614308546,2.5711259694884,4.472463247245589
pg_00549,cl_040,protect,"High performance, low staleness/volatility risk.",0.42898847852966676,98.03898523755504,0.0606986920104561,7.775673714966413,0.7231129803174563
pg_00768,cl_008,monitor,Performing but unstable — position volatility flags it.,0.4287131125186583,138.41252544717,0.07108561098185698,3.436636787011098,5.121616506502983
pg_02498,cl_001,monitor,Performing but unstable — position volatility flags it.,0.4278088279479363,113.48177000637509,0.05545973828930573,12.655205179964666,3.351042956103142
pg_02884,cl_021,monitor,Performing but unstable — position volatility flags it.,0.42725980114164985,130.77533649155743,0.03021457867797175,17.712010212238077,4.835646356593115
pg_03271,cl_024,protect,"High performance, low staleness/volatility risk.",0.427247055733212,92.69950736448888,0.05121260179462556,11.735534240201822,2.2429256592224234
pg_02956,cl_005,monitor,Performing but unstable — position volatility flags it.,0.42612795795129954,117.85728349689286,0.0759700331238855,11.341744267131176,3.926942853493329
pg_03436,cl_017,monitor,Performing but unstable — position volatility flags it.,0.4254253561290276,112.58166610461355,0.05529238013456986,12.188459741178868,5.0316602708895095
pg_03069,cl_004,protect,"High performance, low staleness/volatility risk.",0.42537502031666935,82.39656142190762,0.003400975622224668,21.91207078130164,2.2781331116381818
pg_02792,cl_043,protect,"High performance, low staleness/volatility risk.",0.42523062628339664,76.8857617819194,0.037688997126590296,7.307167614269568,0.7873176019546175
pg_00573,cl_002,protect,"High performance, low staleness/volatility risk.",0.42513008119971235,100.49198449841505,0.029627722832011833,9.225249833401506,1.4080403867511664
pg_03364,cl_009,monitor,Performing but unstable — position volatility flags it.,0.4251231674992682,101.13557791852278,0.04314264586596641,3.6662547884194225,3.7579064709250503
pg_00145,cl_051,monitor,Performing but unstable — position volatility flags it.,0.4250523482826955,127.17516186264088,0.04818207719835723,10.132986065378645,5.565892300756298
pg_01268,cl_057,protect,"High performance, low staleness/volatility risk.",0.42490356646718946,92.52842553820493,0.015055653253504768,8.705356020025448,2.888972203865885
pg_00076,cl_019,monitor,Performing but unstable — position volatility flags it.,0.4246130685177505,110.09470262749313,0.001,9.732845284684757,5.999853150870841
pg_03363,cl_049,monitor,Performing but unstable — position volatility flags it.,0.42393741562292453,120.21726931754277,0.07998441489122597,10.804107584864509,4.240744786995282
pg_02542,cl_057,monitor,Performing but unstable — position volatility flags it.,0.4238342293810302,122.12929190460622,0.05053337985903782,11.464067683074328,5.925010055647473
pg_00479,cl_006,monitor,Performing but unstable — position volatility flags it.,0.42367032616019007,88.05899755351429,0.056933763120512265,11.070470036124458,3.2723075551923215
pg_02913,cl_013,monitor,Performing but unstable — position volatility flags it.,0.42350240926148164,100.55044249412354,0.08512148644297482,10.277558538454135,4.04275650333452
pg_02546,cl_047,protect,"High performance, low staleness/volatility risk.",0.42313280258714797,78.40321149372015,0.0329922339988272,13.351151021283435,2.2416351806895025
pg_00147,cl_014,monitor,Performing but unstable — position volatility flags it.,0.42305761970000955,114.01255073745642,0.05631162508394726,8.712509159240222,3.8980358944575126
pg_02939,cl_010,protect,"High performance, low staleness/volatility risk.",0.4228375036445273,87.33092955886735,0.049934281097116326,8.455139314198071,0.7032026077772091
pg_02184,cl_038,monitor,Performing but unstable — position volatility flags it.,0.4225611739407684,101.53452999990353,0.032515212446992625,9.961939258066112,4.2992818283732674
pg_00394,cl_043,protect,"High performance, low staleness/volatility risk.",0.4216459812057023,90.1921011671415,0.031735623437556024,10.553764476488762,0.8303378967076229
pg_01509,cl_040,protect,"High performance, low staleness/volatility risk.",0.42129455559826695,87.59216677378731,0.027939587183078637,12.268994436710809,1.2508256244606542
pg_02748,cl_024,monitor,Performing but unstable — position volatility flags it.,0.42111037570192383,103.26143053005933,0.059305818708981994,9.190358445651679,5.210824681903176
pg_03196,cl_013,monitor,Performing but unstable — position volatility flags it.,0.42098525164005407,142.4656117934923,0.019802481940835878,6.811498239076661,3.676236942344556
pg_02108,cl_016,protect,"High performance, low staleness/volatility risk.",0.42046906774126136,94.1601384975229,0.03405869696300641,7.8845182497194,1.5093968280057655
pg_01027,cl_016,protect,"High performance, low staleness/volatility risk.",0.41991238222088373,127.79333570710718,0.07167932487726188,9.327081149097898,0.9322532146961806
pg_01341,cl_008,protect,"High performance, low staleness/volatility risk.",0.41985023576782154,103.63239917755682,0.04589787989600014,11.863139694872094,1.682952939990817
pg_00240,cl_008,protect,"High performance, low staleness/volatility risk.",0.41887342041632636,118.64332597402517,0.055886779903122775,9.819282316894654,1.7860564637383476
pg_02162,cl_024,protect,"High performance, low staleness/volatility risk.",0.41871771906450816,88.14006571892881,0.03476377234880696,7.679042721890291,2.7671862349454805
pg_03671,cl_005,monitor,Performing but unstable — position volatility flags it.,0.4177379228579272,107.46167474535791,0.0753584701268004,7.359627728143959,2.6268414268664495
pg_01313,cl_051,protect,"High performance, low staleness/volatility risk.",0.41718359276338196,92.75129505631274,0.0225707519867493,16.079215014222534,0.434187072822388
pg_02470,cl_053,monitor,Performing but unstable — position volatility flags it.,0.41696580423949847,109.6726487045427,0.05814224137081216,16.186949629123134,4.954074910534411
pg_03451,cl_003,protect,"High performance, low staleness/volatility risk.",0.41690518434072116,86.4977208789916,0.015479581036367252,18.29129474932054,0.2096412459500243
pg_00270,cl_017,protect,"High performance, low staleness/volatility risk.",0.41680802042937853,97.56283996483847,0.0235982566628689,14.545033225013968,1.4798217879303308
pg_02991,cl_038,monitor,Performing but unstable — position volatility flags it.,0.4163464182689774,81.29732260195492,0.043857011024041756,15.758534122107665,4.682776151933108
pg_02977,cl_053,protect,"High performance, low staleness/volatility risk.",0.41569659150637456,104.22872930048005,0.0249315678275503,7.016688849318839,1.266509497841835
pg_02423,cl_049,protect,"High performance, low staleness/volatility risk.",0.41559137927822204,87.22084861120868,0.04418153161911202,10.681297031268313,1.3360497760118362
pg_01158,cl_023,monitor,Performing but unstable — position volatility flags it.,0.4150743468624251,107.62519770717682,0.04001941489978285,8.700627218512555,3.2919597735372257
pg_03982,cl_040,monitor,Performing but unstable — position volatility flags it.,0.41502699102532575,117.82603963888238,0.08225654027871168,14.138153683845797,2.9475543153614217
pg_01082,cl_057,protect,"High performance, low staleness/volatility risk.",0.4149629253775845,104.56867760316942,0.046957517827989154,12.349074162209805,1.179906063747119
pg_01449,cl_006,protect,"High performance, low staleness/volatility risk.",0.4149093727329115,95.40388331417435,0.04855608926806587,5.8674776661676376,2.6235438479224853
pg_03735,cl_012,monitor,Performing but unstable — position volatility flags it.,0.41482322745285755,87.56210773855116,0.03745591171579781,8.766446521781713,6.147059750656913
pg_03669,cl_013,monitor,Performing but unstable — position volatility flags it.,0.4142315008725665,90.33626578438547,0.06348395521132127,10.378792588198385,3.125764952402906
pg_00507,cl_014,protect,"High performance, low staleness/volatility risk.",0.41413783317880537,89.87463619762025,0.040406380465914826,8.452149610778271,2.783314802808393
pg_00442,cl_007,protect,"High performance, low staleness/volatility risk.",0.41412037494261844,85.70170049900807,0.01233254509283449,7.855481940888867,0.9591226763177065
pg_03786,cl_010,protect,"High performance, low staleness/volatility risk.",0.41409550840598064,84.88428263105196,0.046622241194370445,15.92981024900822,2.367181749309056
pg_03988,cl_024,monitor,Performing but unstable — position volatility flags it.,0.41267111975731813,100.09646895480348,0.030444213612216553,4.359230544603124,3.955756034162727
pg_03387,cl_044,protect,"High performance, low staleness/volatility risk.",0.4120213383880875,84.71331045591512,0.04713157017291053,7.125836998159514,1.2910485480932843
pg_02632,cl_054,protect,"High performance, low staleness/volatility risk.",0.4116350527255106,77.36522835988949,0.04871317471396819,11.407345064342476,1.0362167039908758
pg_00403,cl_058,monitor,Performing but unstable — position volatility flags it.,0.41089551799926327,126.7318943978633,0.06271020889040665,5.908139335110393,3.7170361095857976
pg_02574,cl_046,monitor,Performing but unstable — position volatility flags it.,0.41078225950564884,128.66571017310028,0.05834448908839059,10.320796865878886,3.7755544326169366
pg_01034,cl_003,monitor,Performing but unstable — position volatility flags it.,0.41004528539475527,123.74232596705207,0.04634300205381415,10.705108142912744,4.5789481807989345
pg_03781,cl_013,monitor,Performing but unstable — position volatility flags it.,0.40937583449956283,95.973555004981,0.045185667532840035,11.561733796876572,2.731321567209236
pg_03379,cl_023,monitor,Performing but unstable — position volatility flags it.,0.4093353892771986,113.56814518324616,0.07611851817264466,15.339579293819483,3.501922952297645
pg_00319,cl_046,monitor,Performing but unstable — position volatility flags it.,0.4088011439694125,188.81562325104443,0.05842026604921105,4.480077336385217,4.511224644772716
pg_00332,cl_018,protect,"High performance, low staleness/volatility risk.",0.4085603687230586,74.13224822562768,0.028558964552526437,14.062649133542651,2.3371370285722435
pg_01957,cl_031,monitor,Performing but unstable — position volatility flags it.,0.40844995290217945,88.24164096930991,0.04102957214285577,3.2726161243736085,3.368755390878692
pg_00850,cl_058,protect,"High performance, low staleness/volatility risk.",0.40733618266936233,95.40684051497489,0.01882948818885485,16.056494800348368,0.4310037782152102
pg_02092,cl_048,protect,"High performance, low staleness/volatility risk.",0.4073258193200399,79.20752345437197,0.03325682073735448,13.149480665777157,2.9918382749378383
pg_03247,cl_005,protect,"High performance, low staleness/volatility risk.",0.40732314475751363,80.9436226011536,0.03883784178184674,7.299574358678785,1.9921034936889161
pg_02492,cl_055,protect,"High performance, low staleness/volatility risk.",0.40690947848390535,87.02343708559368,0.054347526478778316,4.73375271983168,2.6187958702667147
pg_00310,cl_039,monitor,Performing but unstable — position volatility flags it.,0.40686266756741657,107.09393846117301,0.07063047549987403,9.254491744172869,3.3350636085282517
pg_00599,cl_038,monitor,Performing but unstable — position volatility flags it.,0.40678245115652284,95.81128398405471,0.0554887113878842,3.7836847159175155,3.803235786533132
pg_00025,cl_038,protect,"High performance, low staleness/volatility risk.",0.406560736241093,99.87342058351746,0.0389898602078627,14.722907911326079,1.810678064656671
pg_03486,cl_020,monitor,Performing but unstable — position volatility flags it.,0.40597220485214613,112.2101181688468,0.05933177634004318,10.20079738170637,3.4648090323831218
pg_03712,cl_048,monitor,Performing but unstable — position volatility flags it.,0.4056502380425321,98.35679964521417,0.04530269614559776,6.543764100266198,3.2116242567611564
pg_00126,cl_004,protect,"High performance, low staleness/volatility risk.",0.4056220675212546,102.78556997331225,0.02493648210804694,6.1736435344476845,2.0054504682071883
pg_01623,cl_000,monitor,Performing but unstable — position volatility flags it.,0.40503015529519737,76.12626185896744,0.053700720947306116,10.620592512905723,3.9641594653094323
pg_02494,cl_025,protect,"High performance, low staleness/volatility risk.",0.4048278916809115,72.70048541153417,0.03650308723205403,5.340741740878328,1.9193666250144572
pg_02270,cl_019,protect,"High performance, low staleness/volatility risk.",0.4045186904077735,70.32925233008785,0.05374348801230427,5.680824377884562,2.046679291688082
pg_02861,cl_055,monitor,Performing but unstable — position volatility flags it.,0.404048558263448,92.76442464103533,0.05916669267281623,9.549121583101542,3.9822347188607625
pg_03515,cl_058,monitor,Performing but unstable — position volatility flags it.,0.40396659843360716,93.58697746860096,0.0818839272551963,6.567208727676406,3.8494965504388197
pg_01927,cl_007,protect,"High performance, low staleness/volatility risk.",0.4035309049198186,95.18021930952318,0.039711029900685896,2.364003645555764,1.7792751511580556
pg_01513,cl_019,monitor,Performing but unstable — position volatility flags it.,0.40344330690321595,97.30787976134017,0.05193992354276465,8.355722108452728,3.3973635176623143
pg_00901,cl_002,protect,"High performance, low staleness/volatility risk.",0.403320419288338,84.41538577637587,0.02187702048368698,6.991161073427776,1.5190312847317007
pg_01100,cl_028,monitor,Performing but unstable — position volatility flags it.,0.4030519045973723,88.32392610364666,0.02142123666107665,11.714344662846328,3.1771674076261753
pg_02442,cl_000,monitor,Performing but unstable — position volatility flags it.,0.40294387424369593,134.091880175811,0.026193140033883296,16.0080649818009,5.758773787634691
pg_02985,cl_038,protect,"High performance, low staleness/volatility risk.",0.4027237434301671,80.41219460860265,0.030155389708070225,5.716322294824296,0.938833162886314
pg_03038,cl_016,monitor,Performing but unstable — position volatility flags it.,0.4024303680277,81.61597594681888,0.024507084553787507,10.61227189820709,4.7578794984680215
pg_01329,cl_020,protect,"High performance, low staleness/volatility risk.",0.4022138656930403,95.53094414803833,0.0367618030190812,8.050586872050348,0.7637019848931681
pg_00235,cl_043,monitor,Performing but unstable — position volatility flags it.,0.4017106959572808,86.30459112723284,0.06223158730041613,12.684049708844002,2.9570715925847395
pg_01636,cl_009,monitor,Performing but unstable — position volatility flags it.,0.4008729431805521,89.31901410188323,0.0540910485617251,7.232452835945739,3.281178970970431
pg_01327,cl_005,monitor,Performing but unstable — position volatility flags it.,0.40051987498340713,122.7617107537892,0.038658020539944195,11.307406991229296,4.484665928325606
pg_02650,cl_052,monitor,Performing but unstable — position volatility flags it.,0.40051524038999964,84.50453521178686,0.026673812684718304,6.993452808695562,3.262715324458263
pg_03088,cl_013,monitor,Performing but unstable — position volatility flags it.,0.4003946444889206,98.13190752865526,0.06703798537530364,8.687457888640322,3.7918211970696
pg_02957,cl_029,protect,"High performance, low staleness/volatility risk.",0.4003353094599567,78.75462163036562,0.031078446796430383,7.092662844032514,1.1376010711728006
pg_02288,cl_056,monitor,Performing but unstable — position volatility flags it.,0.3992058491313354,136.94443835614982,0.051734427470630596,14.050879276634808,4.107760585501875
pg_03000,cl_046,protect,"High performance, low staleness/volatility risk.",0.3992015439236956,72.65011658138495,0.06789838922227465,5.002869129470662,1.5652607156443819
pg_01907,cl_009,monitor,Performing but unstable — position volatility flags it.,0.3984778418607822,100.74240133437937,0.04948458408748956,12.180314617925626,3.724778627757401
pg_01943,cl_001,protect,"High performance, low staleness/volatility risk.",0.3982363061355547,101.67088645033279,0.0392854265396683,16.657511571785992,1.4193826222257615
pg_03839,cl_057,protect,"High performance, low staleness/volatility risk.",0.39767535832849465,85.01777621587223,0.04348986109072155,14.476724658547937,1.3203601452899
pg_03783,cl_045,protect,"High performance, low staleness/volatility risk.",0.39695500960276564,91.89225655224864,0.05407378042004734,9.877068827556505,2.506671176622931
pg_02626,cl_058,monitor,Performing but unstable — position volatility flags it.,0.3962174738603874,97.09125961067386,0.06102697174572264,11.383489470451813,5.330477202649508
pg_01089,cl_008,monitor,Performing but unstable — position volatility flags it.,0.3958396180740169,103.80501062086435,0.05322811689540092,17.89464357673143,3.5089755757148566
pg_01871,cl_012,protect,"High performance, low staleness/volatility risk.",0.39555648483922123,89.96864840386169,0.03961903895123373,6.625020880853903,0.12589565983118178
pg_01382,cl_020,protect,"High performance, low staleness/volatility risk.",0.39549228264064396,94.24311957657453,0.022277854459580974,7.566929701150007,2.4496323434723335
pg_03576,cl_038,monitor,Performing but unstable — position volatility flags it.,0.39461357577443545,110.1184225736529,0.03652367857437323,4.862049656052216,4.394504339257046
pg_00103,cl_000,monitor,Performing but unstable — position volatility flags it.,0.3942999845432409,86.31971336655839,0.04761749932567339,12.974428000398733,5.474399201837555
pg_02215,cl_023,protect,"High performance, low staleness/volatility risk.",0.3940740172143639,81.52245990741778,0.04291657105080299,8.23735734822655,0.9914292006923711
pg_01740,cl_025,protect,"High performance, low staleness/volatility risk.",0.3937640816012873,80.4064903646798,0.0192957640876908,9.818919732372771,1.5923156066916975
pg_01874,cl_024,protect,"High performance, low staleness/volatility risk.",0.39367711803301025,95.57124112642911,0.04507104520163795,18.88796915673811,1.454668260328806
pg_01610,cl_046,protect,"High performance, low staleness/volatility risk.",0.3933829301018922,102.77920675245596,0.036054100429863095,14.534012888826929,1.6776795898323194
pg_03282,cl_058,monitor,Performing but unstable — position volatility flags it.,0.3931140616333247,83.70124691693,0.029428697031027008,13.092635709014127,5.091463714709213
pg_00395,cl_052,monitor,Performing but unstable — position volatility flags it.,0.39249882591031465,105.74671092950982,0.027727943367702453,9.56207636157173,4.806964620696034
pg_02850,cl_011,protect,"High performance, low staleness/volatility risk.",0.39221428188795787,93.81660236638548,0.03375876040419379,8.397444641576007,1.7975503768409806
pg_02589,cl_020,monitor,Performing but unstable — position volatility flags it.,0.3921588261194606,87.79995752999312,0.04872855985289688,4.87349623886752,2.9508519743644923
pg_01023,cl_050,rewrite,Under-performing and aging — needs a content refresh.,0.39203416599467783,9.09785559785189,0.03733523038442111,16.545601741711717,1.9845905656096599
pg_03585,cl_012,protect,"High performance, low staleness/volatility risk.",0.3917615892142136,82.99319183969108,0.06747321019398823,13.625904400706697,2.870993962011543
pg_01557,cl_046,monitor,Performing but unstable — position volatility flags it.,0.3914470848965004,96.28709242569349,0.051452517069384494,7.782749155147329,2.9390522474095153
pg_02115,cl_012,protect,"High performance, low staleness/volatility risk.",0.39115674414888857,81.6568227986628,0.03253964904436847,11.457090270177162,1.6355015882906192
pg_01429,cl_047,monitor,Performing but unstable — position volatility flags it.,0.39076213197808307,90.23474382748388,0.04991350549313551,6.343847629706492,4.0263073106475655
pg_03342,cl_005,monitor,Performing but unstable — position volatility flags it.,0.3906790583552264,91.86403740124565,0.07218375151470069,11.438385817134751,4.316355291295767
pg_03293,cl_017,protect,"High performance, low staleness/volatility risk.",0.3904896410594123,72.6128079923384,0.02812416251641972,22.68971345809822,0.4948665080862147
pg_03022,cl_023,monitor,Performing but unstable — position volatility flags it.,0.3901064454243097,146.17643334671465,0.04653066605164571,17.93406285333424,6.002992596131845
pg_01671,cl_034,protect,"High performance, low staleness/volatility risk.",0.3898811014613518,87.06879116670808,0.008758897043471823,12.65421639066542,0.7749008674732072
pg_02658,cl_040,protect,"High performance, low staleness/volatility risk.",0.3895987452402203,95.19770439519772,0.03049823811532478,14.679113850852396,1.0431258905011496
pg_03751,cl_047,protect,"High performance, low staleness/volatility risk.",0.38939404171923253,82.67696556365256,0.045720603465063236,12.851461688498661,0.9672318478372022
pg_03273,cl_024,monitor,Performing but unstable — position volatility flags it.,0.38903808903840065,114.84658199056878,0.05800261555018073,11.824154587594947,5.267827275498271
pg_03337,cl_003,protect,"High performance, low staleness/volatility risk.",0.3889864317853996,75.79796695142124,0.010944981011475655,11.571276297769183,1.5605436306545317
pg_01176,cl_018,monitor,Performing but unstable — position volatility flags it.,0.38885708070642666,84.85936062365602,0.08485080606684811,5.323748479942193,4.305191954536507
pg_02450,cl_050,monitor,Performing but unstable — position volatility flags it.,0.3888239594491196,108.48323320491109,0.08281696832445075,11.090223658638878,4.442349743290258
pg_02436,cl_038,monitor,Performing but unstable — position volatility flags it.,0.3886505384221156,73.62913480756187,0.020660747484931737,8.12238907346457,5.061739684663406
pg_03602,cl_009,monitor,Performing but unstable — position volatility flags it.,0.3876131255014265,120.98435201030291,0.031493464678552456,17.685661307861817,4.242762966588441
pg_00050,cl_045,monitor,Performing but unstable — position volatility flags it.,0.3875216065053352,94.6639273310743,0.05998045201435488,16.57139267541273,3.924500574046994
pg_02459,cl_003,protect,"High performance, low staleness/volatility risk.",0.38702093700238605,95.33029823286601,0.05877524967042642,9.99438156927074,1.8474051000695408
pg_03145,cl_033,monitor,Performing but unstable — position volatility flags it.,0.3868728820725824,89.23052006818304,0.042787677464123014,15.352036208840326,3.316017129532007
pg_03737,cl_031,protect,"High performance, low staleness/volatility risk.",0.38666248181846585,94.20843603396467,0.02543840195833846,18.2392275138088,1.1305704851680158
pg_02762,cl_021,monitor,Performing but unstable — position volatility flags it.,0.38651369389622053,89.14175894238686,0.0668674206926837,10.179571330491308,3.5162257113522393
pg_02420,cl_015,protect,"High performance, low staleness/volatility risk.",0.38632685056635907,81.41432150024745,0.04688474350669098,8.652377707625295,0.7427242036194857
pg_01960,cl_050,protect,"High performance, low staleness/volatility risk.",0.38576588912765936,93.27334395828697,0.025259710384572146,7.501313425040481,2.2523162993064867
pg_03934,cl_011,protect,"High performance, low staleness/volatility risk.",0.3857473230125661,73.87359005039829,0.01574843603187374,11.26133724158614,1.8517891018014516
pg_02302,cl_034,monitor,Performing but unstable — position volatility flags it.,0.38567564843406477,85.04641049482755,0.02290838715056002,14.0298669346633,3.672530801916465
pg_02600,cl_051,protect,"High performance, low staleness/volatility risk.",0.38556049071065235,88.04895125747913,0.03148152650929215,19.005231983288198,0.9169730540643253
pg_03979,cl_009,protect,"High performance, low staleness/volatility risk.",0.38530815539575886,84.46444324250842,0.014230935373292678,11.788487584753248,0.8831011825191051
pg_01785,cl_014,monitor,Performing but unstable — position volatility flags it.,0.38505879389239017,116.30119732127592,0.03873337046037255,13.5415102115965,4.718971330623042
pg_02862,cl_050,protect,"High performance, low staleness/volatility risk.",0.3842457255557821,78.15907127383758,0.04514975311123041,9.872765694965757,1.8964300666055904
pg_03490,cl_006,protect,"High performance, low staleness/volatility risk.",0.3839068695359274,88.09292154604375,0.03506954789043382,2.5634445844138334,1.036356044309722
pg_02439,cl_003,protect,"High performance, low staleness/volatility risk.",0.3827847005980221,93.45447917145978,0.0471180502770847,12.086453337532348,0.5422053495049837
pg_01781,cl_020,protect,"High performance, low staleness/volatility risk.",0.3824836173659236,79.17902324468581,0.053539828101359724,8.508857155147252,2.917245759710921
pg_00666,cl_030,monitor,Performing but unstable — position volatility flags it.,0.381824331808912,88.40444544848766,0.09950836279195885,9.220959093077253,4.1673882382389085
pg_00823,cl_039,monitor,Performing but unstable — position volatility flags it.,0.3815733253141006,104.12563483240572,0.05401644250923344,10.44397458028503,5.515099385295326
pg_02111,cl_040,monitor,Performing but unstable — position volatility flags it.,0.3813139428557386,137.19556220277818,0.06781843421104725,16.49484878223315,3.512251143875306
pg_00123,cl_028,protect,"High performance, low staleness/volatility risk.",0.38122781039285686,98.90040817374943,0.03716696726043285,11.421291346964887,1.5671117495130682
pg_00938,cl_027,protect,"High performance, low staleness/volatility risk.",0.3805734396111662,92.03225890424265,0.06918208683796848,10.8595619409796,1.314405295969314
pg_02110,cl_016,protect,"High performance, low staleness/volatility risk.",0.37999647255516733,79.8069873862787,0.013108339915773367,3.683212324477327,0.7079880986480906
pg_03371,cl_014,monitor,Performing but unstable — position volatility flags it.,0.3795570578754358,109.82022966353843,0.03339228951912647,12.43493743757766,4.621911779412381
pg_01618,cl_007,protect,"High performance, low staleness/volatility risk.",0.3790450256642305,79.08206366189032,0.01971753914423391,9.741908667289364,1.1079610596263414
pg_03653,cl_030,protect,"High performance, low staleness/volatility risk.",0.37884389082286996,75.06688242782074,0.019758934926277998,15.259489750419743,1.749339477435258
pg_03504,cl_001,protect,"High performance, low staleness/volatility risk.",0.37881708383754814,79.20625238156559,0.060828222216758404,4.374079031980401,2.493367058964759
pg_03396,cl_027,protect,"High performance, low staleness/volatility risk.",0.37877871482373066,97.16550098185888,0.05099600311677715,8.221858315954623,2.053541380963205
pg_03268,cl_008,monitor,Performing but unstable — position volatility flags it.,0.3787666990564529,105.30904329521661,0.05643203613632735,13.787089270002971,3.1321519757670604
pg_03846,cl_046,monitor,Performing but unstable — position volatility flags it.,0.37870566343621936,98.27841295800019,0.06131126890203119,11.551942337555259,3.0557163652775783
pg_02446,cl_046,protect,"High performance, low staleness/volatility risk.",0.37836507693745847,75.70523491066126,0.052449044740859055,8.273685507771965,0.6544848309132559
pg_01970,cl_049,monitor,Performing but unstable — position volatility flags it.,0.3782963621844474,95.70074798044816,0.04758942119844549,17.407836080713277,2.9561580247726975
pg_03445,cl_042,protect,"High performance, low staleness/volatility risk.",0.3777085021847739,86.75634934605274,0.0408309152148655,13.98864523446165,1.8415795531771306
pg_00244,cl_037,protect,"High performance, low staleness/volatility risk.",0.37737306826680417,94.578378496553,0.038447370273554105,14.322546670511306,0.8048056731588882
pg_00710,cl_040,monitor,Performing but unstable — position volatility flags it.,0.3773724829167752,90.27635077896268,0.07404756233155511,7.591431677441479,2.9279679140426755
pg_00644,cl_046,protect,"High performance, low staleness/volatility risk.",0.37723107996654603,84.42456826696579,0.03866839480933671,6.039025932967386,1.8681923687159607
pg_00830,cl_014,protect,"High performance, low staleness/volatility risk.",0.37718683823113164,86.22676045943118,0.06355296580884506,6.680112860982021,0.7550891818906758
pg_00583,cl_003,protect,"High performance, low staleness/volatility risk.",0.37714635600096896,87.64980687819903,0.030533508249338207,9.490674034185803,0.5534581959921049
pg_01894,cl_008,monitor,Performing but unstable — position volatility flags it.,0.3769319699843563,100.9038745939436,0.06151057703826618,15.983863839286926,3.996666787537158
pg_00959,cl_024,monitor,Performing but unstable — position volatility flags it.,0.37612163733569126,88.15275371848512,0.08437689758888091,7.876736178392094,5.188551830860381
pg_02083,cl_040,protect,"High performance, low staleness/volatility risk.",0.37570253187795855,76.94763902223036,0.052344628395168236,9.174782184799604,1.4013093396845449
pg_02055,cl_021,monitor,Performing but unstable — position volatility flags it.,0.37567808804989117,106.04676335408638,0.06913294779690428,10.06631874082983,3.141719345214715
pg_00553,cl_019,monitor,Performing but unstable — position volatility flags it.,0.37552386884751715,154.1904523217314,0.032627768191154316,9.763273708359131,5.196229222161173
pg_00155,cl_039,protect,"High performance, low staleness/volatility risk.",0.3751793269971025,79.75458556855799,0.08447787656247724,12.648581125962412,2.8276390677222203
pg_00256,cl_040,monitor,Performing but unstable — position volatility flags it.,0.37485189541086533,86.22118702359003,0.029389689952247913,9.854615505332381,4.692887804007075
pg_01629,cl_007,protect,"High performance, low staleness/volatility risk.",0.37444771213890693,81.21774184850733,0.03652631081592916,8.386221076090154,0.8759593607331986
pg_01428,cl_016,monitor,Performing but unstable — position volatility flags it.,0.3740759521114843,81.48422042051236,0.05407186015767955,12.265862099144844,3.007051385119351
pg_00372,cl_024,protect,"High performance, low staleness/volatility risk.",0.3739797199681214,94.269914019096,0.0384271391832545,2.6290876228712072,1.2285638067267803
pg_00543,cl_010,protect,"High performance, low staleness/volatility risk.",0.3736289820799086,81.0695956126591,0.015591882901743584,8.60617957474084,0.5080767530772069
pg_00692,cl_055,monitor,Performing but unstable — position volatility flags it.,0.37347538060992935,95.43016610192541,0.0799297629535676,7.005069144736783,4.757421325457588
pg_01415,cl_047,protect,"High performance, low staleness/volatility risk.",0.37331257758814157,79.73235944860093,0.028086934276004737,12.254953605251877,1.7414209987068514
pg_01921,cl_032,monitor,Performing but unstable — position volatility flags it.,0.37320335593758136,100.82675589177228,0.04181564585751501,7.632389984466103,3.209737362033068
pg_03698,cl_017,monitor,Performing but unstable — position volatility flags it.,0.3731860535105876,114.96376840021122,0.08262646839122315,8.854583200462603,4.496577091549982
pg_02463,cl_035,monitor,Performing but unstable — position volatility flags it.,0.3729696515642451,91.51066591014911,0.05915794759231086,13.269711308942668,5.03009032658994
pg_03263,cl_051,monitor,Performing but unstable — position volatility flags it.,0.37283030943177686,107.6837849586925,0.04045434468259796,14.98792499215473,4.0322746323280825
pg_00663,cl_012,protect,"High performance, low staleness/volatility risk.",0.3727899753888699,83.16675411939849,0.01145647656860032,3.042603027867086,1.201642892224546
pg_02308,cl_018,monitor,Performing but unstable — position volatility flags it.,0.372198739837122,96.1248904597148,0.03891864930142925,9.71303765044104,3.2134654613016087
pg_02352,cl_042,protect,"High performance, low staleness/volatility risk.",0.37212146700278337,73.13551542664442,0.01909559853006386,21.534245053479783,0.5356397766286447
pg_02058,cl_023,protect,"High performance, low staleness/volatility risk.",0.3711520151613729,71.57644901056358,0.014090281934469283,3.7696690188931035,1.8533948748126963
pg_02974,cl_001,protect,"High performance, low staleness/volatility risk.",0.37095444408719,75.95974645962593,0.009095663453290936,16.621766065878763,1.2414281294740093
pg_01427,cl_054,monitor,Performing but unstable — position volatility flags it.,0.3706218260871203,88.74422387804867,0.05900026900919005,6.052323169019607,6.56462093237039
pg_03036,cl_048,monitor,Performing but unstable — position volatility flags it.,0.3705130897379141,92.91053302868566,0.062086159759341814,5.4992538311394314,3.976224427155859
pg_03913,cl_033,protect,"High performance, low staleness/volatility risk.",0.37050312802159396,82.1744087059258,0.052928164595347604,8.46109366225923,2.031765993441854
pg_00526,cl_055,monitor,Performing but unstable — position volatility flags it.,0.37022881918108697,84.52632270816397,0.06250416519199808,6.719222213676505,5.410658162910865
pg_02770,cl_039,protect,"High performance, low staleness/volatility risk.",0.369717573885309,90.95803166501277,0.03400789255311304,11.182864252902121,1.182351207182438
pg_02963,cl_004,protect,"High performance, low staleness/volatility risk.",0.3696780332493089,88.14720551030629,0.052047742302715534,9.568611804358097,0.9075360948832538
pg_01292,cl_026,protect,"High performance, low staleness/volatility risk.",0.3692778133006235,83.14068913275776,0.02581758303020961,17.128762815845317,2.045963679834533
pg_02443,cl_012,protect,"High performance, low staleness/volatility risk.",0.3689849003082531,79.01309950643896,0.01663016633853647,4.466004347723528,2.945778342879546
pg_03748,cl_055,protect,"High performance, low staleness/volatility risk.",0.36848117089883214,86.7997318784397,0.029762615227310864,1.0,2.2681849526974345
pg_02813,cl_057,protect,"High performance, low staleness/volatility risk.",0.3674449799294123,83.07723154872706,0.02366861656716318,11.262941461703793,2.585186306385859
pg_03667,cl_010,monitor,Performing but unstable — position volatility flags it.,0.36656076015135447,97.38599108036385,0.07012876632510383,4.079183891837198,3.4893975358418277
pg_03027,cl_044,protect,"High performance, low staleness/volatility risk.",0.36632096833949307,87.75106231291731,0.03749887690714985,12.481348913630152,1.3030081244710767
pg_03401,cl_055,protect,"High performance, low staleness/volatility risk.",0.36618967234435523,79.67315463910955,0.032419663807721454,7.257907417762956,1.5533254917698578
pg_01380,cl_058,protect,"High performance, low staleness/volatility risk.",0.36613724071425513,85.91596461477529,0.0467529095846715,4.876518076076908,0.7287657115392177
pg_02457,cl_056,protect,"High performance, low staleness/volatility risk.",0.3660298597101607,83.54105994174787,0.022645252401082543,11.295972153104799,1.7967667416008024
pg_01806,cl_000,protect,"High performance, low staleness/volatility risk.",0.3659352294568499,88.17967291162367,0.028133726894733257,7.5605952666722445,1.238819622624808
pg_02179,cl_027,monitor,Performing but unstable — position volatility flags it.,0.3658687326504628,85.14015432036472,0.041591585699748246,8.558201387358823,4.277579676432871
pg_01999,cl_016,protect,"High performance, low staleness/volatility risk.",0.36542651572145757,75.36254951321754,0.055399019942534086,9.962854261693334,1.5006079254957498
pg_03555,cl_026,monitor,Performing but unstable — position volatility flags it.,0.3652276028536565,107.92743076293415,0.06185106873094772,6.363296808539031,4.707141548689019
pg_03458,cl_050,protect,"High performance, low staleness/volatility risk.",0.36492828547886386,70.75137851682138,0.057152911300855154,7.083542337098921,0.7844661676758755
pg_00793,cl_049,monitor,Performing but unstable — position volatility flags it.,0.364843139318874,112.92858577110042,0.08526721635460088,4.2521228101231365,5.144339741588691
pg_03841,cl_029,protect,"High performance, low staleness/volatility risk.",0.36466046583130435,71.57717040405672,0.01877264590771123,7.653222217297007,1.306425506973698
pg_00288,cl_032,protect,"High performance, low staleness/volatility risk.",0.3646527813840262,63.797037082232286,0.030076316733646573,13.43350890002482,1.4441023198667862
pg_03040,cl_023,protect,"High performance, low staleness/volatility risk.",0.3645297979474358,80.48915140779526,0.05072886080267702,1.0,1.1616655971895258
pg_02408,cl_027,monitor,Performing but unstable — position volatility flags it.,0.36384236468897624,81.45557895927145,0.06050554412995782,10.874284997095971,3.9569774172337633
pg_03689,cl_010,monitor,Performing but unstable — position volatility flags it.,0.36358513751970084,90.75147948209784,0.047481034135501046,7.4213891105916545,3.010467414643181
pg_00130,cl_033,protect,"High performance, low staleness/volatility risk.",0.3635545345176018,78.19282280081903,0.022433650214448903,10.535687736147729,2.2372256974047287
pg_01595,cl_009,monitor,Performing but unstable — position volatility flags it.,0.36349383889014586,89.94766027739395,0.03288175107616174,9.08143902480864,4.978313989049447
pg_03545,cl_037,protect,"High performance, low staleness/volatility risk.",0.3634808998389596,87.99413370630744,0.05229649550780646,8.882520153987693,1.8147848688398467
pg_03213,cl_057,monitor,Performing but unstable — position volatility flags it.,0.36302134611319026,91.71801473661857,0.021339080254723187,16.877460453465133,4.743610264841561
pg_00655,cl_031,monitor,Performing but unstable — position volatility flags it.,0.36177803460378405,95.82756459461315,0.07279943972125849,10.339133145603242,5.0327114686544565
pg_03021,cl_007,monitor,Performing but unstable — position volatility flags it.,0.3616258817931085,85.30864866664774,0.032943061749985056,3.2156818758704695,2.7065106577301314
pg_02598,cl_058,protect,"High performance, low staleness/volatility risk.",0.3614347365725987,85.00611406041897,0.07328071696776098,13.562920253944757,1.0806703595096263
pg_02784,cl_054,monitor,Performing but unstable — position volatility flags it.,0.3613175417916428,82.6014338038736,0.03467254758456588,11.881486857307962,4.388329168989861
pg_00920,cl_052,monitor,Performing but unstable — position volatility flags it.,0.3612339986928017,90.01974624669019,0.037342107094781515,7.767652000746272,4.682304691111388
pg_00325,cl_013,monitor,Performing but unstable — position volatility flags it.,0.3607085501854204,77.51744636200414,0.0567535403740939,10.085229961420444,4.428430269318522
pg_02906,cl_037,monitor,Performing but unstable — position volatility flags it.,0.36049288944832675,83.76984107980174,0.0363991234365022,5.223989376279997,5.183241547678998
pg_02750,cl_014,rewrite,Under-performing and aging — needs a content refresh.,0.3603847267195913,9.435990496529513,0.04665838910516984,11.218725324626764,0.7858240826109938
pg_02237,cl_016,monitor,Performing but unstable — position volatility flags it.,0.36025836095216146,105.05671139019391,0.03715169172216552,3.923766900316264,4.648782049895157
pg_00679,cl_056,protect,"High performance, low staleness/volatility risk.",0.36003183487870977,100.98810039368558,0.06510150971906353,3.5822772924635364,1.3492048008154778
pg_01463,cl_003,protect,"High performance, low staleness/volatility risk.",0.3598747153692354,72.4750224324236,0.03189061767152167,7.0421180187964465,2.1563423274767657
pg_02045,cl_059,protect,"High performance, low staleness/volatility risk.",0.3596650739066276,72.11133576137364,0.027901846674738322,7.392743446248387,1.373392568293589
pg_01187,cl_035,monitor,Performing but unstable — position volatility flags it.,0.35869364655511554,82.41364591648849,0.015304899952106626,15.358940179594416,3.113721903457196
pg_03910,cl_013,monitor,Performing but unstable — position volatility flags it.,0.35832073157162075,82.57730533219474,0.07196056994318387,8.428013579831491,4.583418123703305
pg_03503,cl_012,protect,"High performance, low staleness/volatility risk.",0.3579810541731465,82.36822070809734,0.021770792792618187,19.341450316360593,1.1546071741729813
pg_03003,cl_057,rewrite,Under-performing and aging — needs a content refresh.,0.35784383831241134,10.992484175079396,0.05212598511761926,3.663915228242744,0.7440820044737118
pg_02026,cl_036,protect,"High performance, low staleness/volatility risk.",0.35771706489714966,78.50148072613158,0.014301065581468566,11.20064534895229,0.05
pg_03404,cl_023,protect,"High performance, low staleness/volatility risk.",0.3569531246800981,69.5610993303016,0.024034142970324086,13.700409669442145,1.004924182961199
pg_00632,cl_026,protect,"High performance, low staleness/volatility risk.",0.35684582684759464,79.19974928070266,0.03518949177499407,9.097107227921459,2.109076287958878
pg_02277,cl_003,monitor,Performing but unstable — position volatility flags it.,0.35658284589843575,83.2192495476232,0.017033347185932607,7.496215153972111,4.10211016808441
pg_01614,cl_003,protect,"High performance, low staleness/volatility risk.",0.35651706524880156,81.65473097317258,0.031986515898518884,12.54865119746605,1.5704312488850727
pg_00497,cl_022,protect,"High performance, low staleness/volatility risk.",0.35643484536510944,75.7349486380846,0.05867788980653095,15.35462943729059,0.3537196632141957
pg_01071,cl_012,monitor,Performing but unstable — position volatility flags it.,0.3561711633599805,84.10713233981487,0.10236346847160827,10.728758803534163,4.040294020445058
pg_01227,cl_059,protect,"High performance, low staleness/volatility risk.",0.3556838100618822,76.05320740461292,0.05032616580833178,13.486503484151779,1.1829746502686145
pg_02120,cl_046,monitor,Performing but unstable — position volatility flags it.,0.35561459025532055,85.79908062138692,0.05816843372477143,8.205457788574545,5.337548213499912
pg_03534,cl_005,monitor,Performing but unstable — position volatility flags it.,0.3554690555952005,105.93128398522448,0.07349961788674544,3.3671974056036866,4.569448391055419
pg_02027,cl_057,protect,"High performance, low staleness/volatility risk.",0.3550701715623974,79.65472869703314,0.03602209761365974,15.474400851835973,0.8493904578619614
pg_01888,cl_003,monitor,Performing but unstable — position volatility flags it.,0.3549589267357432,87.06932157381925,0.03447025895991772,5.781503154664987,3.5837027410681834
pg_01597,cl_043,monitor,Performing but unstable — position volatility flags it.,0.3549232637851329,109.78792231782876,0.032520548787085185,13.290161000646782,3.9219511988280193
pg_00273,cl_057,monitor,Performing but unstable — position volatility flags it.,0.3547592979568613,83.84303484187897,0.04917325438072181,8.64865067459895,4.245501933074067
pg_00591,cl_054,monitor,Performing but unstable — position volatility flags it.,0.35445711836287086,107.28584068030477,0.022876276281383418,7.309415395242029,3.6258359191302634
pg_01242,cl_057,protect,"High performance, low staleness/volatility risk.",0.35445525739068906,75.66096838391717,0.028230243527464168,6.302962356733412,2.9878828132057573
pg_00482,cl_015,rewrite,Under-performing and aging — needs a content refresh.,0.3543196152092918,10.445563373303496,0.059003084240214984,3.759068289818846,0.47789770370417095
pg_03871,cl_006,protect,"High performance, low staleness/volatility risk.",0.354028628245848,72.18527522560585,0.03647156151205051,2.207970772513246,1.1695019446131831
pg_02667,cl_057,protect,"High performance, low staleness/volatility risk.",0.35374310047882523,80.026787301683,0.027322605290802687,8.2795533264665,1.496821708121601
pg_00527,cl_008,monitor,Performing but unstable — position volatility flags it.,0.3530838256469068,92.27185074205232,0.0592170169259934,8.929571967923497,4.290464344420509
pg_01706,cl_059,protect,"High performance, low staleness/volatility risk.",0.35294499258773027,78.39908009306943,0.03701651605386104,11.774652581758223,0.7903589469498422
pg_02891,cl_034,protect,"High performance, low staleness/volatility risk.",0.3516187635079444,90.2897719698544,0.05380872637407433,8.549779314150397,1.1027763743303258
pg_02901,cl_048,protect,"High performance, low staleness/volatility risk.",0.35151804507924145,79.82554716627298,0.03956114008055607,14.233129180277093,1.222239969483423
pg_01167,cl_023,protect,"High performance, low staleness/volatility risk.",0.3513858772785188,88.02219157652829,0.03389234979360111,14.173803319479896,0.13792066624058208
pg_00445,cl_039,protect,"High performance, low staleness/volatility risk.",0.3511211257586502,66.71209146835952,0.011763040234286665,15.822759674219686,1.4903025794894484
pg_03528,cl_011,monitor,Performing but unstable — position volatility flags it.,0.3509949285741467,102.91976955985149,0.08975518474512587,13.917037213015174,5.219861104554897
pg_01011,cl_047,monitor,Performing but unstable — position volatility flags it.,0.35078489160240545,88.24892264194881,0.07466309852632674,5.063531673843114,3.2063033914360743
pg_00569,cl_034,monitor,Performing but unstable — position volatility flags it.,0.35077685251685053,103.62909917219419,0.08019772509154208,12.276545767470086,4.770297264481254
pg_00424,cl_025,protect,"High performance, low staleness/volatility risk.",0.3505391921603735,75.66295380679699,0.05782627200854692,11.655633642956266,2.7685305772836375
pg_01443,cl_025,protect,"High performance, low staleness/volatility risk.",0.3501933884175211,89.0714075829085,0.052631742192479014,8.619943040523845,0.2797941517394016
pg_01625,cl_059,protect,"High performance, low staleness/volatility risk.",0.3499820958193937,74.26658145439808,0.0214652574585949,18.749710981101256,2.451239092194857
pg_02241,cl_039,protect,"High performance, low staleness/volatility risk.",0.34983172479076835,71.49266705645046,0.039365384074226656,9.95509262365349,1.9639397905378932
pg_00366,cl_028,protect,"High performance, low staleness/volatility risk.",0.3495745378814049,76.82468560411193,0.03320696971931297,5.8882471612031315,1.7733723027248485
pg_00177,cl_009,protect,"High performance, low staleness/volatility risk.",0.3488153860710956,68.84426373212023,0.07504210849017184,15.94996231168998,2.1222400462346482
pg_02674,cl_055,protect,"High performance, low staleness/volatility risk.",0.3486981462014252,81.72612105508057,0.021090039895795942,25.533134223123312,0.05
pg_00690,cl_059,monitor,Performing but unstable — position volatility flags it.,0.3484570567070151,84.36875815824608,0.06632458163347911,5.593724878220774,4.4208108112353255
pg_00936,cl_009,protect,"High performance, low staleness/volatility risk.",0.34839804601782687,87.82375574230656,0.05476453983216342,13.709934588321754,1.115153416716875
pg_00043,cl_021,monitor,Performing but unstable — position volatility flags it.,0.34818374660166623,80.94957671607463,0.03728394886904739,8.788296824377431,4.152568697501487
pg_03677,cl_046,protect,"High performance, low staleness/volatility risk.",0.34810740575079513,76.62540236404281,0.02269205798523187,6.805140357160949,0.8211359628259065
pg_00800,cl_000,monitor,Performing but unstable — position volatility flags it.,0.347973892198971,102.85489436979717,0.07101825401575994,7.339567311888244,4.601698352420458
pg_00120,cl_026,protect,"High performance, low staleness/volatility risk.",0.34593129060197936,75.55646870675515,0.02793253270686383,6.043865987790358,1.7941749603026742
pg_03139,cl_029,monitor,Performing but unstable — position volatility flags it.,0.34590598380303333,108.58156926257465,0.06511473299985909,5.438271582037094,2.7706390512738146
pg_02759,cl_025,monitor,Performing but unstable — position volatility flags it.,0.34551684922021775,81.6118797583121,0.06558220370913341,14.530076168953173,3.418179502488985
pg_03582,cl_012,protect,"High performance, low staleness/volatility risk.",0.344928331722653,85.2955294058894,0.05535099905628267,10.680882463000431,0.5661753843925826
pg_02888,cl_008,protect,"High performance, low staleness/volatility risk.",0.3444869245314756,65.5198774886994,0.060811437462589026,9.976186353255965,0.24769105155922433
pg_01337,cl_017,monitor,Performing but unstable — position volatility flags it.,0.34445308173090616,98.99667254221794,0.06274164200577992,18.740103378313286,3.138174078947248
pg_02693,cl_025,monitor,Performing but unstable — position volatility flags it.,0.3442984335804412,88.42417893830482,0.04012218400523784,8.917928274454491,2.652575364649331
pg_02768,cl_028,protect,"High performance, low staleness/volatility risk.",0.34412539858767177,68.75075815654387,0.0460299232027587,9.284714238519877,1.984471746174687
pg_01093,cl_023,monitor,Performing but unstable — position volatility flags it.,0.3441128695424683,98.00375537384005,0.03371017024277184,10.781232340182257,4.948487465120577
pg_03880,cl_051,protect,"High performance, low staleness/volatility risk.",0.34398039062259045,60.53178420250306,0.022570865765497657,9.032496181437741,1.1417725106422
pg_01668,cl_031,protect,"High performance, low staleness/volatility risk.",0.3436957397846533,86.9360090563231,0.046430795093592214,7.352386105723903,1.2906170771899217
pg_00783,cl_007,protect,"High performance, low staleness/volatility risk.",0.34357031287848905,60.18031157084087,0.05344475224264636,4.074604999346737,0.3990052433968386
pg_02686,cl_014,protect,"High performance, low staleness/volatility risk.",0.34324087907193285,82.49728315535206,0.05658503182486279,11.778617589272011,1.3681770445642072
pg_02829,cl_007,monitor,Performing but unstable — position volatility flags it.,0.34293187179132895,89.04619559474352,0.04002419005323196,6.210367351044297,3.1193684091623473
pg_02012,cl_009,monitor,Performing but unstable — position volatility flags it.,0.34255744896257734,106.27238223572455,0.06975787761896893,10.219833798689839,6.6092746014948425
pg_01568,cl_054,monitor,Performing but unstable — position volatility flags it.,0.3423309692940515,85.63455211568353,0.03418970586947426,10.432047218137269,4.201033933011233
pg_03968,cl_035,protect,"High performance, low staleness/volatility risk.",0.3422265565570935,80.36377968184755,0.01561983850842818,8.034449460080607,0.38804320418321026
pg_03045,cl_052,monitor,Performing but unstable — position volatility flags it.,0.3418908379429061,83.92462393971547,0.042127234087282486,7.910153774163471,5.263740626038999
pg_03998,cl_043,monitor,Performing but unstable — position volatility flags it.,0.3414140788096965,114.82025389271938,0.0225125207627203,3.876835508835155,4.400053263033364
pg_03680,cl_042,monitor,Performing but unstable — position volatility flags it.,0.34126997562074735,80.24618251666955,0.049674606734604054,9.445010609993087,3.77746233035879
pg_03047,cl_045,monitor,Performing but unstable — position volatility flags it.,0.3410311251151099,96.90436332163124,0.049330597215626194,12.059114207374723,3.289467869380064
pg_00122,cl_039,protect,"High performance, low staleness/volatility risk.",0.34060985627398976,69.5753287612921,0.027747281464368174,15.211195826731867,0.9101900161618874
pg_01476,cl_029,monitor,Performing but unstable — position volatility flags it.,0.34009746684468467,85.85472382774577,0.06266276796365688,6.859788544795686,3.391272460806588
pg_03845,cl_028,monitor,Performing but unstable — position volatility flags it.,0.33945721064370427,85.12400869930784,0.029483264765607066,7.146515531439691,3.5079084346808878
pg_03546,cl_024,monitor,Performing but unstable — position volatility flags it.,0.33917420520935465,88.42064307485069,0.06355936024744815,14.048155901578422,5.656184081012776
pg_00351,cl_002,monitor,Performing but unstable — position volatility flags it.,0.33916885958093856,73.80182464221781,0.062318998742961484,17.44996868820949,4.066040798075157
pg_00132,cl_005,monitor,Performing but unstable — position volatility flags it.,0.3390140611000841,87.8915423395695,0.02201188563435158,11.541263805893966,3.487979725860441
pg_00202,cl_029,protect,"High performance, low staleness/volatility risk.",0.33895536055502506,84.83444516114628,0.0602956847392482,5.265114688938873,1.5245195732360235
pg_00157,cl_033,protect,"High performance, low staleness/volatility risk.",0.3389202700283264,85.26310050816782,0.03370323433724776,5.715910838907385,1.1784298279652785
pg_00537,cl_006,protect,"High performance, low staleness/volatility risk.",0.3378837824625076,70.12180716797688,0.014551469566365886,9.444853820374759,0.5867472034887252
pg_00201,cl_054,protect,"High performance, low staleness/volatility risk.",0.3376566180082193,77.4484479115223,0.06623518196958716,9.549720372128037,2.4069113429600524
pg_01164,cl_031,protect,"High performance, low staleness/volatility risk.",0.33764235880763555,72.72873689390343,0.030460323325513627,14.608872597185648,1.5397810459661412
pg_01377,cl_045,monitor,Performing but unstable — position volatility flags it.,0.3372752636265792,70.23379566333179,0.031316862755160144,4.744301199050349,4.799294990347301
pg_01404,cl_010,protect,"High performance, low staleness/volatility risk.",0.33719011608012867,93.6776569679773,0.10532932168837916,13.644503376177408,2.2019336183519234
pg_01564,cl_033,monitor,Performing but unstable — position volatility flags it.,0.33704544939644043,111.67808089830046,0.055759995109476226,11.611791439657415,3.7596203875752536
pg_03142,cl_027,protect,"High performance, low staleness/volatility risk.",0.3364905143312068,68.02970855556096,0.02780964942846454,11.121612582809053,1.2917491623029678
pg_02587,cl_019,monitor,Performing but unstable — position volatility flags it.,0.3362173747773881,78.71311165894548,0.020938071378604615,16.48879799602417,2.8746785914365836
pg_02345,cl_015,protect,"High performance, low staleness/volatility risk.",0.33614801549981693,82.60816814373115,0.06245092805098123,9.15568074528188,1.0331492854670188
pg_01170,cl_037,monitor,Performing but unstable — position volatility flags it.,0.3359153732166529,86.67093656009322,0.060319884753691475,9.139625154453428,2.2997549600170695
pg_00754,cl_033,monitor,Performing but unstable — position volatility flags it.,0.3356498110366456,76.006339360617,0.03403052534460065,8.000834943376006,3.414225807605611
pg_00876,cl_032,protect,"High performance, low staleness/volatility risk.",0.33489941816558133,78.98256556738588,0.06004679037524695,6.954608425881439,1.8394748348177319
pg_00514,cl_057,protect,"High performance, low staleness/volatility risk.",0.3348510516032139,74.58670316579534,0.07404418853927797,8.939948909907224,1.7577013315484726
pg_01456,cl_059,monitor,Performing but unstable — position volatility flags it.,0.33470147286905194,73.10706880562404,0.055739903861752385,17.519400099781183,4.186288958798524
pg_02505,cl_006,protect,"High performance, low staleness/volatility risk.",0.33468045360175935,74.50560338247068,0.03345607379278891,8.989454625429518,1.2962565060655538
pg_02096,cl_056,protect,"High performance, low staleness/volatility risk.",0.3346751148814541,78.64545269304546,0.024272154004583865,15.023280760236963,0.28453784637035295
pg_01770,cl_020,protect,"High performance, low staleness/volatility risk.",0.33448011229776475,87.38337943508422,0.04576436732731726,7.358207277569937,0.05
pg_03493,cl_044,protect,"High performance, low staleness/volatility risk.",0.33415707576876313,70.75978165852987,0.03680392740310745,4.130195434618775,1.0976434974312521
pg_03228,cl_044,protect,"High performance, low staleness/volatility risk.",0.33414221200050676,103.75584207005548,0.07296681340353844,5.880403482661373,0.9016968366423403
pg_00326,cl_014,protect,"High performance, low staleness/volatility risk.",0.3339816727141673,76.57780952664328,0.04250729931377262,4.898361326094005,2.0953613693405853
pg_02261,cl_059,monitor,Performing but unstable — position volatility flags it.,0.3339663445691432,142.4566163138913,0.022235733269093255,7.072428176215413,4.643100301561905
pg_01311,cl_020,monitor,Performing but unstable — position volatility flags it.,0.3339448248621786,108.69257200547551,0.04757649057247895,13.147448959369047,5.013047006100203
pg_00432,cl_049,protect,"High performance, low staleness/volatility risk.",0.33349070971416783,81.72067732647542,0.031461066390517475,14.473681285746084,0.8319519766559313
pg_02022,cl_039,protect,"High performance, low staleness/volatility risk.",0.33346982791760454,89.55600425192482,0.07019468618698688,10.369351021242698,0.8516847393168823
pg_01468,cl_046,protect,"High performance, low staleness/volatility risk.",0.3331973683893893,92.70360233765123,0.07709523705885213,11.236917611101976,1.7439968834858854
pg_02885,cl_009,monitor,Performing but unstable — position volatility flags it.,0.33309761832361484,79.32006658463334,0.04421362591537839,10.826942366446943,4.218405115846372
pg_03212,cl_020,monitor,Performing but unstable — position volatility flags it.,0.3328688457182315,84.6640267931106,0.07827134271084282,15.523551264278588,3.72577296712465
pg_01190,cl_024,protect,"High performance, low staleness/volatility risk.",0.3328418629835255,87.15592262082097,0.05401471719601456,4.60175471328107,2.0171419218359463
pg_00044,cl_004,monitor,Performing but unstable — position volatility flags it.,0.33277635044619985,65.78268583621751,0.06514847636100762,18.532642072013296,3.425740117847126
pg_02987,cl_046,protect,"High performance, low staleness/volatility risk.",0.3327735820426213,80.02133576544657,0.0478777578543412,9.394854129710938,1.9244492630710157
pg_00897,cl_003,protect,"High performance, low staleness/volatility risk.",0.3324856354401286,71.5075257804045,0.0356869566882353,15.24350323289239,1.825179912258499
pg_03067,cl_042,protect,"High performance, low staleness/volatility risk.",0.33206829822645534,82.34002125372534,0.028565062215709598,10.165578915738495,0.6515336075690713
pg_01598,cl_050,monitor,Performing but unstable — position volatility flags it.,0.3318383954552373,63.79218196597225,0.048571145120113325,7.80490283776185,3.9187718680028714
pg_01148,cl_041,monitor,Performing but unstable — position volatility flags it.,0.3315740672750247,82.76960268643619,0.03975199562796328,13.699932989288357,3.7998562715921524
pg_02347,cl_045,monitor,Performing but unstable — position volatility flags it.,0.3313971082809959,96.78495947583819,0.05495599115705966,10.341530238815258,3.637827245943458
pg_01016,cl_023,monitor,Performing but unstable — position volatility flags it.,0.33137462183312943,79.36806167418425,0.07558329805930653,10.001899945466091,3.6537273499225273
pg_00237,cl_025,protect,"High performance, low staleness/volatility risk.",0.3311384466905817,68.7389487158015,0.033070104964686084,9.149927924119787,0.6626531491541164
pg_01403,cl_019,monitor,Performing but unstable — position volatility flags it.,0.33098946548348623,105.27766091396828,0.0452536385786688,11.600611855546834,3.83673785234208
pg_03937,cl_028,protect,"High performance, low staleness/volatility risk.",0.3307753766784556,72.49271476770559,0.03393990972909383,7.526789362736918,1.0749113794936196
pg_02002,cl_023,monitor,Performing but unstable — position volatility flags it.,0.33075819313938903,76.55622750885864,0.053439774998524106,7.162847236728023,4.114647216953399
pg_03561,cl_010,protect,"High performance, low staleness/volatility risk.",0.33042015164524025,72.32471711757746,0.03150770715751242,8.389618166871289,1.4153878888544762
pg_02966,cl_014,protect,"High performance, low staleness/volatility risk.",0.3302877084813385,71.53535286043657,0.04091261575755143,9.830980425241036,1.5119954801815896
pg_00440,cl_058,monitor,Performing but unstable — position volatility flags it.,0.3302783326893375,85.02270434696761,0.05658635463890869,6.672452201344736,3.5054060786112213
pg_03923,cl_025,protect,"High performance, low staleness/volatility risk.",0.3302008705273524,87.50666023240257,0.06047053656683235,5.402507340041298,0.7969570379914735
pg_00610,cl_050,monitor,Performing but unstable — position volatility flags it.,0.3301805810657263,106.99223648014818,0.056291900040622886,4.412079536899297,4.123003326111729
pg_00218,cl_026,monitor,Performing but unstable — position volatility flags it.,0.3298870179526621,107.87243720135149,0.06352274769553716,17.140511207863558,4.709660315432711
pg_03853,cl_021,rewrite,Under-performing and aging — needs a content refresh.,0.32932889161478035,9.873059094704132,0.03645222022248512,5.806781906225062,1.4481659905912727
pg_02673,cl_011,protect,"High performance, low staleness/volatility risk.",0.32918503957586154,73.00551829554311,0.04811660756711456,7.735500540112367,1.619538568232202
pg_02925,cl_010,protect,"High performance, low staleness/volatility risk.",0.32899648274741666,71.04262020794538,0.0627329441241765,12.922898122543844,1.332593678158591
pg_02262,cl_001,protect,"High performance, low staleness/volatility risk.",0.3289722306384773,65.41142608634087,0.028131387726129217,11.89437970909447,1.7061478665845904
pg_01124,cl_050,protect,"High performance, low staleness/volatility risk.",0.3287116239704011,85.69324437867769,0.06434261871046293,3.316661556248582,0.7993036203804222
pg_03360,cl_059,protect,"High performance, low staleness/volatility risk.",0.3286277501222852,74.05471955879486,0.025625518619073463,11.116446572767892,0.7256785172403377
pg_00380,cl_000,monitor,Performing but unstable — position volatility flags it.,0.3283708793730289,92.36775638049679,0.04132332718183247,14.362294349495393,3.3060490831701954
pg_02363,cl_007,monitor,Performing but unstable — position volatility flags it.,0.3283477089317461,93.99019745964299,0.04863994087702166,11.08698413173706,3.5823854533547697
pg_02211,cl_046,protect,"High performance, low staleness/volatility risk.",0.3279079499063642,77.09043791377336,0.04313122551720867,6.233448255869743,1.0370800015618
pg_00598,cl_037,monitor,Performing but unstable — position volatility flags it.,0.3276685662825764,83.93279731658822,0.05310731492231186,12.294905826605167,2.6110800754825494
pg_02922,cl_007,protect,"High performance, low staleness/volatility risk.",0.3276384191534239,81.42020984720733,0.03702029623264372,13.654690701269034,0.45397207625647795
pg_02318,cl_051,monitor,Performing but unstable — position volatility flags it.,0.3275664280995109,131.5778683341817,0.07932144569752478,16.210719724948675,3.310622216338765
pg_01673,cl_045,protect,"High performance, low staleness/volatility risk.",0.3275297291554899,80.51428995037253,0.05683897277131855,7.867769905659783,1.252332682775289
pg_03531,cl_004,monitor,Performing but unstable — position volatility flags it.,0.32745695599270075,112.90288822729804,0.06159299663538805,13.253389739787188,4.4542676562141175
pg_03161,cl_053,monitor,Performing but unstable — position volatility flags it.,0.32694363473884513,72.0832449765889,0.04899366341454579,12.085634899654135,3.679375916564407
pg_03098,cl_011,monitor,Performing but unstable — position volatility flags it.,0.3267900745411443,82.59003778373352,0.08693042289789565,12.31092218953073,3.2713469912791
pg_03670,cl_008,protect,"High performance, low staleness/volatility risk.",0.3266639811456275,73.09160980544502,0.022471685564136635,14.39989110996948,0.60286718887776
pg_01407,cl_052,protect,"High performance, low staleness/volatility risk.",0.3266534217100261,81.35293336338046,0.04560727838145769,9.517488297096996,0.9481533628707814
pg_00490,cl_055,monitor,Performing but unstable — position volatility flags it.,0.32615634078984246,94.61393041608606,0.08174858656282295,5.7515715649715755,3.490142023500212
pg_00466,cl_009,protect,"High performance, low staleness/volatility risk.",0.32556373016168505,83.47472380109144,0.07979276181581248,12.596184515822735,2.198864478997571
pg_01852,cl_027,protect,"High performance, low staleness/volatility risk.",0.3255467893117599,66.76829647401152,0.030716212787124476,9.551977073325432,2.4692527824921338
pg_02562,cl_040,protect,"High performance, low staleness/volatility risk.",0.3252105770265841,80.4183478849615,0.04476013697866563,11.190821504253321,1.5813660365914202
pg_03166,cl_044,protect,"High performance, low staleness/volatility risk.",0.32496667543415225,77.56989472388543,0.024812501191757718,8.71846423380241,1.2904880975169044
pg_02161,cl_014,protect,"High performance, low staleness/volatility risk.",0.32481525606204,71.60526487048449,0.03420445060390927,9.054920018794139,0.9787647348999982
pg_01747,cl_022,monitor,Performing but unstable — position volatility flags it.,0.3244954979675649,81.20113433383767,0.07068858772454079,10.491698471229283,4.1091601094080294
pg_01726,cl_056,protect,"High performance, low staleness/volatility risk.",0.3237929743182568,103.72317048369213,0.09345413247239842,11.112760117449486,1.2053088133773953
pg_00928,cl_025,protect,"High performance, low staleness/volatility risk.",0.32370344031591314,83.89621456533015,0.050091441522499336,10.926756450264893,1.9707050190420508
pg_02451,cl_053,monitor,Performing but unstable — position volatility flags it.,0.3233174447764435,107.15670738532738,0.08796182969035043,11.486241686775315,4.339950622082612
pg_00269,cl_035,protect,"High performance, low staleness/volatility risk.",0.3225423019434903,84.22420291430227,0.04818070210417343,6.677209053592907,1.0722976963603292
pg_03552,cl_056,protect,"High performance, low staleness/volatility risk.",0.32240416465536786,71.50156526622315,0.06782286534130409,5.970192663082855,1.271688323250641
pg_02628,cl_036,protect,"High performance, low staleness/volatility risk.",0.3221268594280273,54.62536375079305,0.03474376965770319,11.196220462278037,1.3789966285449902
pg_03303,cl_016,protect,"High performance, low staleness/volatility risk.",0.32208543370163045,87.26652213331185,0.05772101953778109,6.793659546623189,1.4302755473171556
pg_02281,cl_021,protect,"High performance, low staleness/volatility risk.",0.32205759587182564,94.31360710243115,0.06761148703352192,6.919686881646712,1.1431283814460924
pg_00376,cl_044,monitor,Performing but unstable — position volatility flags it.,0.3209985728233009,76.78091536840809,0.059257336445098105,15.397272193802687,4.277432980983807
pg_03538,cl_031,protect,"High performance, low staleness/volatility risk.",0.3203896811379077,71.4890209592524,0.05113373805992507,5.816894184401015,0.5863491719137778
pg_03084,cl_020,protect,"High performance, low staleness/volatility risk.",0.32024391404273045,65.70608992508038,0.04928060892694966,3.8250716777353757,2.9276264297747856
pg_03939,cl_030,monitor,Performing but unstable — position volatility flags it.,0.31995534187639874,91.1508042924794,0.051249830336002916,6.874818872797411,4.025899990488613
pg_00734,cl_012,protect,"High performance, low staleness/volatility risk.",0.3193992996551367,71.41699649455649,0.03476157550728756,11.301374496052672,1.6080209526275573
pg_01722,cl_039,monitor,Performing but unstable — position volatility flags it.,0.3193274058496542,72.57362054729933,0.06407037527108084,9.164401829616336,3.107071246925953
pg_02599,cl_023,protect,"High performance, low staleness/volatility risk.",0.3184164357800524,73.21919089274087,0.049420867641133404,8.93972810649714,0.6520319332516346
pg_03807,cl_009,monitor,Performing but unstable — position volatility flags it.,0.31775821131841386,78.06414609957483,0.03281898023312992,14.634002317620503,4.566904918251584
pg_00127,cl_045,protect,"High performance, low staleness/volatility risk.",0.3177056489245278,75.61371064720906,0.07180555373563786,7.64868408652244,1.2631405686187847
pg_02229,cl_058,protect,"High performance, low staleness/volatility risk.",0.3175970324670371,72.90171344186754,0.03081630689542271,4.052576175647271,0.7365728176481022
pg_03700,cl_009,protect,"High performance, low staleness/volatility risk.",0.3173228145301831,58.038020081921616,0.027368142677565547,11.38832729399202,3.434692987661703
pg_02785,cl_007,monitor,Performing but unstable — position volatility flags it.,0.3168483224559938,93.31343211435836,0.07006762627412065,9.19496345506595,3.6530552115001904
pg_03484,cl_024,monitor,Performing but unstable — position volatility flags it.,0.3165485995640311,75.51706306190633,0.03210603116452093,12.34633646390338,3.740960064236349
pg_01109,cl_002,monitor,Performing but unstable — position volatility flags it.,0.315687600111863,65.8118679989363,0.04517929114904029,12.648828556881204,5.010772994686522
pg_00360,cl_050,monitor,Performing but unstable — position volatility flags it.,0.31556213467565,73.3448482695074,0.047628248223503394,9.820969435056819,2.97338079206406
pg_00694,cl_005,monitor,Performing but unstable — position volatility flags it.,0.3152052572031161,97.52221859733983,0.03521630924356366,13.521227808370256,5.577987913190473
pg_03266,cl_044,protect,"High performance, low staleness/volatility risk.",0.3151598355873869,62.140942691404376,0.007731894938315394,11.33367788681452,1.4441770475532383
pg_01180,cl_036,monitor,Performing but unstable — position volatility flags it.,0.3149684259042026,73.30757557862694,0.08069441886559339,15.265392804818644,4.312709156423855
pg_01041,cl_051,monitor,Performing but unstable — position volatility flags it.,0.31468223488437813,81.2371091093564,0.01817004728160753,7.145496492616419,4.11929129160686
pg_02655,cl_033,protect,"High performance, low staleness/volatility risk.",0.31415715744555106,62.548417329395974,0.051352675715356136,3.0925912248900724,2.8645771561186333
pg_01363,cl_012,protect,"High performance, low staleness/volatility risk.",0.3139666613471088,66.48940295214075,0.018701720191538065,3.8882816856275646,0.3727535443461779
pg_03200,cl_055,protect,"High performance, low staleness/volatility risk.",0.3137295037954726,59.559083749193114,0.023105037097111335,9.213062095009274,1.3149818810769098
pg_01761,cl_024,protect,"High performance, low staleness/volatility risk.",0.31334958463569773,75.25043939966287,0.05087616674723314,6.8758225199082865,0.7428207219103791
pg_03410,cl_004,protect,"High performance, low staleness/volatility risk.",0.3132146670519483,79.51316212281264,0.05393223670189207,6.61282139187347,1.31602130237162
pg_02037,cl_002,monitor,Performing but unstable — position volatility flags it.,0.3131753157483737,117.06200457127434,0.050379795366907745,6.119773446102498,3.921925334507552
pg_00715,cl_047,protect,"High performance, low staleness/volatility risk.",0.3130979219925052,69.68190140661366,0.03514169462919115,11.868383744325168,1.5511513935106735
pg_03747,cl_059,monitor,Performing but unstable — position volatility flags it.,0.3130137331997409,78.08012433772505,0.06312506349791017,6.5362553669032,3.2295007196991707
pg_00488,cl_045,rewrite,Under-performing and aging — needs a content refresh.,0.3128552369134382,8.706553894356034,0.034997030159897025,4.973132946825797,0.2891216135793695
pg_00506,cl_031,monitor,Performing but unstable — position volatility flags it.,0.31257311009074856,71.51348262073299,0.02230778103931374,4.46906042228689,4.245860912551851
pg_01550,cl_016,monitor,Performing but unstable — position volatility flags it.,0.3123535899021229,125.66065954828112,0.04888014016603862,6.259902903553803,4.849220193678434
pg_02679,cl_022,monitor,Performing but unstable — position volatility flags it.,0.31230446958632413,67.42790878309438,0.08372345971492362,6.946105169157281,4.269082604255005
pg_01912,cl_000,monitor,Performing but unstable — position volatility flags it.,0.3122191479853641,72.53552980926979,0.040599288365473565,7.9322534713712765,3.5752662992748654
pg_02523,cl_024,monitor,Performing but unstable — position volatility flags it.,0.311610869341133,75.95514794320893,0.027550699503277695,12.489580126814147,3.8461781739303307
pg_00741,cl_045,monitor,Performing but unstable — position volatility flags it.,0.3114274081935088,96.1250360235757,0.06399019612917489,2.8709036903710334,4.321925606842424
pg_00005,cl_051,monitor,Performing but unstable — position volatility flags it.,0.31130323854857395,88.47072404084246,0.048802912046082975,13.130072722689592,5.364277602193075
pg_01621,cl_000,protect,"High performance, low staleness/volatility risk.",0.3105027866094511,63.968056264062206,0.04709079441053164,7.6727172756611335,0.5077969341954903
pg_00381,cl_056,protect,"High performance, low staleness/volatility risk.",0.31048269625260616,77.40827203504288,0.04304820643442039,4.793786882267835,1.1546709121314123
pg_01783,cl_057,protect,"High performance, low staleness/volatility risk.",0.30999580422073686,75.54005943796956,0.056265300620017764,7.170840229960087,1.096536252507799
pg_00107,cl_039,monitor,Performing but unstable — position volatility flags it.,0.30974702016555383,73.60655827356027,0.0797230129172099,10.41382865957479,2.8289570315291357
pg_00903,cl_053,monitor,Performing but unstable — position volatility flags it.,0.30904512502605375,69.83949214301589,0.04463792613951216,4.786533560335937,3.033971469258563
pg_02156,cl_026,monitor,Performing but unstable — position volatility flags it.,0.30904174581104155,114.52810218065243,0.06091380686242026,7.819632622536878,5.37663117662152
pg_02085,cl_039,monitor,Performing but unstable — position volatility flags it.,0.30899337739396093,81.34216014941849,0.03586671441906222,4.107597709457389,4.311142353138849
pg_00093,cl_023,protect,"High performance, low staleness/volatility risk.",0.3089272762205002,56.08653555712262,0.036434745423920806,8.486903635146804,0.5416792856709949
pg_01914,cl_019,protect,"High performance, low staleness/volatility risk.",0.3088207138454018,81.35344459943448,0.06337791624302722,8.5073285881949,1.849746473360245
pg_00519,cl_035,protect,"High performance, low staleness/volatility risk.",0.30833380803849786,74.83048451760276,0.05152725606010898,8.730776583812013,1.4643083607772915
pg_02483,cl_019,protect,"High performance, low staleness/volatility risk.",0.3069671491895387,65.47281303889162,0.055485563193281975,6.234389836909744,0.7122635143662458
pg_00949,cl_016,monitor,Performing but unstable — position volatility flags it.,0.30671491985928473,79.88138976474129,0.0747955661721407,9.842583758759229,3.658092632405117
pg_03428,cl_046,monitor,Performing but unstable — position volatility flags it.,0.3061663319457979,79.12106868390767,0.03720570185625856,5.419704166563903,5.139185402561893
pg_01929,cl_057,monitor,Performing but unstable — position volatility flags it.,0.3061459431322824,72.94475866475075,0.0317102145972914,12.450575341429651,5.1432733962536155
pg_00891,cl_042,protect,"High performance, low staleness/volatility risk.",0.30589924153184067,67.22449837621667,0.04982501206486814,5.360042241227033,1.94220918603126
pg_01935,cl_009,protect,"High performance, low staleness/volatility risk.",0.3056769472458462,73.74202048877545,0.054618049141901166,8.724362181921608,1.1064796133589097
pg_02230,cl_037,monitor,Performing but unstable — position volatility flags it.,0.30551475316939486,69.8629256670744,0.03502834259416681,13.924079707438882,4.664706160219643
pg_02507,cl_037,protect,"High performance, low staleness/volatility risk.",0.30510301262052736,71.02597758283851,0.034442246359462234,6.117878551573273,2.1859659259847
pg_03444,cl_055,monitor,Performing but unstable — position volatility flags it.,0.3046498774869077,103.34826426197094,0.07582405221298884,14.262708484662316,4.286080234129542
pg_01684,cl_021,protect,"High performance, low staleness/volatility risk.",0.3046258051966202,54.55580780083162,0.08385465036406989,14.153410520391596,0.4802762316496839
pg_01236,cl_000,monitor,Performing but unstable — position volatility flags it.,0.3043871899307986,82.238113723044,0.04281586616695711,6.96881317438663,3.68605550756597
pg_03495,cl_031,protect,"High performance, low staleness/volatility risk.",0.3039382084576167,76.11146469333215,0.04629229878195233,11.530232561557797,1.0629439023826888
pg_03888,cl_008,monitor,Performing but unstable — position volatility flags it.,0.30381472851997476,99.25471273705261,0.07728770029335201,11.96165614072053,3.81224117788743
pg_01414,cl_035,protect,"High performance, low staleness/volatility risk.",0.30333028433135784,70.44910689623742,0.05927835425382692,8.969922444039659,0.9940802458759325
pg_01372,cl_026,monitor,Performing but unstable — position volatility flags it.,0.3027545931726414,81.3808385297967,0.08806935217251113,6.196043524535502,4.796502161706779
pg_01933,cl_057,rewrite,Under-performing and aging — needs a content refresh.,0.30274535907956535,12.34636626884627,0.0922716996483616,3.397330693434337,0.7319914686453538
pg_00579,cl_006,protect,"High performance, low staleness/volatility risk.",0.3024521534801079,84.13544419730192,0.08672847414826845,10.92898637089543,1.5636922256486907
pg_02998,cl_026,protect,"High performance, low staleness/volatility risk.",0.3021497611532843,60.20492510774552,0.06071180056650366,7.798448704960145,0.2922854853261234
pg_01079,cl_050,protect,"High performance, low staleness/volatility risk.",0.3021111404301497,70.46978716816217,0.01818560805221487,7.500643976269187,1.148820133005122
pg_01700,cl_015,monitor,Performing but unstable — position volatility flags it.,0.3020289805865266,81.73902571002684,0.08088276002413294,8.852246259185847,6.181679884743193
pg_00862,cl_007,protect,"High performance, low staleness/volatility risk.",0.3015250926662616,61.86913539737181,0.027959284394178784,5.9390133970677965,1.0796500779486964
pg_03101,cl_007,protect,"High performance, low staleness/volatility risk.",0.30127320328376633,71.28435897256705,0.048323358751453396,6.805086435469695,2.1051769408087795
pg_03816,cl_027,protect,"High performance, low staleness/volatility risk.",0.3009675503460085,66.70050095398587,0.0198262479315438,7.03263840431415,1.9171799287344475
pg_01482,cl_017,monitor,Performing but unstable — position volatility flags it.,0.3009354255865427,72.43769334541429,0.015937070489051193,8.744171000654983,2.9207216273113006
pg_01710,cl_020,monitor,Performing but unstable — position volatility flags it.,0.30062837103786655,87.39234188918569,0.05487305450028327,6.686958417623371,5.4493264199496805
pg_03749,cl_054,monitor,Performing but unstable — position volatility flags it.,0.3005715293477031,97.82659551950077,0.05972286936554947,11.97745193544562,4.2314868738117655
pg_02222,cl_001,protect,"High performance, low staleness/volatility risk.",0.30036641367156647,65.20188691185736,0.030525653200870737,7.656130394248929,0.9417517910455855
pg_00396,cl_002,protect,"High performance, low staleness/volatility risk.",0.29983968448788323,65.27776859052825,0.05871139505235521,12.400807074017994,1.2038691672108097
pg_03554,cl_024,protect,"High performance, low staleness/volatility risk.",0.2995203920713701,67.77904387321297,0.006720823093854144,6.455967602143042,1.190633521285836
pg_02590,cl_004,protect,"High performance, low staleness/volatility risk.",0.2991574528618621,70.71739559077497,0.020512300093617215,7.38273691748455,0.9897767812962712
pg_02479,cl_008,monitor,Performing but unstable — position volatility flags it.,0.2990899473024867,70.9753817971172,0.05774687352506663,15.57064259390225,4.11964092830621
pg_01576,cl_032,monitor,Performing but unstable — position volatility flags it.,0.2989584016088772,90.26437174520574,0.054706244526979864,6.857630074868086,3.390878717075103
pg_00985,cl_039,protect,"High performance, low staleness/volatility risk.",0.2987721435390898,69.67144835928502,0.011825724364550191,10.044930295622638,0.46550030955144384
pg_01102,cl_055,monitor,Performing but unstable — position volatility flags it.,0.29854317250413565,75.06284752095303,0.04134236253638057,7.870914373514488,4.857169313367525
pg_01870,cl_002,protect,"High performance, low staleness/volatility risk.",0.2977186452784459,69.5642672022688,0.017720184279903156,5.223409612097739,1.2006481032655534
pg_03437,cl_039,protect,"High performance, low staleness/volatility risk.",0.29716503918900883,61.88179607799896,0.06050978256625352,6.8200594821019624,1.1633544777297546
pg_02942,cl_045,protect,"High performance, low staleness/volatility risk.",0.2970161161780695,71.07514400588269,0.028179306627322036,16.237511348735946,1.0929595849656843
pg_02834,cl_023,protect,"High performance, low staleness/volatility risk.",0.2969310019510893,53.70053452787983,0.025623419303995157,7.572574303394258,0.9958765457553169
pg_02495,cl_012,protect,"High performance, low staleness/volatility risk.",0.2968036903187373,79.25793642886444,0.06697467134395776,15.500542366511747,0.5565298466086196
pg_02835,cl_032,monitor,Performing but unstable — position volatility flags it.,0.2967500698741627,72.20252422854855,0.03163324504517907,11.606306350088179,5.535967613770682
pg_01045,cl_009,protect,"High performance, low staleness/volatility risk.",0.29656849810888536,105.12925505539813,0.09282544430908031,8.574507773734323,1.5409771495970883
pg_03055,cl_028,protect,"High performance, low staleness/volatility risk.",0.29627103045900705,71.72046041226044,0.049202660402655723,13.485048741712117,0.35794424550799675
pg_00003,cl_026,protect,"High performance, low staleness/volatility risk.",0.2961999240802646,68.82439648314015,0.03110562740292768,11.991499484238084,0.7411809442365092
pg_00940,cl_041,monitor,Performing but unstable — position volatility flags it.,0.2961749367710113,91.63539558928969,0.0594346717770027,9.610677161845958,4.622024228879102
pg_03959,cl_012,protect,"High performance, low staleness/volatility risk.",0.2961193042434247,55.97495271032003,0.02315995892065072,7.084239590486562,1.4924819652326946
pg_02509,cl_007,protect,"High performance, low staleness/volatility risk.",0.2960527876473092,60.15951642486372,0.04233098944977086,9.70397419690478,1.1380545763782184
pg_00964,cl_056,protect,"High performance, low staleness/volatility risk.",0.2957489912234338,71.49361748622056,0.0407802416389349,13.032224873020635,0.7890965500426987
pg_01421,cl_059,protect,"High performance, low staleness/volatility risk.",0.295142966676838,73.4965798619152,0.05104023164714942,6.775205980420806,1.565979364656055
pg_01282,cl_023,protect,"High performance, low staleness/volatility risk.",0.29511162390698065,76.06437124848635,0.06639473757421299,4.41230766016592,1.4319416498511968
pg_02560,cl_034,monitor,Performing but unstable — position volatility flags it.,0.2948703542335361,95.74502895612373,0.031363769378037955,10.225802719395773,5.421460284441455
pg_01490,cl_016,protect,"High performance, low staleness/volatility risk.",0.294765364828082,63.04270925559767,0.03343127221733895,12.888810776326894,0.5139641364427865
pg_00627,cl_022,protect,"High performance, low staleness/volatility risk.",0.2945679102500364,71.2932336405879,0.03292631560526227,9.382101913944691,1.8919812830842795
pg_02716,cl_026,protect,"High performance, low staleness/volatility risk.",0.29452325952352915,71.25393297377116,0.026258313095130794,9.814070887987754,1.7796738549971662
pg_02324,cl_044,protect,"High performance, low staleness/volatility risk.",0.29426113586427854,65.85574228615425,0.0451671621508758,12.245351001492372,0.6769221857574098
pg_01063,cl_042,protect,"High performance, low staleness/volatility risk.",0.29379707668123206,63.903890323176135,0.035700533400609115,13.296265902547756,2.9143329629235444
pg_02982,cl_048,protect,"High performance, low staleness/volatility risk.",0.2927375580693613,68.84059578477567,0.053196470921910335,6.994519554320587,0.3781335945940545
pg_00284,cl_026,protect,"High performance, low staleness/volatility risk.",0.2924988063438153,61.9023619730629,0.047059743791561075,4.617824082084148,0.7546958514962074
pg_01616,cl_047,protect,"High performance, low staleness/volatility risk.",0.2922624887385586,69.18007303881222,0.06892499416700659,9.754836759301071,1.6506383697798372
pg_01596,cl_039,monitor,Performing but unstable — position volatility flags it.,0.29221052280426474,77.24573592048684,0.06899115598089664,7.498616828913914,2.5812035638672324
pg_03358,cl_011,protect,"High performance, low staleness/volatility risk.",0.2920700763774839,72.88006284009758,0.04228989231273701,6.935845514417288,1.6825760016702778
pg_03905,cl_045,protect,"High performance, low staleness/volatility risk.",0.2919859872664822,60.31772243937827,0.0057285075380942505,14.992580205798578,3.0758074279240617
pg_00144,cl_059,protect,"High performance, low staleness/volatility risk.",0.291784582503217,79.59012735743248,0.06129195209222431,10.826047238741365,1.2838257323633508
pg_03128,cl_030,protect,"High performance, low staleness/volatility risk.",0.29176660423647854,71.15523347984936,0.029977151510582976,11.667350769683038,2.2935234005632976
pg_02360,cl_038,protect,"High performance, low staleness/volatility risk.",0.2916080940661054,71.91436460665625,0.04824720670556983,8.976673414276961,1.3941136963695873
pg_02583,cl_039,protect,"High performance, low staleness/volatility risk.",0.29100156074508676,74.21893768370659,0.058095330252985106,10.342889100965142,0.7395068335904762
pg_03109,cl_014,monitor,Performing but unstable — position volatility flags it.,0.29098047613386835,82.12841891502244,0.06733043441683934,11.011828193091853,3.3705631384416495
pg_02029,cl_020,monitor,Performing but unstable — position volatility flags it.,0.29035744731132346,86.36652158731859,0.014560209475028639,8.344237860893212,5.035114393979744
pg_01881,cl_015,monitor,Performing but unstable — position volatility flags it.,0.2901797938243535,72.06233783171427,0.08004903836525792,13.757805223917241,2.506496014781478
pg_00290,cl_048,monitor,Performing but unstable — position volatility flags it.,0.28957078851480783,71.98852713250946,0.06534677395441146,10.16741790312991,5.28987981973852
pg_01619,cl_059,protect,"High performance, low staleness/volatility risk.",0.28834131044267214,78.25419469044874,0.07591928758057147,7.067415007744586,1.8262771276279979
pg_02246,cl_034,monitor,Performing but unstable — position volatility flags it.,0.28814466692675045,71.21287699759674,0.044659809218163316,8.568487555023166,3.4964834890096874
pg_01563,cl_055,protect,"High performance, low staleness/volatility risk.",0.2877834117693529,67.09751482824802,0.028416749413346147,3.8595796744430997,1.0277413806500837
pg_00081,cl_026,protect,"High performance, low staleness/volatility risk.",0.2873880715097333,65.72957086960433,0.04098961754659005,14.143140961069808,1.0849319034441811
pg_01608,cl_014,protect,"High performance, low staleness/volatility risk.",0.28709072307196193,63.0113904602823,0.014255531401883327,6.85150841048206,1.6535038121649979
pg_00036,cl_051,monitor,Performing but unstable — position volatility flags it.,0.2867702708088742,59.89561771487749,0.021565425171026022,9.246106358505745,3.993165330836014
pg_00503,cl_052,monitor,Performing but unstable — position volatility flags it.,0.28623502900139053,89.78860378393546,0.06424462612264092,8.354663070918807,4.122094355041597
pg_01757,cl_036,protect,"High performance, low staleness/volatility risk.",0.28585611631565233,62.869813255914025,0.03597672119435819,7.200476775020111,1.2008731567251645
pg_00314,cl_014,protect,"High performance, low staleness/volatility risk.",0.28531524606139835,50.99654841057466,0.018859459186621876,10.821876674959332,1.2829776574510257
pg_00824,cl_037,monitor,Performing but unstable — position volatility flags it.,0.28515051497368027,71.26863646279811,0.07562870194913313,7.0639021231126495,4.8307406875477135
pg_02609,cl_049,monitor,Performing but unstable — position volatility flags it.,0.2835830874385585,77.60472650580886,0.06633100256390437,9.850814188173944,4.68763525748593
pg_02615,cl_040,protect,"High performance, low staleness/volatility risk.",0.28352275236130325,62.74329919515266,0.04449030085554814,10.482827007849231,0.993401023512202
pg_00421,cl_041,protect,"High performance, low staleness/volatility risk.",0.2831046762251225,67.47120111095984,0.03661791947949643,11.272913488547228,1.4355336374246954
pg_00794,cl_025,monitor,Performing but unstable — position volatility flags it.,0.2830596570084843,60.26267064001431,0.03871321761866541,12.245569776246672,4.979864198612868
pg_03159,cl_052,protect,"High performance, low staleness/volatility risk.",0.28305945767813606,64.28831979774621,0.02654848499472146,11.40174087434647,1.4961162660885619
pg_01686,cl_025,protect,"High performance, low staleness/volatility risk.",0.2829830406116877,66.89955518537495,0.019800829407072097,5.906011937741556,1.2861483592204952
pg_01000,cl_048,monitor,Performing but unstable — position volatility flags it.,0.2823103454401497,92.4324505323472,0.060290650507489114,12.548609661241947,3.640838901315575
pg_00515,cl_006,protect,"High performance, low staleness/volatility risk.",0.28223656645504425,65.10081669060676,0.016501073700492884,8.590793413159501,1.5827339385509103
pg_03645,cl_031,protect,"High performance, low staleness/volatility risk.",0.28176138446481813,54.42866797312605,0.03975513404787122,10.834583846946199,1.0880036273537834
pg_01539,cl_037,protect,"High performance, low staleness/volatility risk.",0.28154338292677633,58.65995730348847,0.02316603869178953,9.703860495268962,1.1902996071500875
pg_01983,cl_045,monitor,Performing but unstable — position volatility flags it.,0.28132572114324267,73.77935953985319,0.06359075163605485,11.99120366079379,2.539914098207788
pg_03349,cl_046,protect,"High performance, low staleness/volatility risk.",0.2809545333800122,68.72096908923105,0.04664627216979179,9.22185391103665,0.8077078819089007
pg_03195,cl_010,monitor,Performing but unstable — position volatility flags it.,0.28025632494067165,74.58350456298041,0.07223473317696912,6.868577446879497,4.04332473627655
pg_02094,cl_009,protect,"High performance, low staleness/volatility risk.",0.2800016898601531,62.67764662180483,0.030363557661080978,7.525353957240194,1.967491600569729
pg_00242,cl_005,protect,"High performance, low staleness/volatility risk.",0.27950512985572457,54.08486188879177,0.04308484960892348,11.761243495021834,0.6308680078623932
pg_00002,cl_039,monitor,Performing but unstable — position volatility flags it.,0.27947477552828204,95.31690435804335,0.09895605507185815,10.710084902068205,3.5269763553844835
pg_01365,cl_001,protect,"High performance, low staleness/volatility risk.",0.27942645582101394,65.41936991732025,0.06654134359021904,9.60651749096422,1.551070926152078
pg_03146,cl_038,protect,"High performance, low staleness/volatility risk.",0.27910710599916916,53.25534750048815,0.033448381726226786,13.860204338456018,3.2992911868844876
pg_02038,cl_059,protect,"High performance, low staleness/volatility risk.",0.2789486485767613,65.92481258498316,0.054406272191659374,11.494640850224545,1.145386834685619
pg_01389,cl_054,protect,"High performance, low staleness/volatility risk.",0.27890340043439726,63.00316914778106,0.06367544603355245,10.661574589050957,0.7769876922335988
pg_02605,cl_045,protect,"High performance, low staleness/volatility risk.",0.27888696204924485,51.293484493880925,0.024679936720687898,4.63559149920526,0.8546550298626877
pg_02003,cl_027,protect,"High performance, low staleness/volatility risk.",0.27839859796875455,61.41991581555005,0.030740590728817033,13.014538710138956,1.302391305149749
pg_02778,cl_023,protect,"High performance, low staleness/volatility risk.",0.2783925967131995,52.3809887219752,0.02801984297173505,9.716673174233588,1.1848747057610625
pg_00277,cl_046,protect,"High performance, low staleness/volatility risk.",0.2783112653233162,65.23006231216603,0.061376189989381685,5.494095342031883,1.055692560615253
pg_01477,cl_023,monitor,Performing but unstable — position volatility flags it.,0.27773591754883925,83.3850477710593,0.0711023746319644,7.553632652782315,2.8097406708189783
pg_03290,cl_024,protect,"High performance, low staleness/volatility risk.",0.27772795228620634,53.55633992680285,0.05200076005785495,6.363606712692509,1.3748431930581213
pg_02993,cl_051,protect,"High performance, low staleness/volatility risk.",0.2772731221514061,60.91129442248423,0.032374883281876835,13.808714678526899,0.4142813931129956
pg_01379,cl_032,monitor,Performing but unstable — position volatility flags it.,0.27707059693919883,67.1592410022787,0.07995487756267258,6.573351780153644,4.104089666979746
pg_00274,cl_025,monitor,Performing but unstable — position volatility flags it.,0.27692018087076925,68.38955887921955,0.0461778758044018,1.0,5.567707873727011
pg_00672,cl_038,protect,"High performance, low staleness/volatility risk.",0.27691036095015237,65.17143293189481,0.04369270423488153,8.083527337020307,1.6712775707551142
pg_00060,cl_055,monitor,Performing but unstable — position volatility flags it.,0.27654107301892333,73.20192616915344,0.08484627692392467,11.229643065976095,3.709534217001446
pg_01540,cl_028,monitor,Performing but unstable — position volatility flags it.,0.27652697185759234,112.3050480728872,0.07133645860375037,11.835959597096116,4.5324723067646895
pg_01613,cl_041,monitor,Performing but unstable — position volatility flags it.,0.27651621628587014,65.31496627428851,0.05032210146274533,9.845391286435659,3.2769687574109687
pg_03497,cl_028,protect,"High performance, low staleness/volatility risk.",0.27637621319472616,60.71832581116045,0.039317996662157476,10.251763415597942,0.9015344655994344
pg_02274,cl_010,protect,"High performance, low staleness/volatility risk.",0.2763614389804078,58.7658347891295,0.03136163474455102,5.321861706343189,1.1662444795074711
pg_00358,cl_005,monitor,Performing but unstable — position volatility flags it.,0.2760684854770323,64.27962742337476,0.055405898934156615,9.10031884997603,3.205918914087962
pg_00656,cl_045,protect,"High performance, low staleness/volatility risk.",0.2760167745977845,57.058608530337935,0.034747948390380506,6.992451050884183,0.29145648543992353
pg_03930,cl_042,monitor,Performing but unstable — position volatility flags it.,0.27589683290273315,68.60715617359024,0.03570785392695257,17.832547739690888,2.8625446738762284
pg_03675,cl_025,monitor,Performing but unstable — position volatility flags it.,0.27559487349537404,86.78380511072073,0.04554110327441769,12.238544985217857,3.66405396475344
pg_03693,cl_019,monitor,Performing but unstable — position volatility flags it.,0.2755945535462367,76.47647184950995,0.06008773902925378,12.12486395936399,2.7393417709141272
pg_01817,cl_015,protect,"High performance, low staleness/volatility risk.",0.2755789573740268,61.30233628087811,0.049228817804994336,11.089499772886386,1.2429307095816207
pg_02640,cl_014,protect,"High performance, low staleness/volatility risk.",0.2738945389070726,67.14947447823467,0.04426872618326676,8.46225407143145,0.7862700722182894
pg_01118,cl_043,protect,"High performance, low staleness/volatility risk.",0.27384078067827133,63.496514518985876,0.03140542801690939,6.875894151124521,1.4051174222108098
pg_00594,cl_019,protect,"High performance, low staleness/volatility risk.",0.2736848284560602,70.2703897299864,0.04297538750978251,5.464208849996821,0.7005360744284062
pg_03850,cl_044,monitor,Performing but unstable — position volatility flags it.,0.273308021377668,67.73349816240625,0.05182091406659946,11.930218665379584,3.285251308920856
pg_02795,cl_054,protect,"High performance, low staleness/volatility risk.",0.2731528708652215,51.080241159011514,0.02600825100954919,9.00738550676285,0.927769554992881
pg_01201,cl_028,monitor,Performing but unstable — position volatility flags it.,0.2730675404968633,66.30713029759912,0.04096488153854357,17.357502264908916,4.824828662938014
pg_03438,cl_056,monitor,Performing but unstable — position volatility flags it.,0.27299218408166476,75.57500310418739,0.06585410263478017,5.942062213634205,3.113881429395811
pg_01355,cl_029,protect,"High performance, low staleness/volatility risk.",0.27255400841372873,56.77444698465472,0.025319284458706334,8.474971906885163,0.6412959781080299
pg_02122,cl_034,monitor,Performing but unstable — position volatility flags it.,0.2724871029768584,73.83602002052254,0.04847837407100002,13.247994051140697,2.9001824029665757
pg_01108,cl_056,protect,"High performance, low staleness/volatility risk.",0.2721769901043926,64.3801464101118,0.0487606061388299,7.848104922189414,0.6325299830986165
pg_00363,cl_053,monitor,Performing but unstable — position volatility flags it.,0.27138955581978325,75.50307876103618,0.04968442159254079,5.138986142789064,3.296219556685912
pg_02433,cl_018,protect,"High performance, low staleness/volatility risk.",0.27097663878984957,57.26780224759793,0.05585458397771403,10.32124106321939,1.4545601930663796
pg_02491,cl_015,monitor,Performing but unstable — position volatility flags it.,0.27080751966230443,74.1370272778984,0.051337353016895494,12.25301688898993,4.056999611370092
pg_01543,cl_034,rewrite,Under-performing and aging — needs a content refresh.,0.27068860847435033,7.9110711348489815,0.06383948041806752,8.388327123400154,1.822947091135426
pg_00061,cl_044,protect,"High performance, low staleness/volatility risk.",0.27030022691577965,53.44382853657633,0.07668967917157044,12.915031466539274,0.8394689426006037
pg_00900,cl_000,protect,"High performance, low staleness/volatility risk.",0.2702945736035611,63.17681656073773,0.06610399641041287,4.698748998489643,2.119143913834363
pg_03334,cl_004,protect,"High performance, low staleness/volatility risk.",0.2701734194895908,61.58787941912505,0.017251748623936698,9.763562996971839,0.8815035509893968
pg_01640,cl_043,protect,"High performance, low staleness/volatility risk.",0.26993714686195885,62.334146532744796,0.030026277579409684,9.540151414207122,1.2850608085789799
pg_02647,cl_047,protect,"High performance, low staleness/volatility risk.",0.2699213086275492,69.58904852294562,0.03747323942675633,3.7731060272148955,1.092036605230301
pg_02933,cl_026,protect,"High performance, low staleness/volatility risk.",0.2698913979769541,54.99533205654558,0.05499332609212801,6.704380130194289,1.6604732215357716
pg_01202,cl_059,monitor,Performing but unstable — position volatility flags it.,0.26975985724203877,69.42516957579782,0.04060866978055247,4.891984205792625,4.345992543207364
pg_01029,cl_020,protect,"High performance, low staleness/volatility risk.",0.2692849883348429,59.48150361335995,0.024410865561526537,5.157847689844864,1.8113457412854461
pg_00223,cl_012,protect,"High performance, low staleness/volatility risk.",0.2690749401527258,58.40035860928587,0.047333650176367065,7.638420424937441,0.595439347659522
pg_03526,cl_007,protect,"High performance, low staleness/volatility risk.",0.2690676767200871,68.45611936092361,0.042787393048757213,7.1156485172208335,0.4573221029607393
pg_01748,cl_048,protect,"High performance, low staleness/volatility risk.",0.2689093807199107,70.0907293199476,0.05861095487964289,11.16423712067788,0.9785272598450768
pg_02700,cl_052,monitor,Performing but unstable — position volatility flags it.,0.2686849066878138,52.096842603483566,0.08291560125507877,12.055173649540931,4.037697616370068
pg_00469,cl_055,protect,"High performance, low staleness/volatility risk.",0.26833190594939504,59.35901675292069,0.04842766627357859,7.204323981285964,1.4839521567472667
pg_00219,cl_054,protect,"High performance, low staleness/volatility risk.",0.26814771027896667,45.152616776106626,0.02494206124573728,4.894525699432841,1.9366121728197352
pg_03412,cl_013,protect,"High performance, low staleness/volatility risk.",0.2675592512928277,67.93897533732773,0.04409743510810364,5.764504988678984,1.394138319653749
pg_01658,cl_050,monitor,Performing but unstable — position volatility flags it.,0.2674602915723862,72.31440299203368,0.0532226670356975,8.20866135162018,3.070634251860186
pg_01841,cl_005,protect,"High performance, low staleness/volatility risk.",0.267233331532195,46.47462126178897,0.03007369752893615,8.88575906753601,0.9216898137504066
pg_01155,cl_035,protect,"High performance, low staleness/volatility risk.",0.2671127579123862,57.06380311819158,0.0281830166705999,6.094393798524075,2.0642326944024685
pg_00032,cl_005,rewrite,Under-performing and aging — needs a content refresh.,0.26705518247710697,6.903127002791102,0.05383371911757906,9.729052684044579,1.043028772626074
pg_00981,cl_042,protect,"High performance, low staleness/volatility risk.",0.2666851608439275,65.82204446290564,0.042958508161105684,12.008729606844234,1.488008707242232
pg_03284,cl_024,rewrite,Under-performing and aging — needs a content refresh.,0.26648887694684015,6.77052570738158,0.052231547519182506,13.91363965934634,0.7687938670835942
pg_00629,cl_021,protect,"High performance, low staleness/volatility risk.",0.2651926252553732,60.69221552690182,0.06884996018809689,3.120143750220329,1.1518950690536116
pg_02425,cl_033,protect,"High performance, low staleness/volatility risk.",0.2648146939490984,56.2873801259729,0.043484170468815586,4.65221284565587,1.2362975235510039
pg_03160,cl_007,protect,"High performance, low staleness/volatility risk.",0.264770175274194,67.04656630968339,0.05427560863746365,6.921200398663934,1.574824633037989
pg_01915,cl_031,protect,"High performance, low staleness/volatility risk.",0.26407301830337615,59.39358951141952,0.06398861738616805,7.631346443660368,0.05
pg_01758,cl_034,monitor,Performing but unstable — position volatility flags it.,0.26395532364055535,73.49334745689632,0.04805939515289559,11.652931292015694,3.013624468651558
pg_03243,cl_031,protect,"High performance, low staleness/volatility risk.",0.26373082099075457,59.410563446123646,0.020296627327230265,10.144098113432637,1.5580272258497905
pg_00164,cl_025,monitor,Performing but unstable — position volatility flags it.,0.2637209695857382,102.43269988435915,0.05437877694143272,14.261117486796795,4.403362187530125
pg_00368,cl_001,protect,"High performance, low staleness/volatility risk.",0.26354452535687195,56.08020523260612,0.060040728958880504,14.090075211697364,0.6885250359096438
pg_01220,cl_038,protect,"High performance, low staleness/volatility risk.",0.2633855328559347,66.31754927017147,0.049948245845564246,7.989357229814525,1.218100985331314
pg_02747,cl_048,protect,"High performance, low staleness/volatility risk.",0.26293532358485383,60.01727175951771,0.03584885687727521,16.67845904091742,0.9694989384719592
pg_03231,cl_012,monitor,Performing but unstable — position volatility flags it.,0.26277657386413383,91.76445059947366,0.07016205720528289,11.417392460328259,4.637047324601183
pg_01865,cl_024,protect,"High performance, low staleness/volatility risk.",0.26276022957991324,65.50295865443418,0.05554067876971898,8.646554086528054,0.2630417415824581
pg_01152,cl_025,protect,"High performance, low staleness/volatility risk.",0.262545684194801,67.35609611646417,0.04781763627720783,12.463163698933275,1.354425279151882
pg_01746,cl_059,protect,"High performance, low staleness/volatility risk.",0.2623272015145926,64.04405990589774,0.05146842508043779,9.984726727079952,1.7826015792304497
pg_00225,cl_018,protect,"High performance, low staleness/volatility risk.",0.262300945535803,52.492050670973185,0.06073491168844697,7.93850988729776,0.8837219818263512
pg_02743,cl_056,protect,"High performance, low staleness/volatility risk.",0.26211637514070274,51.966566121323304,0.04734650388458693,13.297610839112174,1.2415054641368786
pg_00419,cl_030,protect,"High performance, low staleness/volatility risk.",0.26194155976113015,50.93035784699903,0.04608192850014048,6.100870364605387,3.024957926500673
pg_03612,cl_036,protect,"High performance, low staleness/volatility risk.",0.26188740687586093,58.73020805010992,0.018928651895513158,11.214132317137118,0.7094617543410509
pg_02952,cl_056,protect,"High performance, low staleness/volatility risk.",0.26132583736766474,61.88007662376048,0.06770590349511418,4.838125126816648,0.8153552092885672
pg_00955,cl_036,protect,"High performance, low staleness/volatility risk.",0.26095704476358694,60.59461648584639,0.05716810208961842,6.734453525395776,0.3465149976077738
pg_00557,cl_052,protect,"High performance, low staleness/volatility risk.",0.26068279052215176,90.37510047704858,0.10038736064090897,11.073846296768746,1.2498361037734182
pg_03369,cl_007,protect,"High performance, low staleness/volatility risk.",0.26054425621241944,62.93952527391221,0.04872722228318255,6.191360432822222,0.3626405672025552
pg_00215,cl_016,rewrite,Under-performing and aging — needs a content refresh.,0.26046635822935993,9.148159234733342,0.06206254181434427,4.68974545969724,0.05
pg_00660,cl_010,monitor,Performing but unstable — position volatility flags it.,0.26038735948887054,67.39478041715236,0.021036649573946863,5.492806568960236,3.559760041426325
pg_01779,cl_041,monitor,Performing but unstable — position volatility flags it.,0.2600350243156945,62.73770031941332,0.02831492164825814,10.800623020354102,3.087641228489185
pg_02047,cl_031,protect,"High performance, low staleness/volatility risk.",0.26003305150558714,61.97482419021004,0.0322391881347494,5.88780268359946,1.2063812393267623
pg_02095,cl_046,protect,"High performance, low staleness/volatility risk.",0.25950529889422375,54.89411999287134,0.03460559560324582,8.474624585793833,1.4272274942495335
pg_00198,cl_020,protect,"High performance, low staleness/volatility risk.",0.2592217228634412,70.57589936826001,0.06062361567201951,7.790778416981567,1.092218312668709
pg_00481,cl_049,protect,"High performance, low staleness/volatility risk.",0.258403632463531,54.500227057165574,0.048953964892346435,7.996041426955184,1.0226181638222582
pg_02039,cl_026,monitor,Performing but unstable — position volatility flags it.,0.258119612086435,75.83739190759408,0.050034875001155985,11.453235518674624,4.080505253318059
pg_03640,cl_043,protect,"High performance, low staleness/volatility risk.",0.25810847103498674,61.00668978110527,0.04102635313441433,8.022993129665476,0.7551680947176977
pg_00485,cl_013,protect,"High performance, low staleness/volatility risk.",0.2579312165461005,56.346927214614794,0.019347834985892976,4.907538423708929,1.6298820323980399
pg_00018,cl_050,protect,"High performance, low staleness/volatility risk.",0.25724189168292144,56.63134644512589,0.00838689795277404,9.513735754889364,1.3056432894735097
pg_01160,cl_034,monitor,Performing but unstable — position volatility flags it.,0.25645704534598396,70.78035274492699,0.04444248585687469,12.669504975333691,4.369428312824673
pg_01701,cl_010,protect,"High performance, low staleness/volatility risk.",0.25603102951050616,47.21792190948136,0.024824069061230483,8.500914075444374,1.0754578695814914
pg_01948,cl_000,protect,"High performance, low staleness/volatility risk.",0.25574129908019394,60.473343693934694,0.04954616940122539,5.840623598457092,1.2558788359708641
pg_03132,cl_045,protect,"High performance, low staleness/volatility risk.",0.2551265017686514,68.82224802583383,0.05802154076493131,14.187606358858119,0.958386035935236
pg_03307,cl_008,protect,"High performance, low staleness/volatility risk.",0.2550479192707901,58.52654030321914,0.028438355895176216,10.157945082262344,0.8500273324580244
pg_02709,cl_052,rewrite,Under-performing and aging — needs a content refresh.,0.25436274216076243,6.945319637212677,0.03938166321705517,7.724144384585173,1.7685916969529831
pg_03099,cl_016,monitor,Performing but unstable — position volatility flags it.,0.25415650241243043,69.421655590581,0.07653025343167738,10.827988083558676,3.5294203034461122
pg_02734,cl_026,protect,"High performance, low staleness/volatility risk.",0.2540207073118988,63.57489006497766,0.05273850170044015,13.548505621902269,2.0928011488798224
pg_00094,cl_053,monitor,Performing but unstable — position volatility flags it.,0.253462286025347,58.89819459723945,0.03938666220521814,14.54331939540052,3.460248728765588
pg_03738,cl_040,monitor,Performing but unstable — position volatility flags it.,0.25300344400438396,63.82589872021623,0.03677973324005529,12.482283464531418,4.364087807851313
pg_02349,cl_030,monitor,Performing but unstable — position volatility flags it.,0.2524045893893302,67.31002737919086,0.04655397290423635,8.30956752044937,2.82119317135993
pg_00971,cl_025,protect,"High performance, low staleness/volatility risk.",0.252337964046144,54.59247445878151,0.01196798676390763,13.987193983874757,1.1780026244564048
pg_03707,cl_045,monitor,Performing but unstable — position volatility flags it.,0.25199729692649026,65.52682678150002,0.05139627163016104,7.937223451965389,3.4624219926285225
pg_00347,cl_056,monitor,Performing but unstable — position volatility flags it.,0.25126139656073093,60.93141132977406,0.04051626768290523,6.136750723263258,3.378543730380899
pg_00693,cl_056,monitor,Performing but unstable — position volatility flags it.,0.2510838571129834,70.43519888289164,0.054506573429784065,10.86673131463766,4.293790080709007
pg_00204,cl_027,protect,"High performance, low staleness/volatility risk.",0.25097616326751476,73.70219260205354,0.06659184884636565,10.739801525187852,0.4408174262300044
pg_03340,cl_032,protect,"High performance, low staleness/volatility risk.",0.2505754376025962,65.40392011503184,0.04336387309199985,5.91668947511694,1.2542768489202636
pg_01650,cl_011,protect,"High performance, low staleness/volatility risk.",0.2499727250737813,67.39728202973113,0.08026564910194503,10.65259321707671,1.1535057424463182
pg_03715,cl_017,protect,"High performance, low staleness/volatility risk.",0.249926522156113,59.2963092164596,0.05753117206309778,5.519750767069191,0.8811630877246448
pg_00772,cl_000,monitor,Performing but unstable — position volatility flags it.,0.24977078474698097,128.94907397819338,0.06908447310866792,4.597799805016422,4.5351428381587064
pg_03695,cl_038,protect,"High performance, low staleness/volatility risk.",0.2497315035279425,64.39438123100112,0.04931975542744782,11.22318985813503,0.156816661256016
pg_00011,cl_058,protect,"High performance, low staleness/volatility risk.",0.24965961266000436,61.315301897784515,0.02701933509390237,11.149893199419466,1.8833395893591414
pg_01325,cl_011,monitor,Performing but unstable — position volatility flags it.,0.24858093115996796,62.54475928880047,0.07330432764150724,3.869302172611542,3.207292690822463
pg_03746,cl_026,protect,"High performance, low staleness/volatility risk.",0.24832040521220444,57.24574471828705,0.054466073430407935,6.080348415400732,0.6696415434354374
pg_01310,cl_031,monitor,Performing but unstable — position volatility flags it.,0.2479206204284405,71.3079279012936,0.05035756865016804,12.342315079091591,4.486325357894801
pg_03692,cl_011,protect,"High performance, low staleness/volatility risk.",0.2473810341458954,55.98882381711303,0.030762440649698904,23.273388802237456,1.4975573894441454
pg_03525,cl_012,monitor,Performing but unstable — position volatility flags it.,0.24711989739650955,63.919648209581034,0.027647092347718717,11.463333170657258,3.935041691319991
pg_00733,cl_046,protect,"High performance, low staleness/volatility risk.",0.24709273397244488,64.15237153150525,0.060709466505242116,12.633975584280417,1.7790223483280605
pg_03650,cl_007,protect,"High performance, low staleness/volatility risk.",0.24685355763089475,54.17818559926059,0.08591669618758549,14.5599410509129,2.061288375270676
pg_01145,cl_028,protect,"High performance, low staleness/volatility risk.",0.24658116734672803,50.98614102963907,0.0071226537309925595,10.83421496508733,1.306296750974637
pg_03766,cl_040,protect,"High performance, low staleness/volatility risk.",0.24642657697711617,58.953166997370715,0.0402566804267057,3.3906507075417025,0.8431494132647381
pg_00293,cl_019,protect,"High performance, low staleness/volatility risk.",0.2459220062463272,48.50962284815186,0.02180446622201939,10.669677384279968,0.7899943986802487
pg_00620,cl_026,monitor,Performing but unstable — position volatility flags it.,0.24585483865529467,53.244472280065494,0.03827598646842052,2.715417660449961,4.634097023141573
pg_02964,cl_044,protect,"High performance, low staleness/volatility risk.",0.24341689024042268,62.66738885971113,0.06472730332724907,5.718096742188958,0.8001004659682649
pg_01364,cl_033,protect,"High performance, low staleness/volatility risk.",0.24299461592121172,51.94220389369971,0.07562677219412398,3.5977707797254066,0.5782097037300685
pg_00115,cl_034,monitor,Performing but unstable — position volatility flags it.,0.2429765648672758,93.08069312863398,0.03993994974562491,11.119281060076496,6.57741598195131
pg_03840,cl_052,protect,"High performance, low staleness/volatility risk.",0.2429066186985116,48.020152739609856,0.029869893453458942,6.889495312646647,1.1968151263324707
pg_02909,cl_020,protect,"High performance, low staleness/volatility risk.",0.24277389186807527,57.134221463769165,0.07619618105154803,7.424390245214079,2.0199734464122736
pg_00623,cl_025,monitor,Performing but unstable — position volatility flags it.,0.2427155554097183,67.28056063578533,0.0022471558301821737,1.262613270688309,5.657830891974215
pg_02680,cl_007,protect,"High performance, low staleness/volatility risk.",0.24238516242830413,61.659860094560926,0.07016766471203538,7.25441057001046,2.344174534952
pg_01990,cl_031,monitor,Performing but unstable — position volatility flags it.,0.2423704345501605,71.16437361477853,0.07974601345462382,1.0,4.79133472006163
pg_01436,cl_025,protect,"High performance, low staleness/volatility risk.",0.24223701123329935,47.39474761749122,0.023780403154056422,10.733026886600978,1.530485531983412
pg_03380,cl_049,protect,"High performance, low staleness/volatility risk.",0.24214731429107716,47.79470838511059,0.0382683952017938,6.03920249005912,1.167018558385103
pg_03897,cl_001,monitor,Performing but unstable — position volatility flags it.,0.2421165100147709,62.25528972060586,0.04146299987055313,11.582309064900969,3.2967092731323846
pg_01591,cl_020,protect,"High performance, low staleness/volatility risk.",0.24200107863204623,56.51493126152838,0.033994684463642906,6.199618925980463,0.823950823834016
pg_00554,cl_059,protect,"High performance, low staleness/volatility risk.",0.2413757488722312,75.42834805183963,0.07720234486727656,6.801391850314235,0.705122107129589
pg_00000,cl_005,protect,"High performance, low staleness/volatility risk.",0.24073793120937764,58.890182860238454,0.05965270998911552,7.5698838361783345,1.521120402368962
pg_01498,cl_028,protect,"High performance, low staleness/volatility risk.",0.24055125981137968,42.84882857101442,0.04012824990053205,11.957967990175565,1.258614665834362
pg_01019,cl_006,protect,"High performance, low staleness/volatility risk.",0.24045382050092245,55.02768657787335,0.018172038708205253,10.706866819121801,0.7954972375441807
pg_01252,cl_004,protect,"High performance, low staleness/volatility risk.",0.24010418453439986,46.87581630251855,0.020304630073686245,8.353165515151812,1.6193968491839144
pg_02648,cl_056,protect,"High performance, low staleness/volatility risk.",0.24004584495133852,50.6168343660562,0.02441432193356423,7.297817472741587,1.2675457071454888
pg_01609,cl_007,protect,"High performance, low staleness/volatility risk.",0.23948171773309573,61.51697742592669,0.045510121621655235,9.399472739049152,2.2960019721482157
pg_03881,cl_013,protect,"High performance, low staleness/volatility risk.",0.239287906039481,75.20307247905193,0.06667092413034285,7.83331373727197,0.20013542632715375
pg_00808,cl_023,protect,"High performance, low staleness/volatility risk.",0.2390349280433912,46.273079966279575,0.019496639359744775,8.20716871759935,1.7378847468535752
pg_02193,cl_013,monitor,Performing but unstable — position volatility flags it.,0.23763871050339802,107.13621810451347,0.05599535440867902,6.136382033499578,4.481829086087349
pg_00174,cl_041,protect,"High performance, low staleness/volatility risk.",0.2375845354356678,48.670131650781606,0.03751352625019192,8.977690960063232,0.329840217332789
pg_03733,cl_055,monitor,Performing but unstable — position volatility flags it.,0.23730191112128296,59.815741857988016,0.018029385484681554,6.678425722370727,4.411032210246369
pg_01090,cl_030,monitor,Performing but unstable — position volatility flags it.,0.2372743114690708,61.719919435617626,0.048985537318223624,8.688800799936653,4.0216494425244775
pg_02357,cl_013,protect,"High performance, low staleness/volatility risk.",0.23698721117184351,55.199556016485445,0.034176515612761964,8.666348628801993,1.3046383503895633
pg_01361,cl_004,protect,"High performance, low staleness/volatility risk.",0.23642517756090325,50.7570743690995,0.0316173704960781,5.690319705331414,1.6737947837072702
pg_02426,cl_009,protect,"High performance, low staleness/volatility risk.",0.23629427793760793,38.11959179349478,0.023962009846947116,7.1239517503178735,0.6397617508274768
pg_00853,cl_014,protect,"High performance, low staleness/volatility risk.",0.23608706305720362,52.06657213082076,0.056554973061321456,8.45888324241508,0.7176762885667052
pg_00517,cl_003,protect,"High performance, low staleness/volatility risk.",0.23546110174849036,46.5609571723655,0.015435710455837033,11.69451537152187,0.8356928187303574
pg_00116,cl_002,protect,"High performance, low staleness/volatility risk.",0.23513532488736769,56.96003524133644,0.03346891558858916,12.045995473145558,1.319791822072761
pg_00136,cl_036,protect,"High performance, low staleness/volatility risk.",0.23481077409201442,49.12603752159638,0.03626447941084296,5.610613805111845,0.875820793187537
pg_02831,cl_047,protect,"High performance, low staleness/volatility risk.",0.23457138214277326,45.82422194810769,0.045643853504235075,11.661665986893576,1.3639354409655
pg_01646,cl_020,protect,"High performance, low staleness/volatility risk.",0.234395133723929,41.20936558383997,0.04236861867279812,9.677828082267157,0.5641517228501536
pg_02428,cl_045,protect,"High performance, low staleness/volatility risk.",0.2340927542623164,49.85784845290786,0.06810073961220184,4.130818584958982,1.8422406217098497
pg_01161,cl_029,monitor,Performing but unstable — position volatility flags it.,0.23402902620491584,95.58051367304259,0.07185482632913254,15.075331980402305,4.479651130340737
pg_03649,cl_044,protect,"High performance, low staleness/volatility risk.",0.23389462906590797,58.26931661800067,0.04375649284591316,7.642366673329802,1.513443860725763
pg_00040,cl_009,protect,"High performance, low staleness/volatility risk.",0.23362065053426032,56.332084246785335,0.04920378274017064,4.990769736444056,1.4493179336259228
pg_03869,cl_042,protect,"High performance, low staleness/volatility risk.",0.23360145270347818,50.55434843473334,0.04275636072686052,9.645207517672564,1.5246874296941837
pg_01994,cl_045,protect,"High performance, low staleness/volatility risk.",0.23359706166989913,52.83727361554522,0.03195835022011964,13.613116802391426,1.292624393018037
pg_01826,cl_006,protect,"High performance, low staleness/volatility risk.",0.23335032887949128,53.482670196938805,0.04217398378115059,8.691828003863613,1.9863679748971195
pg_01886,cl_039,monitor,Performing but unstable — position volatility flags it.,0.23275221637220966,70.32452733484317,0.05752910318420375,9.791650938773998,4.487208873250382
pg_03975,cl_041,protect,"High performance, low staleness/volatility risk.",0.2327420703176688,62.928794371181134,0.056291257628788616,11.772694554969641,1.2057286207494804
pg_02431,cl_031,monitor,Performing but unstable — position volatility flags it.,0.23273871992070383,61.60130625241254,0.0722001566821793,6.906206589512866,3.4644236132943522
pg_00845,cl_000,protect,"High performance, low staleness/volatility risk.",0.23227721608160246,44.84495791509195,0.027768264386493175,13.90730622305556,0.8051751848675645
pg_01632,cl_005,protect,"High performance, low staleness/volatility risk.",0.23156782070641652,46.48101443162966,0.02714627889589554,10.912665789413074,0.8905231032898546
pg_00261,cl_010,monitor,Performing but unstable — position volatility flags it.,0.23142885913533068,59.217539972060536,0.05078455855523513,10.211405239475795,6.29336640371191
pg_00691,cl_047,protect,"High performance, low staleness/volatility risk.",0.23090322676376426,45.68810502163558,0.02222953797804918,8.443233965387849,1.9002362235988897
pg_01904,cl_019,protect,"High performance, low staleness/volatility risk.",0.23044002878650144,39.24548530502521,0.031081465845253415,8.410649151554416,1.492935828438752
pg_00016,cl_030,protect,"High performance, low staleness/volatility risk.",0.23011955095866968,57.417789624036125,0.05343670766555886,10.773758826144816,1.2860155683902341
pg_02390,cl_027,protect,"High performance, low staleness/volatility risk.",0.2300790415767187,41.52970200483375,0.0457165014191479,7.266770573420738,0.8203841227450237
pg_00252,cl_011,protect,"High performance, low staleness/volatility risk.",0.22971791156312638,57.38972397160817,0.05738201290951018,8.396591466475142,1.1319001456080107
pg_00577,cl_031,monitor,Performing but unstable — position volatility flags it.,0.22954933611706033,69.38997798258275,0.035609061820837354,8.694746178115023,3.3773034885371755
pg_03446,cl_019,monitor,Performing but unstable — position volatility flags it.,0.22954422997711701,64.4331719786836,0.05643135875268774,3.8108134818925903,5.326146767882851
pg_00887,cl_011,protect,"High performance, low staleness/volatility risk.",0.22952132505107034,58.86939936987906,0.058272397709492205,7.654544199751975,1.6779344361588753
pg_00474,cl_038,protect,"High performance, low staleness/volatility risk.",0.22903058232090592,46.45864351502762,0.01095715959610765,9.400239244712468,0.723462317385011
pg_03847,cl_021,protect,"High performance, low staleness/volatility risk.",0.22863304042370314,47.22237751518549,0.07070483323434501,7.330598034216347,0.5541481523510512
pg_03831,cl_012,protect,"High performance, low staleness/volatility risk.",0.22843023098649487,57.838783614649444,0.05070926239855184,15.55581528634614,0.5293805046825624
pg_02143,cl_036,protect,"High performance, low staleness/volatility risk.",0.22801898724083958,56.61157183129305,0.03923519231083606,12.276558986503256,1.2529435410410892
pg_02782,cl_045,monitor,Performing but unstable — position volatility flags it.,0.2268009951807971,70.95860678816389,0.07644647349352324,13.819379544315542,3.646460753874928
pg_01647,cl_039,protect,"High performance, low staleness/volatility risk.",0.22672752163862683,38.18106353882584,0.0278277626952997,8.457759575655322,2.1923477286455375
pg_00282,cl_040,protect,"High performance, low staleness/volatility risk.",0.22657121490149487,46.804771341002635,0.04505060787634459,8.167940214206942,1.2171050591663992
pg_02407,cl_042,protect,"High performance, low staleness/volatility risk.",0.2261883120688476,46.625926126562746,0.03467608041121123,9.960252416327267,0.6443728731506168
pg_01664,cl_031,protect,"High performance, low staleness/volatility risk.",0.22597729437920946,55.47186376869529,0.05075500652073399,4.208225931883017,2.00209106007305
pg_02316,cl_005,monitor,Performing but unstable — position volatility flags it.,0.22581114766402757,63.528920366334944,0.04092189456123326,11.649692632795471,2.9683170534786094
pg_03120,cl_037,protect,"High performance, low staleness/volatility risk.",0.22573280533988438,50.89008036056819,0.031904072931656806,10.661154723930295,1.1333344720991487
pg_02046,cl_027,protect,"High performance, low staleness/volatility risk.",0.22569195900505845,53.58431161364459,0.029430200355484958,3.031684725828214,1.3837129229339074
pg_03034,cl_005,protect,"High performance, low staleness/volatility risk.",0.22564164240039838,51.57835692765774,0.021311824545166187,16.545059565726703,1.6318376675470094
pg_02765,cl_032,protect,"High performance, low staleness/volatility risk.",0.22560182712724952,53.33400944225722,0.06089884606197996,9.00721765518087,2.1848256058067363
pg_03483,cl_013,protect,"High performance, low staleness/volatility risk.",0.22497347914524002,47.80939577609109,0.028838202488300217,6.848132411039294,0.6959897414342199
pg_02988,cl_054,monitor,Performing but unstable — position volatility flags it.,0.22497324355884257,58.19496315396117,0.03070345756074267,14.497181094754133,3.5331258762064506
pg_00392,cl_022,protect,"High performance, low staleness/volatility risk.",0.22491108876740046,42.01411108707762,0.06026776492688501,13.33342589811928,1.576392218682186
pg_03267,cl_041,monitor,Performing but unstable — position volatility flags it.,0.2247439014509145,60.45716169986277,0.055611645567932834,12.591753924320894,4.905496478270074
pg_02953,cl_026,protect,"High performance, low staleness/volatility risk.",0.22461271308951197,35.68098525112965,0.05289232574066165,19.055361077078608,3.4467900577600497
pg_03505,cl_053,protect,"High performance, low staleness/volatility risk.",0.22436568844187357,49.24324848732462,0.05180275369177189,10.217396261464287,1.4675832272506708
pg_03621,cl_013,protect,"High performance, low staleness/volatility risk.",0.2242400396331831,51.37363242116518,0.052792546972573635,9.855593857481331,1.9237361835115736
pg_00649,cl_050,monitor,Performing but unstable — position volatility flags it.,0.22419469982965126,56.51676021946988,0.05771636935743957,7.866448578892106,3.675314942878878
pg_02021,cl_039,protect,"High performance, low staleness/volatility risk.",0.22414278680698152,51.66707351971005,0.018464940575571423,9.448074683096033,1.1521905416417038
pg_02816,cl_040,protect,"High performance, low staleness/volatility risk.",0.22412814824139282,56.110970472520066,0.0490742143335455,11.156248798007937,1.1685716878178631
pg_02430,cl_007,protect,"High performance, low staleness/volatility risk.",0.2240727151657138,51.955966002750024,0.029413216214339184,7.835194967425009,0.914903130440731
pg_02620,cl_050,protect,"High performance, low staleness/volatility risk.",0.22381465139387202,57.243855325587624,0.05610059230195944,6.849536473038118,0.4656987742389692
pg_01395,cl_035,monitor,Performing but unstable — position volatility flags it.,0.22359248967558762,60.523185277068066,0.07768211693011848,4.976216578258937,4.558953380078968
pg_00090,cl_026,protect,"High performance, low staleness/volatility risk.",0.22348183747889158,60.51271410040836,0.05138092030981502,9.071593263568746,1.0510458428573448
pg_02821,cl_049,protect,"High performance, low staleness/volatility risk.",0.22346869794782032,55.29351075003263,0.053622733347574905,8.464761208919601,2.298346378165223
pg_01265,cl_002,protect,"High performance, low staleness/volatility risk.",0.22324133545327537,51.78243437160063,0.025205572681413477,14.326137882309942,1.515931258862015
pg_03919,cl_036,protect,"High performance, low staleness/volatility risk.",0.22305566562209586,42.45184701128348,0.028323547342421124,15.097218505822582,1.3891936967052618
pg_03655,cl_028,protect,"High performance, low staleness/volatility risk.",0.2228987804667404,58.9562573124661,0.06068155508723752,10.187126529805818,2.054585748704572
pg_03681,cl_001,protect,"High performance, low staleness/volatility risk.",0.2217897349945778,49.5037951276012,0.04144202460618624,13.592442079786881,1.7244258948622808
pg_00607,cl_030,protect,"High performance, low staleness/volatility risk.",0.22162586972255235,55.200856438437796,0.06348682823858477,7.745776113056563,1.2893059204473916
pg_01712,cl_052,monitor,Performing but unstable — position volatility flags it.,0.2215161716272585,52.46762279793141,0.035807524918117645,9.122038939700037,6.274479861443556
pg_03564,cl_046,monitor,Performing but unstable — position volatility flags it.,0.22136046533963605,46.1572309594587,0.0026713328370346623,10.898132059048601,3.3341843121525248
pg_02630,cl_056,protect,"High performance, low staleness/volatility risk.",0.22124285086837944,48.294222206722104,0.04546196345310378,10.981455672080351,0.40296246301458516
pg_01877,cl_053,monitor,Performing but unstable — position volatility flags it.,0.22088554536224858,64.73299761591838,0.07950112094461889,13.648105333055401,4.1486140535195455
pg_03292,cl_014,monitor,Performing but unstable — position volatility flags it.,0.22047680752607668,60.217496263312924,0.06705759959040386,10.21798230861857,3.9901139751908654
pg_03496,cl_006,monitor,Performing but unstable — position volatility flags it.,0.2202917358079045,39.46875621571326,0.06067520366153391,9.963428939706064,5.170020528080135
pg_01441,cl_030,protect,"High performance, low staleness/volatility risk.",0.21910335007062623,52.481859195406166,0.03662371495968676,5.530443598501253,0.2666018661188664
pg_02438,cl_050,protect,"High performance, low staleness/volatility risk.",0.2190423098416437,42.95467336711431,0.037840270752667604,6.2694508044228,0.8561496132070868
pg_02432,cl_009,protect,"High performance, low staleness/volatility risk.",0.21903404396027779,46.686843318035876,0.050616213634983837,5.376295823109043,2.08341701248972
pg_00312,cl_007,protect,"High performance, low staleness/volatility risk.",0.21901288208617029,35.45069235960872,0.05485399746557415,12.500349486570714,1.293041446845149
pg_01257,cl_033,protect,"High performance, low staleness/volatility risk.",0.21892567883513447,50.47138782347062,0.038451195543086215,9.421576940560723,2.309070697356063
pg_02871,cl_058,protect,"High performance, low staleness/volatility risk.",0.21873899335977268,38.8039982305568,0.010662612611251964,13.274536862444371,1.0960526290941963
pg_00617,cl_015,monitor,Performing but unstable — position volatility flags it.,0.2184702495209413,54.348628816269844,0.0949113885067838,18.951794539948047,5.459239502559813
pg_02206,cl_008,protect,"High performance, low staleness/volatility risk.",0.21842151539878094,48.290133414293976,0.03691255968278835,12.494735416275129,1.9072950839095562
pg_00337,cl_019,protect,"High performance, low staleness/volatility risk.",0.21838980572715117,52.49712267537467,0.023076839414413748,9.532954129863906,0.992253667880402
pg_01454,cl_034,monitor,Performing but unstable — position volatility flags it.,0.2183796854752693,64.57955656956555,0.06873187597710878,10.826436510891146,3.4461725734216233
pg_01575,cl_019,protect,"High performance, low staleness/volatility risk.",0.21787556307606334,45.40877495316047,0.03211870509156502,5.689321407072301,0.8898402837391699
pg_00819,cl_059,monitor,Performing but unstable — position volatility flags it.,0.21764312793661525,59.72152412251869,0.012961112955757768,12.082970463838574,4.656957708186378
pg_01314,cl_054,protect,"High performance, low staleness/volatility risk.",0.21761256900229836,47.40012229091123,0.04364928197958091,6.3009602697071925,1.4169520765298023
pg_01946,cl_009,protect,"High performance, low staleness/volatility risk.",0.2175292092010587,55.50401782746474,0.05669823375750621,4.460581945350738,1.373239716817615
pg_03130,cl_021,protect,"High performance, low staleness/volatility risk.",0.2175241620397773,54.29775241703725,0.04900666457918815,10.723329140590053,0.8695870454553445
pg_01111,cl_013,protect,"High performance, low staleness/volatility risk.",0.21743050761447674,46.797236615287495,0.03355401497578792,4.764022268549328,1.4417036579866294
pg_00619,cl_008,monitor,Performing but unstable — position volatility flags it.,0.21735150659884372,43.39447373264079,0.08006402828061376,14.515297851690022,3.4623930708134774
pg_01552,cl_031,protect,"High performance, low staleness/volatility risk.",0.2169852452435452,42.874480784013926,0.007675521692498424,7.254554654162575,1.427775173702389
pg_01467,cl_023,protect,"High performance, low staleness/volatility risk.",0.21681172545999594,45.138540630067126,0.03643773636302745,7.223342508255892,1.159216939784707
pg_00711,cl_031,protect,"High performance, low staleness/volatility risk.",0.21652235851209434,54.59955111726656,0.04859242185081482,7.567124089936279,0.9332915210417493
pg_01419,cl_028,monitor,Performing but unstable — position volatility flags it.,0.21632659135726182,65.09237631758178,0.07975567194330689,17.29993966486729,4.711382064177102
pg_01248,cl_019,monitor,Performing but unstable — position volatility flags it.,0.21632395883148936,50.99320964599922,0.06393156334952652,10.474136965785355,4.28151956601282
pg_03031,cl_016,monitor,Performing but unstable — position volatility flags it.,0.21600230637737955,46.4118159920886,0.036320213910927684,6.993795485947689,4.622741262374308
pg_00286,cl_009,monitor,Performing but unstable — position volatility flags it.,0.2153774471028249,41.84600395624748,0.018405626056111513,8.66444475395415,3.289216635032172
pg_03995,cl_020,protect,"High performance, low staleness/volatility risk.",0.21535033153064373,35.42674543515285,0.039251006554761145,6.825488728702561,1.5289299958780482
pg_03044,cl_011,protect,"High performance, low staleness/volatility risk.",0.21532735666267305,52.39409828169809,0.04269240040611605,10.924914862583709,2.007211075486238
pg_01154,cl_018,protect,"High performance, low staleness/volatility risk.",0.21520773856077993,46.470659661978786,0.0545116069020686,9.829652572327602,1.3518659154197035
pg_01333,cl_048,protect,"High performance, low staleness/volatility risk.",0.21499508205828932,48.976680936427584,0.03158925827099154,8.854132544240178,0.9023137857675432
pg_02100,cl_054,protect,"High performance, low staleness/volatility risk.",0.21323719439745423,51.91901300902925,0.04408137614763611,12.27797626691404,0.9219762745829168
pg_01002,cl_033,protect,"High performance, low staleness/volatility risk.",0.21316173257712562,40.30592399604316,0.043468363139417814,11.039352579894768,0.9560185718261491
pg_03319,cl_002,protect,"High performance, low staleness/volatility risk.",0.21310611612341812,53.4434715245128,0.06708056600350848,9.796161200587946,1.453404009458324
pg_01301,cl_024,protect,"High performance, low staleness/volatility risk.",0.2130989828313351,47.07312033526613,0.02558883830263673,15.309418600171503,1.7334060131333764
pg_02639,cl_051,protect,"High performance, low staleness/volatility risk.",0.21303235584598632,43.13239209340399,0.033287609503643276,9.146935837509968,0.78914493691802
pg_01768,cl_004,protect,"High performance, low staleness/volatility risk.",0.2126224174182877,39.83424465945596,0.018407896125605644,16.290434248692964,1.2367429278919817
pg_01864,cl_050,monitor,Performing but unstable — position volatility flags it.,0.2123817522788435,51.101217876451365,0.04333987218616486,8.752614612662803,5.816113440192103
pg_03784,cl_059,protect,"High performance, low staleness/volatility risk.",0.21232227961368455,52.323447255918325,0.04136783040952526,8.410085167344105,0.8238986361527603
pg_00992,cl_011,protect,"High performance, low staleness/volatility risk.",0.21229505219941852,51.32267044712039,0.05267320039349707,7.651000382346236,1.1043401999719205
pg_00125,cl_033,protect,"High performance, low staleness/volatility risk.",0.21070133570127714,53.532675518953575,0.04052059100713184,7.429660072559537,1.02678187390745
pg_03010,cl_022,protect,"High performance, low staleness/volatility risk.",0.2102302298848532,39.20614499794719,0.053697332865640615,9.193883758707766,1.400271908078474
pg_01666,cl_045,protect,"High performance, low staleness/volatility risk.",0.21020258025794575,53.972452350746295,0.0438340687757724,10.372573629842686,1.7291807559115342
pg_00750,cl_057,protect,"High performance, low staleness/volatility risk.",0.21018686169966339,50.45497089057055,0.02281337746150727,15.142219691579815,1.1877740906266963
pg_03818,cl_037,protect,"High performance, low staleness/volatility risk.",0.20951109481226202,36.28260286766074,0.03533347645482832,16.24692577924212,1.0434580127467779
pg_00095,cl_017,protect,"High performance, low staleness/volatility risk.",0.20934462782204386,47.883895259607336,0.05839802118409893,13.653531398676783,1.8276912304538802
pg_00346,cl_059,monitor,Performing but unstable — position volatility flags it.,0.20901480670191186,50.62683443398429,0.058538992215783694,13.625832483249454,2.898415768738066
pg_00609,cl_051,protect,"High performance, low staleness/volatility risk.",0.20900782585844283,47.15466291485067,0.033404154977751406,12.336043794410383,0.9007246326198333
pg_01038,cl_026,protect,"High performance, low staleness/volatility risk.",0.20890124836258464,39.65341985370634,0.029397274374260512,9.56917853759591,1.65204447994686
pg_00386,cl_004,monitor,Performing but unstable — position volatility flags it.,0.20870561028598594,33.27018570290176,0.03834899713303668,1.0,3.7891048549473836
pg_00049,cl_046,protect,"High performance, low staleness/volatility risk.",0.20808276313755183,54.15298722705162,0.05651788800068798,7.437804625805149,0.7647340136352923
pg_02163,cl_054,protect,"High performance, low staleness/volatility risk.",0.20805544303752602,41.85347870360613,0.05565866494624723,11.310352176039158,0.7338183658045253
pg_02661,cl_046,monitor,Performing but unstable — position volatility flags it.,0.20748087841631097,60.8490700543122,0.08727244754314614,12.311892473234092,3.1533351894772226
pg_02547,cl_035,protect,"High performance, low staleness/volatility risk.",0.20716854268477336,53.323034031680066,0.0451785936955371,13.840483576345557,1.1953506995540928
pg_00162,cl_024,protect,"High performance, low staleness/volatility risk.",0.20706480201366922,43.7022727995045,0.029696072502074237,10.240419879316512,1.1311442796097164
pg_01195,cl_038,protect,"High performance, low staleness/volatility risk.",0.20681386651720834,38.79199026130223,0.04243886471372588,9.861160544918208,1.8912234659376104
pg_00806,cl_032,protect,"High performance, low staleness/volatility risk.",0.20619772772309128,45.57792583809246,0.031156063362378146,3.8868883868021324,0.41431687609445333
pg_03933,cl_043,protect,"High performance, low staleness/volatility risk.",0.2059604302141613,33.853096482764286,0.031232893999290023,11.944485810152354,1.789345887333204
pg_01181,cl_055,protect,"High performance, low staleness/volatility risk.",0.20561515719617993,38.92600335385272,0.024696641398441105,8.020188610210221,1.2303825488222053
pg_02539,cl_029,protect,"High performance, low staleness/volatility risk.",0.20523080993476162,48.00582800765686,0.05434926965130183,9.874585643165293,0.9215209449133139
pg_01626,cl_034,monitor,Performing but unstable — position volatility flags it.,0.20484076256144468,51.39469213658212,0.043684536496752135,5.633882173737678,4.39352165145545
pg_03985,cl_020,protect,"High performance, low staleness/volatility risk.",0.20482164343418954,41.89043548085195,0.05275156145345705,5.912574137747971,0.7331553473134039
pg_00973,cl_028,monitor,Performing but unstable — position volatility flags it.,0.20456767680214752,53.11797294046009,0.08398735795090806,6.787739422885954,5.585050919584512
pg_01690,cl_046,protect,"High performance, low staleness/volatility risk.",0.20449104625507142,34.273977539937555,0.05618775193847987,6.573220359520369,0.6269965407326498
pg_00083,cl_049,protect,"High performance, low staleness/volatility risk.",0.20293764389438512,48.606874728987236,0.037916322809423496,11.545219346888514,1.4770807425410866
pg_02984,cl_043,protect,"High performance, low staleness/volatility risk.",0.202464506453736,42.91794768344045,0.048518492906922325,10.388478138437772,1.299796701380096
pg_00736,cl_043,protect,"High performance, low staleness/volatility risk.",0.20218475919768242,41.265105477130845,0.036049349868280386,10.052799229364094,1.4432994988743053
pg_00958,cl_058,protect,"High performance, low staleness/volatility risk.",0.20200768988938944,45.294009308579625,0.04597197515512485,7.685638586362049,1.6784006349574354
pg_02607,cl_015,protect,"High performance, low staleness/volatility risk.",0.20170336372926384,50.65212667864472,0.05105736337535819,10.514351287456472,0.9614005651136424
pg_01370,cl_052,monitor,Performing but unstable — position volatility flags it.,0.20148635856492259,48.83543855640062,0.05199764508575774,11.482563589080819,3.884737672622021
pg_03697,cl_024,monitor,Performing but unstable — position volatility flags it.,0.20131525406714712,36.29759407628065,0.02301715228873246,7.273019853857493,3.6852141517598733
pg_01349,cl_035,protect,"High performance, low staleness/volatility risk.",0.200661628187589,54.377276703784794,0.058354972305279626,7.481312016279215,1.3324297545280612
pg_00707,cl_034,protect,"High performance, low staleness/volatility risk.",0.2004646939972969,36.318752494267486,0.035530361757859064,8.51687915761174,0.9759395961722281
pg_02429,cl_016,protect,"High performance, low staleness/volatility risk.",0.2000002266272377,31.54524037645827,0.10531634992523,3.5042942959434633,1.0280706215219224
pg_02386,cl_057,protect,"High performance, low staleness/volatility risk.",0.19977015543746227,31.600951897273557,0.0429151519672256,6.8977962585521135,0.9129204519568135
pg_03280,cl_005,monitor,Performing but unstable — position volatility flags it.,0.19935789462398126,49.78851636954802,0.03389221358216434,12.90119044334962,2.7323084678621323
pg_01131,cl_040,monitor,Performing but unstable — position volatility flags it.,0.19903216150866496,40.7891387832066,0.05156061451040169,10.648051007952478,4.447467505036295
pg_03948,cl_058,protect,"High performance, low staleness/volatility risk.",0.19878765133847295,47.67956525706805,0.03372540004446092,5.5943575993186725,0.6942956377391288
pg_01547,cl_050,monitor,Performing but unstable — position volatility flags it.,0.19848979783403095,51.71483134834204,0.05215157619133536,20.444304913637048,5.475206392385343
pg_02258,cl_000,protect,"High performance, low staleness/volatility risk.",0.19817656596930613,45.929101282859406,0.07897926572328917,11.251532430386442,2.2413225124425837
pg_02929,cl_039,protect,"High performance, low staleness/volatility risk.",0.19750588950025616,49.89003378037212,0.07029902903199238,9.911970021779519,1.8336037422010796
pg_00178,cl_054,protect,"High performance, low staleness/volatility risk.",0.19719520626936088,48.54305829206791,0.03885706491964076,10.756816925429344,0.3200948682317537
pg_01749,cl_043,protect,"High performance, low staleness/volatility risk.",0.1968064426962771,43.96832390000381,0.03925368778607751,6.719695676762258,0.6739038993368264
pg_01975,cl_003,protect,"High performance, low staleness/volatility risk.",0.19680259670003056,53.30095480612518,0.06247270945264739,11.336832575318478,1.47126329525742
pg_01554,cl_027,protect,"High performance, low staleness/volatility risk.",0.19675001083956944,37.71461331063056,0.06436041147021038,7.894309349021306,0.8709213818926975
pg_02544,cl_048,protect,"High performance, low staleness/volatility risk.",0.1965800921091415,45.98432754283411,0.05534065623728318,4.050260274765447,1.4743190359168035
pg_03129,cl_047,protect,"High performance, low staleness/volatility risk.",0.19647069485748458,43.995241556444086,0.027558277722048087,9.062578046947007,2.3108970706825724
pg_00888,cl_000,protect,"High performance, low staleness/volatility risk.",0.19641380941125558,35.3996416007196,0.06996732393680852,3.7056132887551763,0.5372422439681909
pg_02105,cl_016,rewrite,Under-performing and aging — needs a content refresh.,0.19603557537064853,7.364023423720639,0.06546369343833522,3.2264588365831504,0.5053708058331364
pg_01270,cl_022,monitor,Performing but unstable — position volatility flags it.,0.19595236748403794,83.00774522642922,0.0569561736434516,4.3406713695051335,4.696245884271585
pg_01652,cl_003,protect,"High performance, low staleness/volatility risk.",0.1958381485490847,48.347475082729844,0.058200009744139275,9.063320816655255,1.5873803676975675
pg_01512,cl_044,monitor,Performing but unstable — position volatility flags it.,0.19548637975249109,42.230476183505644,0.04853929620411015,1.7315591015624108,3.082775797813425
pg_01144,cl_019,monitor,Performing but unstable — position volatility flags it.,0.1954149942793637,61.218758122743324,0.04077780844840576,12.480068856374313,5.558308523195086
pg_02724,cl_047,protect,"High performance, low staleness/volatility risk.",0.1953362779302274,38.459115827542576,0.10413255967675067,3.310741027778167,0.21847060286752168
pg_02867,cl_009,protect,"High performance, low staleness/volatility risk.",0.19524610692330013,44.430586084455044,0.03572344295970616,11.073505605773661,1.4020513747818761
pg_00072,cl_027,protect,"High performance, low staleness/volatility risk.",0.19477067670449344,43.95918902154959,0.027978418303672058,5.460084955161974,1.0978202817318585
pg_02621,cl_023,monitor,Performing but unstable — position volatility flags it.,0.19461143066979178,48.333420874123924,0.06163560886819244,11.036528375323178,2.6689201840648042
pg_01958,cl_039,protect,"High performance, low staleness/volatility risk.",0.19443332130600263,33.44754427559096,0.05575913212500506,3.9639073095098993,0.5831585563770975
pg_01335,cl_059,protect,"High performance, low staleness/volatility risk.",0.193770150592286,34.74605815721728,0.022693243892192034,9.181910692770842,1.3533002548929112
pg_02780,cl_018,protect,"High performance, low staleness/volatility risk.",0.19350401689342728,54.911909243571394,0.06696731346456429,6.650615714828183,1.3027948949576142
pg_01122,cl_016,protect,"High performance, low staleness/volatility risk.",0.1933302109772953,40.20729903006428,0.012570573844938926,3.835912360956941,0.9317684279406323
pg_01387,cl_019,protect,"High performance, low staleness/volatility risk.",0.19327833648806847,39.552965929096764,0.05704224133430333,7.762964720521005,2.4506000569894617
pg_02537,cl_029,monitor,Performing but unstable — position volatility flags it.,0.19267808081219867,42.806518198165286,0.04145254936375966,12.563110468432008,3.972872106892443
pg_02394,cl_028,protect,"High performance, low staleness/volatility risk.",0.19246119029983555,54.88297504055451,0.052917293454835576,4.817304922349351,0.693239187953162
pg_02980,cl_043,monitor,Performing but unstable — position volatility flags it.,0.19237766710023946,49.85697645966412,0.058323773573471446,17.047105522280905,3.818028289004339
pg_03727,cl_031,protect,"High performance, low staleness/volatility risk.",0.19179921729938482,37.99504295814959,0.05556414717132498,7.001619076950922,1.7710055513723768
pg_03855,cl_042,monitor,Performing but unstable — position volatility flags it.,0.19111170641070951,47.73374594395309,0.0656532175436042,14.197266139448889,3.3055812393281165
pg_00816,cl_002,protect,"High performance, low staleness/volatility risk.",0.1910091396896086,46.07443512329898,0.03950787535330004,10.785474019250566,1.6763985115576565
pg_00210,cl_015,monitor,Performing but unstable — position volatility flags it.,0.19100704655079292,50.24821101523939,0.08230860546357191,5.933957512373225,3.4987841209560613
pg_01942,cl_052,protect,"High performance, low staleness/volatility risk.",0.19077929373601965,41.56112136947974,0.05711351677612919,9.040858254944977,0.7397513260939371
pg_01603,cl_019,protect,"High performance, low staleness/volatility risk.",0.19077032250250012,37.99530127159457,0.043172988091232795,7.235808737637867,0.738499479773788
pg_03575,cl_041,protect,"High performance, low staleness/volatility risk.",0.19028003644802505,40.053119636784146,0.08324813059103736,5.485340488092481,1.1434971559607852
pg_03262,cl_044,protect,"High performance, low staleness/volatility risk.",0.18976875386151845,40.58731421980618,0.08496693916867198,4.417180012400097,0.6727608855011166
pg_03308,cl_001,protect,"High performance, low staleness/volatility risk.",0.18916996691864807,46.49348136609062,0.038479859052474384,4.532813153323923,0.1717733650116786
pg_00074,cl_041,protect,"High performance, low staleness/volatility risk.",0.18872573361708658,34.14105574765753,0.0548250661181728,9.85978064188178,0.8817153363100825
pg_00833,cl_008,monitor,Performing but unstable — position volatility flags it.,0.18858605486890903,34.09730554581346,0.04405679165405359,4.431613935024032,5.467926808238718
pg_03211,cl_016,protect,"High performance, low staleness/volatility risk.",0.18722408722654987,45.61104987626152,0.04708778952200292,9.238110498052338,0.8974997245563261
pg_00944,cl_007,protect,"High performance, low staleness/volatility risk.",0.18707730452644655,32.19617734809607,0.04792565642297867,9.034175437501432,1.0198569416209513
pg_00087,cl_018,protect,"High performance, low staleness/volatility risk.",0.1861485785313381,44.362383702605996,0.058196848756982,11.981653810433773,1.3043329494819913
pg_02221,cl_009,protect,"High performance, low staleness/volatility risk.",0.1858441201060974,37.79871575749576,0.06953951937014974,6.323768867061963,0.059186274890151935
pg_01409,cl_016,protect,"High performance, low staleness/volatility risk.",0.18583762192962394,30.914058117222368,0.08959156440367554,4.113528805548953,0.7452677723258685
pg_00885,cl_044,protect,"High performance, low staleness/volatility risk.",0.18531310707074755,46.63676409841762,0.04981014460224006,5.012432604599792,0.29658424892288726
pg_01963,cl_049,protect,"High performance, low staleness/volatility risk.",0.1849913312841852,40.962233533970114,0.032595805238333844,10.258723264203013,1.5098291136741882
pg_00991,cl_032,monitor,Performing but unstable — position volatility flags it.,0.18490561071626735,49.62613207484977,0.04749802558336436,4.305071555185103,3.034656948836059
pg_03946,cl_001,rewrite,Under-performing and aging — needs a content refresh.,0.1848313104160675,8.201128718475672,0.08885869434085,3.0759899469448513,1.0992484748689177
pg_03296,cl_012,monitor,Performing but unstable — position volatility flags it.,0.18447746008161683,49.12523406847527,0.023377723105158642,10.035325060671513,3.6601000034522895
pg_02104,cl_052,monitor,Performing but unstable — position volatility flags it.,0.1843838690401421,47.05983155302691,0.03410256018073907,16.973320511964967,4.290016743022662
pg_03479,cl_046,monitor,Performing but unstable — position volatility flags it.,0.18410983393723016,52.82931656075137,0.04404741159873799,12.8379964938329,4.033743040212816
pg_02396,cl_056,protect,"High performance, low staleness/volatility risk.",0.1840762401724115,32.3122848857798,0.06219514344308236,6.027958943472482,0.5567271485383288
pg_02889,cl_011,monitor,Performing but unstable — position volatility flags it.,0.1838578086796223,39.506147608611776,0.05195492865858839,5.283030322816931,3.6640235526867873
pg_03963,cl_022,protect,"High performance, low staleness/volatility risk.",0.18375006466336402,35.72696754191364,0.0262495845418384,8.044035832789291,1.2571755038268888
pg_01437,cl_039,protect,"High performance, low staleness/volatility risk.",0.18323126677516038,27.65902193400276,0.03555052353627999,14.56817964395011,0.7096185511608535
pg_02066,cl_043,protect,"High performance, low staleness/volatility risk.",0.18311996657777393,43.246731466817835,0.04815589232183017,10.761042015463117,0.9463648805954828
pg_02854,cl_043,protect,"High performance, low staleness/volatility risk.",0.18304894417234288,26.145464908808872,0.07066966217293992,7.434305867269825,0.3170099289514036
pg_01033,cl_018,protect,"High performance, low staleness/volatility risk.",0.1828171590168162,44.3226016572649,0.06430159209187966,8.810460515500706,1.2426243856797181
pg_03666,cl_035,protect,"High performance, low staleness/volatility risk.",0.18248664265241235,35.37085028980236,0.033224093343307066,6.753771686590996,1.0642442251768973
pg_01607,cl_035,protect,"High performance, low staleness/volatility risk.",0.18233357995456295,43.59877023998999,0.051861482598469164,12.5960165911901,1.1936515986902387
pg_01648,cl_058,protect,"High performance, low staleness/volatility risk.",0.18171985515058062,36.670323359413814,0.025345632502963178,5.600579114568467,1.517772285621116
pg_01491,cl_029,protect,"High performance, low staleness/volatility risk.",0.18164453707770542,27.526905970400914,0.07991726373925392,4.501910937596082,0.8524249146403098
pg_00621,cl_028,protect,"High performance, low staleness/volatility risk.",0.18162042569563785,41.90073099407459,0.05573661740293353,6.625226608881247,1.787955866000628
pg_03281,cl_045,protect,"High performance, low staleness/volatility risk.",0.18120186998610915,37.414943436372916,0.031145635884870838,8.697063849931851,1.1514105319664791
pg_00171,cl_005,protect,"High performance, low staleness/volatility risk.",0.17917871190508528,59.23932087743393,0.06531993162202697,1.0,0.7215278255054483
pg_00805,cl_046,protect,"High performance, low staleness/volatility risk.",0.17899470265420803,52.922392108596966,0.06811197849791585,7.81744457064897,1.3720751080959293
pg_02610,cl_058,monitor,Performing but unstable — position volatility flags it.,0.17844322271875887,44.74883743063787,0.04389871884090113,2.2439115566199987,2.988106964195782
pg_01736,cl_030,protect,"High performance, low staleness/volatility risk.",0.17841559185822506,45.28066199060748,0.059892774451443684,11.52223610077191,0.7149759991889892
pg_01855,cl_051,protect,"High performance, low staleness/volatility risk.",0.1782496089687118,31.118313920256853,0.04666596793719134,8.731977799012457,1.5457960088036407
pg_00179,cl_030,monitor,Performing but unstable — position volatility flags it.,0.17819995755995655,41.90999755414685,0.05979252287744805,2.2038457243283025,2.9638431126333558
pg_01392,cl_059,monitor,Performing but unstable — position volatility flags it.,0.1778661129696376,34.81213522241374,0.05669952180457749,8.351573309225579,4.8796445395613866
pg_00220,cl_007,protect,"High performance, low staleness/volatility risk.",0.17758092966358538,40.545642893053355,0.062203448034569606,10.5752161225862,1.3649514407969803
pg_00847,cl_003,protect,"High performance, low staleness/volatility risk.",0.17746557521404605,27.198708241503823,0.07869348428220488,4.944672736427918,0.8019987498172452
pg_03890,cl_034,monitor,Performing but unstable — position volatility flags it.,0.17715433665836638,43.48340035993407,0.056856717047746884,11.386720337742146,3.154744450075694
pg_00289,cl_028,protect,"High performance, low staleness/volatility risk.",0.17709659042203404,39.82216198396695,0.0414176724005136,9.372045955816816,1.8073607372488905
pg_02972,cl_035,protect,"High performance, low staleness/volatility risk.",0.17708950028421286,40.70724997503746,0.057825133072121795,5.385891616251348,1.69178194934191
pg_02054,cl_042,protect,"High performance, low staleness/volatility risk.",0.17601335977941332,26.850451624862337,0.018046852155423315,14.08515105574984,2.315741646547962
pg_02284,cl_040,monitor,Performing but unstable — position volatility flags it.,0.1757826351665872,60.31042060714799,0.03695166151207263,13.714079403210416,4.653629794775993
pg_01878,cl_043,protect,"High performance, low staleness/volatility risk.",0.17475396711580954,27.332154065194594,0.051668842425964596,5.193415994084232,0.9193110487258267
pg_02633,cl_033,protect,"High performance, low staleness/volatility risk.",0.17417379067016367,34.00233913311361,0.013003835023519053,12.276669721704174,1.5515327468971716
pg_02576,cl_016,monitor,Performing but unstable — position volatility flags it.,0.17341258919916863,53.990354595621206,0.061485708907161166,8.29684945490965,3.7729801842096524
pg_02504,cl_003,protect,"High performance, low staleness/volatility risk.",0.17333402640045006,32.506350301399635,0.04718233258727436,8.201026671014931,0.6611238686928395
pg_00586,cl_041,protect,"High performance, low staleness/volatility risk.",0.17264322681323332,31.909443261250356,0.04113706836938878,6.251294996763824,1.8344725707165628
pg_03721,cl_034,protect,"High performance, low staleness/volatility risk.",0.17264011395730428,29.348776106093737,0.11577567025635122,5.0724816494933105,0.05
pg_02554,cl_058,protect,"High performance, low staleness/volatility risk.",0.17163324457274898,26.377507589987694,0.037479175420521114,8.675134652614709,1.9061115144032459
pg_02532,cl_055,protect,"High performance, low staleness/volatility risk.",0.17137962456797062,31.489063564234968,0.031937234989771024,10.716523954810107,1.4745763888479217
pg_03480,cl_047,protect,"High performance, low staleness/volatility risk.",0.1711407652440492,37.070820654636734,0.09870112575522813,3.508838174874049,0.2599973690670329
pg_02278,cl_022,protect,"High performance, low staleness/volatility risk.",0.17050583614093562,26.043873177636556,0.034672814577323935,9.878531279814204,0.8088665389881651
pg_01791,cl_052,protect,"High performance, low staleness/volatility risk.",0.1697014176805565,35.391455844655695,0.05721370697047452,7.772545050844638,0.5181180960850158
pg_03094,cl_054,monitor,Performing but unstable — position volatility flags it.,0.1695044735392536,56.27689196343694,0.06515816884065902,11.916911879182312,3.6802751377692235
pg_01121,cl_005,protect,"High performance, low staleness/volatility risk.",0.16938718399638372,35.61443699056653,0.03269813924862435,14.311702827110945,1.2716850850397516
pg_02287,cl_049,protect,"High performance, low staleness/volatility risk.",0.16920393915428683,34.276959387948935,0.05660717511481013,13.962300310750837,0.11547603979391252
pg_02624,cl_055,protect,"High performance, low staleness/volatility risk.",0.16833202990257431,36.151691570430906,0.09435563025639873,3.9194828421444714,0.8588809817955394
pg_02855,cl_004,monitor,Performing but unstable — position volatility flags it.,0.16827860144774617,47.72856806716203,0.08376609650646942,15.285022399347824,3.2811814426924575
pg_02402,cl_044,protect,"High performance, low staleness/volatility risk.",0.16807769496529684,32.67295238155356,0.09801671753717345,4.328239943441555,0.29473337429445357
pg_01922,cl_049,protect,"High performance, low staleness/volatility risk.",0.16769625790709433,48.39492054204256,0.07270794341564801,11.73561218653077,0.7157655380141494
pg_03921,cl_036,protect,"High performance, low staleness/volatility risk.",0.1669918176490274,34.05346604467286,0.0563296615077871,3.9470239657194295,0.5870403754804716
pg_01947,cl_055,protect,"High performance, low staleness/volatility risk.",0.16669747696426834,28.800926948796235,0.08633625802868865,3.206685956281156,0.8772694457851766
pg_00908,cl_022,monitor,Performing but unstable — position volatility flags it.,0.16658319868510305,39.445601262330165,0.06386724019311323,9.005142682997615,5.721301059808184
pg_03636,cl_032,protect,"High performance, low staleness/volatility risk.",0.16643420850936144,33.08496254366053,0.014480273897797533,10.456731089846318,1.1683775932994807
pg_02688,cl_038,monitor,Performing but unstable — position volatility flags it.,0.1654918364140923,32.29898170580961,0.04676664688426106,11.058308978521989,2.9586981154048875
pg_00827,cl_053,protect,"High performance, low staleness/volatility risk.",0.16536058457624275,33.548989965517734,0.037911140317142544,9.610568948329535,0.9461977054621955
pg_03482,cl_047,protect,"High performance, low staleness/volatility risk.",0.16511832924357955,35.106547221824826,0.033615437344752766,9.018575929328,0.7474109758325046
pg_01264,cl_014,protect,"High performance, low staleness/volatility risk.",0.16462430957404806,37.80666124000192,0.05447833943459654,11.199953593800998,1.3373618242249101
pg_02236,cl_014,protect,"High performance, low staleness/volatility risk.",0.16407165696184844,30.244472646143947,0.05125507905048064,9.562092723153796,1.3309249772947722
pg_01037,cl_000,protect,"High performance, low staleness/volatility risk.",0.16381049411901744,23.658072149327747,0.08613499986336333,4.6005916000685865,0.823562093289422
pg_02259,cl_059,protect,"High performance, low staleness/volatility risk.",0.1635105583350117,34.592042746781175,0.04022923568723239,11.795986180015461,0.6245050456315143
pg_03424,cl_036,monitor,Performing but unstable — position volatility flags it.,0.1633200456924101,44.542184762457985,0.042293774691411566,6.6282847946090495,3.2218550154246586
pg_00190,cl_041,protect,"High performance, low staleness/volatility risk.",0.16321179004546124,29.18906048695304,0.09784997874003228,2.938715055994081,0.5656634969045076
pg_03517,cl_054,protect,"High performance, low staleness/volatility risk.",0.1623568663364476,46.13193188487196,0.06531669680245487,8.666551805482719,1.0780758985087975
pg_02744,cl_011,protect,"High performance, low staleness/volatility risk.",0.1618524801686694,34.0170104439919,0.06001156227066287,1.5896370831063296,0.8964225643558181
pg_00099,cl_008,protect,"High performance, low staleness/volatility risk.",0.1617900880642974,32.14025867373212,0.025246292546097837,7.310699767559088,1.4385597689397351
pg_02788,cl_000,protect,"High performance, low staleness/volatility risk.",0.1616337892329471,22.188075711629786,0.0600389971297193,1.0,0.9825793615861871
pg_02123,cl_036,protect,"High performance, low staleness/volatility risk.",0.1611821185891263,33.27697032726769,0.05725877165489539,10.197889418806763,1.7039287152447586
pg_03070,cl_025,protect,"High performance, low staleness/volatility risk.",0.16103813200318817,33.14532632593481,0.048218103541976,6.365360783544345,1.5609819352067094
pg_03825,cl_054,protect,"High performance, low staleness/volatility risk.",0.16075289010315386,31.134686895722737,0.09660809907146749,6.001976907517006,0.24760965692598763
pg_03936,cl_031,protect,"High performance, low staleness/volatility risk.",0.1593744885028161,34.494466038425,0.055878128626956236,10.838582567223083,2.100677908381364
pg_03399,cl_043,protect,"High performance, low staleness/volatility risk.",0.15924717430753932,27.552977728008514,0.11443610014281573,2.562154562169112,0.8471977954001041
pg_01574,cl_008,protect,"High performance, low staleness/volatility risk.",0.1584635241397386,31.78940793636672,0.05156098101179382,5.104704092710425,1.2669936509289834
pg_03587,cl_041,protect,"High performance, low staleness/volatility risk.",0.15846174568986504,27.63694545523711,0.04492336314000641,4.394081093516379,0.8401664614896295
pg_03664,cl_030,protect,"High performance, low staleness/volatility risk.",0.15766572193232703,32.92545066988127,0.030850144582282173,2.450293554138131,1.7114563410127788
pg_02062,cl_008,protect,"High performance, low staleness/volatility risk.",0.1574873458955801,29.649003690752348,0.1018306009105745,5.720219547453638,0.42489219675323997
pg_03866,cl_031,monitor,Performing but unstable — position volatility flags it.,0.15742513660325286,35.11194908993587,0.05021735690880089,12.076544235647805,3.5522634865128255
pg_03987,cl_004,protect,"High performance, low staleness/volatility risk.",0.15672276791572382,28.033270551870995,0.01818916599087387,4.382142005144229,0.3739081177947843
pg_00214,cl_044,monitor,Performing but unstable — position volatility flags it.,0.1562341141001382,32.64554520745486,0.04907292594838469,16.064100498198098,4.846293282888951
pg_02886,cl_055,protect,"High performance, low staleness/volatility risk.",0.1558669541852012,25.94548275233457,0.06318817503969833,4.656163933091871,0.05
pg_00706,cl_000,monitor,Performing but unstable — position volatility flags it.,0.15581708048957976,50.69350818850101,0.038758562497797605,8.509013198768711,4.2105525813840545
pg_03461,cl_056,protect,"High performance, low staleness/volatility risk.",0.155559503950068,32.00018047741905,0.06332902772872674,4.476098323720467,0.5443136397184571
pg_01233,cl_044,protect,"High performance, low staleness/volatility risk.",0.15519819063997276,33.623209732487396,0.06528518338004353,3.4276910253248176,0.3214932627529153
pg_02657,cl_016,protect,"High performance, low staleness/volatility risk.",0.15411694406995002,35.76033433963592,0.09296746956879004,4.360067449046155,0.11469195450350189
pg_02275,cl_025,protect,"High performance, low staleness/volatility risk.",0.15409482077094355,32.32927758235223,0.07294182394147733,3.8088175272433507,0.20633051412223463
pg_03060,cl_014,protect,"High performance, low staleness/volatility risk.",0.1527598520220213,29.994799479824774,0.07165409400176817,3.9553560705843473,0.4076525544570425
pg_03397,cl_057,protect,"High performance, low staleness/volatility risk.",0.15196775745428026,25.87427784025239,0.053968202367865495,8.795285673408003,1.5032719180064462
pg_03077,cl_048,protect,"High performance, low staleness/volatility risk.",0.15194699761874786,29.817880754412247,0.08358494488052035,1.951120263632645,0.39603622050755516
pg_00698,cl_003,protect,"High performance, low staleness/volatility risk.",0.15173507241943796,30.10303797147212,0.04208844882489402,5.611715997927063,0.41884825653791957
pg_03945,cl_043,protect,"High performance, low staleness/volatility risk.",0.15120904499721274,30.800721224840572,0.04024324334343179,11.060652486586658,1.4515103602767736
pg_00492,cl_045,protect,"High performance, low staleness/volatility risk.",0.15100787034507054,35.693711516288886,0.1324439500854449,4.423107994340949,0.765780354106385
pg_01851,cl_015,protect,"High performance, low staleness/volatility risk.",0.15091889066023756,25.143521344435598,0.04823535001596792,9.85871059369249,1.252768778602516
pg_01790,cl_035,protect,"High performance, low staleness/volatility risk.",0.15011911024499583,40.896087417344205,0.07431961562102042,8.671563530008186,0.6143529275049837
pg_02702,cl_013,protect,"High performance, low staleness/volatility risk.",0.14994942480813225,30.628246585649308,0.03461067332458361,7.071320554021783,0.05
pg_03993,cl_017,monitor,Performing but unstable — position volatility flags it.,0.14904276142704595,46.57200138337045,0.0332898693222099,6.788580581625235,4.189711178648779
pg_01210,cl_037,protect,"High performance, low staleness/volatility risk.",0.1489078163396452,34.552136358616416,0.05491641954604832,12.388102869385058,0.9314815333330324
pg_00778,cl_016,protect,"High performance, low staleness/volatility risk.",0.14869935826579525,32.047900441832134,0.06468583920427315,9.177677682853663,1.3037032427005837
pg_00117,cl_008,protect,"High performance, low staleness/volatility risk.",0.14842125359250985,29.39335771211376,0.09329375239639437,3.6273651880434503,0.06488253357163343
pg_02732,cl_055,protect,"High performance, low staleness/volatility risk.",0.14793061327766518,22.600375730694097,0.04456451611962432,9.798940902418337,0.7556096844537132
pg_00810,cl_002,rewrite,Under-performing and aging — needs a content refresh.,0.1477376038796586,7.39908144183198,0.0931783057167145,2.758676482896564,0.7261446038207999
pg_02437,cl_040,protect,"High performance, low staleness/volatility risk.",0.14769222878962063,33.86061144161631,0.05987794162980923,7.699666626140768,2.2570178185513763
pg_03706,cl_009,protect,"High performance, low staleness/volatility risk.",0.147584138926615,35.12260013905063,0.07619012608665554,17.491462786372786,1.4916872261695295
pg_00230,cl_027,protect,"High performance, low staleness/volatility risk.",0.1474995486764594,31.146276610326797,0.06303860573863948,7.902204818858559,0.6473975795912407
pg_01780,cl_002,protect,"High performance, low staleness/volatility risk.",0.14684870225354515,30.466471833172765,0.08630472559979299,4.0880807383668,0.18344895958338864
pg_03012,cl_002,protect,"High performance, low staleness/volatility risk.",0.14670969024332223,31.296129428822734,0.05098464702983398,7.074276603267885,1.0799849503903798
pg_01611,cl_008,protect,"High performance, low staleness/volatility risk.",0.14638988542316728,29.37554776854624,0.04276978311446291,7.81893964822959,1.2697361679250196
pg_02251,cl_033,protect,"High performance, low staleness/volatility risk.",0.14609156193540407,23.280759925481703,0.12567713675801492,3.0945554340328583,0.7999316175456317
pg_03821,cl_000,monitor,Performing but unstable — position volatility flags it.,0.14600406772806063,33.98660415086828,0.058759220420058586,11.675157636276145,4.4214707737776395
pg_02752,cl_034,protect,"High performance, low staleness/volatility risk.",0.14470226746117157,32.85788928255627,0.053037900048458195,3.052961358542232,1.3428522233655982
pg_00012,cl_044,protect,"High performance, low staleness/volatility risk.",0.14439155256234412,31.24497845956756,0.0940672904939142,4.861531424918853,0.5539349033489885
pg_02414,cl_022,protect,"High performance, low staleness/volatility risk.",0.14432569603155848,28.544153650392587,0.03044395067492736,6.715542512763232,1.2050671656171095
pg_02961,cl_025,protect,"High performance, low staleness/volatility risk.",0.1442332546968313,21.672321411899407,0.13002456107019814,2.8343052772080544,0.42646894860782986
pg_01120,cl_000,protect,"High performance, low staleness/volatility risk.",0.14329819763013377,30.921196479887946,0.06194020029690578,3.7289371054149827,0.3900066946682317
pg_03236,cl_021,protect,"High performance, low staleness/volatility risk.",0.14294238950962102,25.724859842970687,0.07084304709663267,7.16209376067652,1.633364201400356
pg_02731,cl_031,monitor,Performing but unstable — position volatility flags it.,0.14261397093147316,27.99803646964652,0.054149174807402195,11.481621693877692,3.367938476669019
pg_03240,cl_012,protect,"High performance, low staleness/volatility risk.",0.14256001117772196,35.61838238501147,0.09797708702825764,4.214327800453677,0.6509531436983993
pg_02330,cl_003,protect,"High performance, low staleness/volatility risk.",0.1422269947577872,29.06166055092316,0.09881738692896065,1.0,0.40949804124385747
pg_01742,cl_027,monitor,Performing but unstable — position volatility flags it.,0.14214616793987206,33.88628552813136,0.06316678924823221,7.009052823086685,4.329568316111311
pg_03032,cl_033,protect,"High performance, low staleness/volatility risk.",0.14192299697642582,25.125442493870445,0.06900196255618127,5.1297490923724,0.7952270696026283
pg_00408,cl_056,protect,"High performance, low staleness/volatility risk.",0.14161957012336474,32.870515747235544,0.06263027361705957,8.18831639546017,1.309938681511683
pg_00872,cl_006,protect,"High performance, low staleness/volatility risk.",0.1411941082488923,30.898422339029835,0.09830479845123241,3.4259316510655684,0.6437581292474126
pg_01219,cl_026,protect,"High performance, low staleness/volatility risk.",0.14115714132601093,27.197261728546977,0.022037911035544307,8.323503946674501,1.1087701948940119
pg_01290,cl_014,protect,"High performance, low staleness/volatility risk.",0.14098826828475122,38.189100562774954,0.06887819616638882,11.568926930866551,0.9716705093038052
pg_02368,cl_009,protect,"High performance, low staleness/volatility risk.",0.14086613903943,34.187899306080666,0.07417251194869168,1.008362287374705,0.4946622786524799
pg_00762,cl_056,protect,"High performance, low staleness/volatility risk.",0.14082988902190569,22.8041095822866,0.05905537346821971,2.0832717309510294,0.7542075614884208
pg_01116,cl_059,protect,"High performance, low staleness/volatility risk.",0.14069770569181492,28.049110178443293,0.0828412949160471,2.867455693682748,0.5492016909694579
pg_00109,cl_042,protect,"High performance, low staleness/volatility risk.",0.14065716653708296,24.802337687226636,0.07879297015155598,6.355815401078521,0.38474987333153193
pg_01191,cl_016,protect,"High performance, low staleness/volatility risk.",0.14059216566114574,24.661480309986796,0.08695049501316827,2.2124163353699196,0.9162025920182776
pg_02008,cl_047,protect,"High performance, low staleness/volatility risk.",0.1404926255928087,27.713011162176848,0.06465046153787772,3.914132993441597,0.5528993061683743
pg_03533,cl_059,protect,"High performance, low staleness/volatility risk.",0.14034841363073308,35.880124743310816,0.06647243176905403,6.563643637928774,1.520656038476444
pg_01617,cl_030,protect,"High performance, low staleness/volatility risk.",0.14013112752889068,21.93271844592185,0.09614099316729974,4.27971807658712,0.7641946677363901
pg_03264,cl_031,protect,"High performance, low staleness/volatility risk.",0.14006764430901608,27.820890656883343,0.03838744001155557,8.483555037984628,1.0909172723346885
pg_01440,cl_046,protect,"High performance, low staleness/volatility risk.",0.1398579929370242,27.022213616899563,0.05864632911396839,12.199300763592975,0.6779054865650712
pg_01309,cl_051,protect,"High performance, low staleness/volatility risk.",0.1398470111490566,33.393922221948046,0.12024966893328806,5.371978576110902,0.5553796227698378
pg_02826,cl_021,protect,"High performance, low staleness/volatility risk.",0.1397628903979052,26.650111872681762,0.10182414990273599,4.904453556948411,0.5183271612875249
pg_01050,cl_030,monitor,Performing but unstable — position volatility flags it.,0.13966533660910227,23.677217340538263,0.0584002552734433,6.409170404098996,4.32687497481834
pg_00630,cl_044,protect,"High performance, low staleness/volatility risk.",0.13960128755526136,29.56688850916263,0.07429959189466256,3.6807417843614947,0.6995216955166619
pg_03663,cl_057,protect,"High performance, low staleness/volatility risk.",0.1395646129910164,21.475720998400185,0.06243695125520711,1.0,0.8763695782316608
pg_02440,cl_021,protect,"High performance, low staleness/volatility risk.",0.13927931717288908,21.54828453157915,0.07057113366559058,1.994022230450721,0.6716298416560668
pg_00281,cl_029,protect,"High performance, low staleness/volatility risk.",0.13902948402695234,32.19170213046611,0.05110426500479373,7.01110185909074,0.5934830970756761
pg_01996,cl_033,protect,"High performance, low staleness/volatility risk.",0.13902821176563368,23.050074836562757,0.0839920113407776,3.1772353095736405,0.8149164722550158
pg_03049,cl_042,monitor,Performing but unstable — position volatility flags it.,0.13892184571848462,40.53281327054337,0.04829850574669552,10.550049224511941,4.2224437999430116
pg_03909,cl_054,protect,"High performance, low staleness/volatility risk.",0.13888115830928605,30.885209435910486,0.11791550329941013,4.501183316083787,1.4328358972608402
pg_00525,cl_018,protect,"High performance, low staleness/volatility risk.",0.13880427207884094,35.52019623763294,0.06814928032455769,6.140574187358812,0.31977397877472136
pg_02669,cl_057,protect,"High performance, low staleness/volatility risk.",0.13798941802693096,21.561603737295997,0.018004323168827947,6.082016406915898,1.8167467741229957
pg_01977,cl_020,protect,"High performance, low staleness/volatility risk.",0.13786884029787658,24.903103808232963,0.09348104480084089,6.875390187250493,0.9293183433140897
pg_01676,cl_008,protect,"High performance, low staleness/volatility risk.",0.13701199182595633,23.96672163735321,0.041128036147520905,9.766209333814256,1.0646447894811117
pg_03481,cl_014,protect,"High performance, low staleness/volatility risk.",0.13686824449253707,26.80437377897345,0.08987877541583497,1.7407903476509023,0.6066781808745808
pg_03685,cl_009,protect,"High performance, low staleness/volatility risk.",0.13678520776391265,24.488906046631577,0.08474548279488202,3.0837144559119434,0.3260410690844355
pg_03745,cl_059,protect,"High performance, low staleness/volatility risk.",0.13675451702029737,24.47288294497813,0.10611761524259983,4.883137896189278,0.5029699974939823
pg_00849,cl_036,protect,"High performance, low staleness/volatility risk.",0.13666128804446995,19.704793309964288,0.02918653198518391,10.71795512697122,1.22086180663529
pg_02691,cl_036,protect,"High performance, low staleness/volatility risk.",0.13629367353655691,23.83153217516658,0.0393637468029923,5.849875675666404,1.0354626154017408
pg_02541,cl_058,protect,"High performance, low staleness/volatility risk.",0.13596262464691652,38.52599683144571,0.10603019083466618,6.416724383240487,0.4385625562376554
pg_03628,cl_050,protect,"High performance, low staleness/volatility risk.",0.13561160422606042,30.95722483590618,0.059958961534621165,4.223343217159142,0.7307115380655316
pg_03983,cl_040,rewrite,Under-performing and aging — needs a content refresh.,0.1354355553545971,1.3005515417783542,0.021563553617083817,10.90956614012471,1.1491260403317498
pg_02719,cl_009,protect,"High performance, low staleness/volatility risk.",0.1345868003109162,32.447404859785316,0.11472713836154606,6.624323243176033,1.0137181029705993
pg_01859,cl_044,protect,"High performance, low staleness/volatility risk.",0.13441141440658438,23.635637640731638,0.07899618849611045,8.437502004037231,0.378178823989646
pg_02652,cl_059,protect,"High performance, low staleness/volatility risk.",0.1340677252369986,25.24613117720868,0.06240528641942371,3.635393467271299,0.7402263202060296
pg_00946,cl_058,protect,"High performance, low staleness/volatility risk.",0.13379240180520988,27.80788325560956,0.054317649334315224,4.874600284534213,1.4737434169112422
pg_02880,cl_002,protect,"High performance, low staleness/volatility risk.",0.1336295551253106,30.960335983414645,0.08625823640499393,5.564663384323837,0.3481191003366936
pg_02213,cl_006,protect,"High performance, low staleness/volatility risk.",0.13341233568410907,28.494216968519552,0.09031818569932569,2.350969740264534,0.05
pg_02520,cl_026,protect,"High performance, low staleness/volatility risk.",0.13311215183172517,26.951523047116783,0.11623744434857626,3.5919823886797984,0.5983532219175242
pg_01281,cl_044,protect,"High performance, low staleness/volatility risk.",0.13301095245234273,33.74346369880142,0.08994705737507792,4.42228540763939,0.30574258288889433
pg_02455,cl_028,protect,"High performance, low staleness/volatility risk.",0.1324571089978772,29.224291584843044,0.0690778831351052,6.625775502112364,0.7031836440074928
pg_03325,cl_046,protect,"High performance, low staleness/volatility risk.",0.13222054148378407,38.556898387421086,0.10725226438017747,3.0327350385134073,0.6711044388368245
pg_03518,cl_040,protect,"High performance, low staleness/volatility risk.",0.13191390030151398,28.47625501313754,0.0773886626624606,4.480417286048532,0.3831496128014289
pg_01150,cl_022,protect,"High performance, low staleness/volatility risk.",0.13176567634745093,25.403262322197847,0.09931329404556709,7.905051665211459,0.693030866548406
pg_01411,cl_033,protect,"High performance, low staleness/volatility risk.",0.13131320066402288,33.422497564744965,0.10576897100584752,3.106776570335498,0.8187180657571127
pg_00407,cl_008,protect,"High performance, low staleness/volatility risk.",0.13094314039201857,26.697064264753443,0.03693217691240203,5.215274812806604,0.27606494009729154
pg_03285,cl_028,protect,"High performance, low staleness/volatility risk.",0.13093167130329525,30.796678268932105,0.08644011438239987,4.47195563585968,0.38423000563587334
pg_03716,cl_020,protect,"High performance, low staleness/volatility risk.",0.13088092732429488,25.92526748965915,0.053026130800194714,12.590095819435332,0.43353786830428165
pg_03341,cl_018,protect,"High performance, low staleness/volatility risk.",0.12999144531888546,25.623168217868415,0.1194538197096141,2.278277548420836,0.14441962878338138
pg_02305,cl_005,protect,"High performance, low staleness/volatility risk.",0.12970682278561962,23.731764280166033,0.07885163172034121,5.358052062469862,0.7167259473703812
pg_03539,cl_049,protect,"High performance, low staleness/volatility risk.",0.12967414981218067,22.95822037038051,0.08435296022210284,5.760432222345511,0.6429399712873556
pg_00374,cl_053,protect,"High performance, low staleness/volatility risk.",0.1295743337516894,26.43115126793724,0.05007227342513926,7.308824547306612,0.9968103926314654
pg_03682,cl_012,protect,"High performance, low staleness/volatility risk.",0.12936850187787136,25.557383436195334,0.06316138856345,2.229820087448331,0.6653252768270969
pg_02042,cl_044,protect,"High performance, low staleness/volatility risk.",0.12906777086636684,22.726835180321313,0.0830126178896058,1.7572839286349398,0.28828081752033136
pg_00556,cl_044,protect,"High performance, low staleness/volatility risk.",0.12852194817525944,25.35989473385922,0.10228535936050494,4.685597371265294,0.4792707366294999
pg_00397,cl_011,rewrite,Under-performing and aging — needs a content refresh.,0.12841549396679985,1.5814655910652888,0.023413415571770402,11.290002337153467,0.4248742898573564
pg_01762,cl_000,rewrite,Under-performing and aging — needs a content refresh.,0.1283416337723404,4.677307153461729,0.08505863940342823,5.048807037326544,0.4248713924337527
pg_01971,cl_055,protect,"High performance, low staleness/volatility risk.",0.12831623156819041,27.407126370174858,0.09762846634084096,3.9746660164527716,1.0116051519099234
pg_02839,cl_058,protect,"High performance, low staleness/volatility risk.",0.12791096886390432,19.286512156832753,0.08373734711366432,2.3019915658806336,0.9752895351255396
pg_03078,cl_012,protect,"High performance, low staleness/volatility risk.",0.12773088900251708,19.726204164569715,0.020563406817891712,11.0129608424862,0.4768583813189482
pg_02704,cl_004,protect,"High performance, low staleness/volatility risk.",0.12745517833058492,32.67931942981584,0.09609417994315017,4.501168949475307,0.7486841505657734
pg_00522,cl_011,protect,"High performance, low staleness/volatility risk.",0.12699113890076677,24.304159177167108,0.0646605447304733,8.933180164096603,1.3587590892514492
pg_01288,cl_006,protect,"High performance, low staleness/volatility risk.",0.1267270674002496,30.545694519312377,0.0867100827185416,4.045196543877451,0.5474688835813052
pg_01667,cl_040,protect,"High performance, low staleness/volatility risk.",0.12658751745291535,29.079488825973783,0.09663643093553405,6.570511358752457,0.6278917628467433
pg_03450,cl_028,rewrite,Under-performing and aging — needs a content refresh.,0.12617303307777822,3.8902936844789977,0.0761866510083726,6.672888796547533,0.5603380686301456
pg_03633,cl_045,protect,"High performance, low staleness/volatility risk.",0.126064601765094,29.64777771630867,0.10762321020326297,2.0766856555847166,0.5974914432484929
pg_03206,cl_059,protect,"High performance, low staleness/volatility risk.",0.1258484899998976,24.994716680081684,0.1000199113869456,5.796354496692855,0.8932291502149015
pg_03048,cl_010,protect,"High performance, low staleness/volatility risk.",0.1254026209207836,28.974187713789426,0.10544222757548032,4.116364910673529,0.9436018291602315
pg_02836,cl_057,protect,"High performance, low staleness/volatility risk.",0.12509828332522735,24.33256768230259,0.08355159883459354,5.521043271401064,0.7039952600516646
pg_03440,cl_056,protect,"High performance, low staleness/volatility risk.",0.12508228574352392,23.126276134697775,0.10678800791959897,5.049540742654758,0.7843186867518238
pg_01900,cl_032,protect,"High performance, low staleness/volatility risk.",0.12483327991916358,30.860555320964014,0.09473929328136232,3.946400397578964,0.8110681447855863
pg_00879,cl_037,protect,"High performance, low staleness/volatility risk.",0.12480356294909845,34.81263454721924,0.09502427594592383,5.303988140323923,0.7619654961747697
pg_01656,cl_050,protect,"High performance, low staleness/volatility risk.",0.12468423847138715,24.3144090931837,0.06481934918693552,2.3935746420625987,0.579150913564052
pg_01965,cl_044,protect,"High performance, low staleness/volatility risk.",0.12453352418754966,27.623113126282814,0.08523031835763145,3.966547149874271,0.2922214688581771
pg_02910,cl_006,protect,"High performance, low staleness/volatility risk.",0.12437802284508502,29.468630676808637,0.10008187013169298,1.1108022453257118,0.6093172471088885
pg_00582,cl_006,protect,"High performance, low staleness/volatility risk.",0.12400046021371072,21.0081054902977,0.1241371584833466,4.842458308211553,0.43240073188694006
pg_02444,cl_035,protect,"High performance, low staleness/volatility risk.",0.12389008503386159,35.14141590307422,0.09034160000406358,3.0742238248722806,0.39437932249281094
pg_00520,cl_021,protect,"High performance, low staleness/volatility risk.",0.12381057839953409,22.456286069234203,0.09401138277133698,3.7860128301035556,0.16641151553066097
pg_01246,cl_051,protect,"High performance, low staleness/volatility risk.",0.12371168394795098,22.949013014095378,0.044605054354382424,9.60870999321963,1.841380926417676
pg_03136,cl_034,protect,"High performance, low staleness/volatility risk.",0.1237032203834251,29.846253176907442,0.09416663400365519,3.96203040262744,0.5262936216773723
pg_00604,cl_049,protect,"High performance, low staleness/volatility risk.",0.12349685881842976,22.119601713434044,0.0981365570965835,4.60487705589832,0.5356966839608617
pg_02411,cl_002,protect,"High performance, low staleness/volatility risk.",0.12329436206428245,27.180670700487084,0.08822511726729437,2.6324810689796956,0.5216579235722668
pg_01526,cl_019,protect,"High performance, low staleness/volatility risk.",0.12284102778808835,21.497188314056537,0.10267905866419058,4.029625634589042,0.647757041066016
pg_00907,cl_010,protect,"High performance, low staleness/volatility risk.",0.12250051444984629,22.290172528625398,0.08971438775206132,1.2581361719241797,0.632849737668284
pg_03361,cl_044,protect,"High performance, low staleness/volatility risk.",0.12218447751811626,23.85240047557749,0.07009943077808858,5.3251636015156985,0.6304100174126714
pg_03453,cl_020,protect,"High performance, low staleness/volatility risk.",0.1220104357811392,28.164426100439805,0.1161365256959255,3.811221994766352,0.877438141009292
pg_03860,cl_032,protect,"High performance, low staleness/volatility risk.",0.12196473512447903,20.03536641799245,0.01653838639900206,9.626699365954664,1.1676787675988356
pg_01823,cl_052,protect,"High performance, low staleness/volatility risk.",0.12193122625653896,23.047493301705664,0.10324154273391645,5.651142750486825,0.4537583655595306
pg_03516,cl_010,protect,"High performance, low staleness/volatility risk.",0.12190410974776136,22.74837754792423,0.1013694032735897,4.9081015496000555,0.8284500666521823
pg_02678,cl_034,protect,"High performance, low staleness/volatility risk.",0.1218381321828333,24.33143030401147,0.1046693557470267,4.628890354798255,0.29179939313444403
pg_02074,cl_041,protect,"High performance, low staleness/volatility risk.",0.12165406790083902,23.392309407882323,0.09042613115621147,3.677512344715991,0.8779937772435011
pg_01643,cl_035,protect,"High performance, low staleness/volatility risk.",0.121415615941527,20.78558258784181,0.07643971082959038,4.363094622069606,0.43070061748633093
pg_00058,cl_044,protect,"High performance, low staleness/volatility risk.",0.12094845875893262,19.64449957495421,0.11034043612836382,5.48660003624725,0.3471563183347168
pg_00216,cl_004,protect,"High performance, low staleness/volatility risk.",0.12048578191641629,26.101541158826773,0.08572825084233518,6.746950480866101,0.08191035432706029
pg_03061,cl_018,protect,"High performance, low staleness/volatility risk.",0.12044408398467923,28.79221252423799,0.12280953108817702,3.8512058198686567,0.9513184567985552
pg_01698,cl_021,protect,"High performance, low staleness/volatility risk.",0.1202355928855561,20.721382598965082,0.08540071335193213,5.015159192178965,0.3060133509046135
pg_03567,cl_009,rewrite,Under-performing and aging — needs a content refresh.,0.12016546346977361,3.200460718834785,0.06565214819750631,4.925612852674025,0.7243497654287366
pg_03202,cl_046,protect,"High performance, low staleness/volatility risk.",0.12004368981363192,26.93047513728957,0.08584707480340849,6.513357402875478,0.7261261768257677
pg_03661,cl_028,protect,"High performance, low staleness/volatility risk.",0.11987330966754328,22.69369723099595,0.06690023328619035,3.8786584389706777,0.9884352328371748
pg_01872,cl_036,protect,"High performance, low staleness/volatility risk.",0.11972304738321204,24.52675585060279,0.07528136701219039,2.2788446263724182,0.08540243206236564
pg_02774,cl_032,protect,"High performance, low staleness/volatility risk.",0.11969058839391274,21.163104662513547,0.1270637833233636,2.7570386126469772,0.7832384327660487
pg_01876,cl_013,protect,"High performance, low staleness/volatility risk.",0.11911174855795492,22.69594366406716,0.09192982965115665,6.076694327229756,0.05
pg_02336,cl_027,protect,"High performance, low staleness/volatility risk.",0.11910035362529803,24.718539705834473,0.09000683778156547,2.0252847943572387,0.7279284462377988
pg_01969,cl_009,protect,"High performance, low staleness/volatility risk.",0.11891936461474868,25.623020011349844,0.12480287541682873,3.068088979341172,0.8014449865089166
pg_00313,cl_016,protect,"High performance, low staleness/volatility risk.",0.11863616736032663,22.646117336258328,0.03827881440999864,9.583217630821705,0.6276998811065914
pg_01434,cl_019,protect,"High performance, low staleness/volatility risk.",0.11831538474423874,24.757226465015933,0.08885171890144995,4.151287149856571,0.5953788188847946
pg_01207,cl_043,protect,"High performance, low staleness/volatility risk.",0.11828654550576415,27.50470040231071,0.07775348221392604,5.077384188211126,1.055179554617112
pg_03029,cl_053,protect,"High performance, low staleness/volatility risk.",0.11817802357588379,23.491892963149606,0.1098170085369245,1.9717388719331983,0.1443059393271071
pg_01705,cl_051,protect,"High performance, low staleness/volatility risk.",0.11815257324524242,19.161515572741965,0.09055457358776182,5.944387619405212,0.1245830945361236
pg_02255,cl_041,protect,"High performance, low staleness/volatility risk.",0.11764915212241041,23.198907713290136,0.10695843508165685,1.2470773038458312,0.9135328256292945
pg_00236,cl_039,protect,"High performance, low staleness/volatility risk.",0.11759181305094019,25.91906435761852,0.07482030272013801,5.1669013300413145,0.4829384117500407
pg_03624,cl_049,protect,"High performance, low staleness/volatility risk.",0.11719390017222409,19.611806655547586,0.06987156923396443,4.475513142467057,0.1263950711544526
pg_02777,cl_054,protect,"High performance, low staleness/volatility risk.",0.11714529670495846,27.933308258074465,0.10027533656180246,6.869709808203407,0.8006351281827894
pg_02398,cl_015,protect,"High performance, low staleness/volatility risk.",0.11709318977858799,27.90757461078476,0.10756458676432892,4.638122476917839,0.425297781479942
pg_02758,cl_021,protect,"High performance, low staleness/volatility risk.",0.1169742292181186,21.976215224325916,0.1095419143778355,4.681744274360977,0.5720547612288867
pg_02285,cl_049,protect,"High performance, low staleness/volatility risk.",0.11669040961847288,22.499129183216176,0.09880221406531235,4.61923946073466,0.683268134866449
pg_03894,cl_036,protect,"High performance, low staleness/volatility risk.",0.11653616151153688,24.798397814479905,0.04974758776753743,4.422506305044338,0.05
pg_00956,cl_024,protect,"High performance, low staleness/volatility risk.",0.11651368765289305,18.229552929000445,0.04912683827653742,3.54834460729669,0.9560622869576454
pg_02653,cl_022,protect,"High performance, low staleness/volatility risk.",0.11631198747376677,23.711909141145366,0.1250670598521965,5.603559387443418,0.8689465871021653
pg_00744,cl_047,protect,"High performance, low staleness/volatility risk.",0.11619423518060874,22.38486928340167,0.04788722798732274,3.025502812650962,0.6818795137084375
pg_03384,cl_047,protect,"High performance, low staleness/volatility risk.",0.11589491617002533,25.159355796254864,0.0699824172648085,7.945173399958045,1.2865764314012567
pg_00232,cl_001,protect,"High performance, low staleness/volatility risk.",0.11573639842482297,22.44408733697715,0.08249199672049533,4.533540073170566,0.38299960214033046
pg_03219,cl_025,protect,"High performance, low staleness/volatility risk.",0.11558121107226148,23.322626374355124,0.08924000271989442,3.6856474553899954,0.41673888739069875
pg_00387,cl_049,protect,"High performance, low staleness/volatility risk.",0.11544105191725701,23.09784760278219,0.07176675247662492,3.29391411662274,0.8770962466106738
pg_02677,cl_052,protect,"High performance, low staleness/volatility risk.",0.11537864218225125,35.22392818747079,0.08495972513405296,4.854417111437074,0.39928917004703496
pg_01209,cl_057,protect,"High performance, low staleness/volatility risk.",0.11509471203237119,22.503155893169293,0.12679876179983707,3.044096631237171,0.3122397299471775
pg_00813,cl_017,protect,"High performance, low staleness/volatility risk.",0.11496264405294394,24.333300208640004,0.07253874447379496,2.019217009945751,0.05
pg_03779,cl_026,protect,"High performance, low staleness/volatility risk.",0.11491428138316379,19.65466427336545,0.07580582415109609,3.303530893690845,0.803907930794262
pg_01792,cl_020,protect,"High performance, low staleness/volatility risk.",0.11472311008048251,23.537127471277667,0.08168852224443834,4.980129266679027,0.880669807696838
pg_01132,cl_047,protect,"High performance, low staleness/volatility risk.",0.11464311804757821,24.10707513325164,0.08605156164670734,4.834041812139376,0.38980833964603917
pg_01397,cl_039,protect,"High performance, low staleness/volatility risk.",0.1143595176604949,35.78015043633011,0.07273445415581291,2.808613983101094,0.300725276907052
pg_01579,cl_036,protect,"High performance, low staleness/volatility risk.",0.11431989160280964,28.242831920699878,0.10840179028663659,1.1015410654612463,0.15767156159937962
pg_00921,cl_034,protect,"High performance, low staleness/volatility risk.",0.1140815907984618,25.26156280772212,0.05706215035902672,2.7727457231496704,0.4607986839259822
pg_00321,cl_006,protect,"High performance, low staleness/volatility risk.",0.1138425845960998,31.09164968827583,0.10132802705318489,5.459484156173811,0.7304759038559838
pg_01890,cl_011,protect,"High performance, low staleness/volatility risk.",0.11356755444101381,27.434010550415135,0.10749486086702846,5.208601209198876,1.0079387433914235
pg_03155,cl_050,protect,"High performance, low staleness/volatility risk.",0.1135128982821436,20.922077735827422,0.11472159816655546,3.066147623116011,0.6483544938405469
pg_03456,cl_045,protect,"High performance, low staleness/volatility risk.",0.11349699184591651,26.186152928631785,0.0995302932645436,3.733185107985442,0.34802356275269125
pg_03823,cl_010,protect,"High performance, low staleness/volatility risk.",0.11330587035249494,23.216401840551622,0.04794722012375228,4.192309504136885,0.8796365473442007
pg_03942,cl_055,protect,"High performance, low staleness/volatility risk.",0.11324292360842991,24.59838005400907,0.11626983707693912,5.033465745918643,0.34194904114773567
pg_00773,cl_043,protect,"High performance, low staleness/volatility risk.",0.11320303644313619,20.09041968593492,0.05657531229440818,1.0,0.9113967870062327
pg_03205,cl_040,protect,"High performance, low staleness/volatility risk.",0.11275757104838142,23.330599476100417,0.09077542660712064,5.258514722951089,0.3073589799895327
pg_02775,cl_018,protect,"High performance, low staleness/volatility risk.",0.11258812478817298,27.59588612432386,0.07713316596750257,2.8813696292275086,0.5138437383682697
pg_00770,cl_039,protect,"High performance, low staleness/volatility risk.",0.11230831951731093,26.22424409299822,0.12182523939600404,2.6937591034581247,1.1255937313988895
pg_03137,cl_028,protect,"High performance, low staleness/volatility risk.",0.11225986904531589,20.375588822049735,0.1074938810006516,4.692707359058771,0.7282389227450601
pg_00566,cl_013,protect,"High performance, low staleness/volatility risk.",0.11206695031278047,27.514607091806248,0.11641009414964766,5.290134271399113,0.39365774489686556
pg_03521,cl_019,protect,"High performance, low staleness/volatility risk.",0.11199116628010944,21.983314814200895,0.04394534982348385,8.873121382462068,1.3561002283167682
pg_03854,cl_028,protect,"High performance, low staleness/volatility risk.",0.1115590992221093,23.056969918537202,0.04650342279953266,2.8386518949395154,0.7060119070257622
pg_02353,cl_027,protect,"High performance, low staleness/volatility risk.",0.11061841123754959,21.50135695580284,0.11315826458570227,1.0,0.7230667570825455
pg_00863,cl_046,protect,"High performance, low staleness/volatility risk.",0.1105791701067322,22.340265441721783,0.09371227015381962,3.2032866874636166,0.4285961826396427
pg_02142,cl_057,protect,"High performance, low staleness/volatility risk.",0.11031804247898053,23.11493741973321,0.0874312156219793,6.113375402682152,0.36513068412401084
pg_03553,cl_042,rewrite,Under-performing and aging — needs a content refresh.,0.11029247385975569,2.6490375530368215,0.07562754801570694,4.289666978212314,0.45221663599117146
pg_00667,cl_051,protect,"High performance, low staleness/volatility risk.",0.11018506681044865,21.46309433386353,0.10462803287436429,4.434230898116878,0.6581522383231528
pg_03265,cl_038,protect,"High performance, low staleness/volatility risk.",0.10943398275051817,20.092968022230842,0.10269450378358441,4.774979624220979,0.7016746074232689
pg_00349,cl_009,protect,"High performance, low staleness/volatility risk.",0.10935580801271719,28.91433179255312,0.06917521527375772,4.109166354912324,0.9549316225644209
pg_03563,cl_047,protect,"High performance, low staleness/volatility risk.",0.10925318141933188,21.446303277639107,0.08854204790635738,3.251431980911927,0.9216522503369826
pg_00063,cl_058,protect,"High performance, low staleness/volatility risk.",0.10920537308432719,19.388165233616967,0.11904176264078628,2.029557836493755,0.26155597887237986
pg_01133,cl_045,protect,"High performance, low staleness/volatility risk.",0.10873905506669015,20.370425333606857,0.07985535843630882,4.689187773950406,0.7135503975856096
pg_01156,cl_007,protect,"High performance, low staleness/volatility risk.",0.10872459708515021,16.13961078837246,0.11250535492375302,6.077360406467877,0.4767459209702357
pg_00984,cl_035,protect,"High performance, low staleness/volatility risk.",0.10829152304397045,20.818649344542106,0.06508809460877428,3.983883144386958,0.1976829786126647
pg_03889,cl_049,protect,"High performance, low staleness/volatility risk.",0.10768212797192232,21.385295042598845,0.08683972526955328,4.2761017311542835,0.4533133728361963
pg_02166,cl_018,protect,"High performance, low staleness/volatility risk.",0.107668452621561,26.55079972198554,0.09908917245886908,5.268707985617613,0.7768139848998992
pg_01813,cl_029,protect,"High performance, low staleness/volatility risk.",0.10730772043265038,20.538925587589624,0.11585244820678689,5.528558987920423,0.05
pg_02350,cl_032,protect,"High performance, low staleness/volatility risk.",0.10720107195311286,19.599214617349347,0.04036333683779443,10.437961108635864,1.122450124050564
pg_00298,cl_017,protect,"High performance, low staleness/volatility risk.",0.10711994402885683,24.01078840237656,0.053884997484634746,7.916654017581762,0.4276967674568343
pg_03227,cl_022,protect,"High performance, low staleness/volatility risk.",0.10683592745094553,20.143400502063493,0.07044671881456471,2.751214389714136,0.7126476145295676
pg_00957,cl_038,protect,"High performance, low staleness/volatility risk.",0.10673716439602239,20.790939035087384,0.11084712131450551,4.930527047804244,1.3231003466350224
pg_01188,cl_033,protect,"High performance, low staleness/volatility risk.",0.10661917759541804,20.058970600029106,0.10357993051484865,2.132026736424791,0.32299608226210963
pg_00323,cl_054,protect,"High performance, low staleness/volatility risk.",0.1065437261767585,33.01642604346506,0.10700974406403817,4.317973824657418,0.6754459593053453
pg_03177,cl_017,protect,"High performance, low staleness/volatility risk.",0.10644097685771531,19.00220239270522,0.08848767290439817,2.9978473606356157,0.8492525616298053
pg_00007,cl_041,protect,"High performance, low staleness/volatility risk.",0.10641776357465645,23.28711406128975,0.12411880557417546,6.997433475012002,0.9560674033797242
pg_00578,cl_053,protect,"High performance, low staleness/volatility risk.",0.10629514616304975,19.852119476452962,0.0652440756107514,2.9766343058004248,0.5520983751532555
pg_03459,cl_023,protect,"High performance, low staleness/volatility risk.",0.10619833628149962,26.36057226267665,0.09259907913335108,3.6962243066471645,0.8095981486957189
pg_00004,cl_025,protect,"High performance, low staleness/volatility risk.",0.10618863233011588,27.81230563762572,0.11316445337591914,5.698077050816019,0.49134265978350566
pg_01804,cl_007,protect,"High performance, low staleness/volatility risk.",0.1055755796743116,28.999957859067813,0.09336348449562677,7.4071989127084485,0.5192578652285949
pg_03730,cl_043,protect,"High performance, low staleness/volatility risk.",0.10547840502653677,20.444605911853074,0.03886227632792383,10.94883591041814,1.2690271901305845
pg_03151,cl_013,protect,"High performance, low staleness/volatility risk.",0.10527511408608213,22.212633250129524,0.1002625931718405,1.3938681028443787,0.5955196041667589
pg_01283,cl_048,protect,"High performance, low staleness/volatility risk.",0.10487198888497098,20.390222426450404,0.10055213029778515,6.464226501772703,1.2108054636513457
pg_01244,cl_052,protect,"High performance, low staleness/volatility risk.",0.10475518416174048,19.229807383568257,0.07584725137801406,3.3121738608611397,0.5296145884437307
pg_01861,cl_017,protect,"High performance, low staleness/volatility risk.",0.10429141581411833,22.71380526550466,0.08549495614966833,5.256974065828448,0.844787147804598
pg_00791,cl_027,protect,"High performance, low staleness/volatility risk.",0.10419444042647148,20.251572900302712,0.07554037306797881,4.593179894944837,0.8065543794344523
pg_02749,cl_058,protect,"High performance, low staleness/volatility risk.",0.10350812658456164,28.914008605995342,0.09311318603641881,3.100008419949543,0.9917862133212874
pg_03162,cl_009,protect,"High performance, low staleness/volatility risk.",0.10347398930851524,24.076746150282286,0.07037667657166852,3.4349524181317603,1.0933100105298976
pg_02427,cl_023,protect,"High performance, low staleness/volatility risk.",0.10314961108047571,21.066591179592862,0.08663991163902145,5.222821085481382,0.4669510943681191
pg_03868,cl_013,protect,"High performance, low staleness/volatility risk.",0.10281998518651679,16.65691245237201,0.09863254001758501,5.676951461538616,1.113781617838207
pg_00423,cl_034,protect,"High performance, low staleness/volatility risk.",0.10276343526578371,22.53112300877775,0.09325437470065606,3.6694082597558264,1.0591193404361725
pg_00297,cl_026,protect,"High performance, low staleness/volatility risk.",0.1023666437876023,20.190707129218126,0.12521762280064608,4.783491314281896,1.189390655964926
pg_02186,cl_018,protect,"High performance, low staleness/volatility risk.",0.10214985987465129,17.455383847732204,0.11004414828875729,4.498149217209981,0.4411968910880082
pg_00185,cl_026,protect,"High performance, low staleness/volatility risk.",0.10205120035838909,21.417106490138536,0.09445798326007676,5.079741971397062,0.19670786294231096
pg_01692,cl_039,protect,"High performance, low staleness/volatility risk.",0.10187433814045209,21.00089555262602,0.12734947945269232,2.6690624317587663,1.2355285533581932
pg_03718,cl_040,protect,"High performance, low staleness/volatility risk.",0.10178408130442176,22.731199730922476,0.09018608994770796,4.8865564283747736,0.5622426327458916
pg_02449,cl_010,protect,"High performance, low staleness/volatility risk.",0.10165396085924572,18.016327329626776,0.08562733967106409,5.353275891933132,0.38537679723732043
pg_00340,cl_038,protect,"High performance, low staleness/volatility risk.",0.10158222260990234,20.7688531059865,0.08634178419624584,2.819323547189341,0.6342352713415842
pg_01502,cl_013,protect,"High performance, low staleness/volatility risk.",0.10138088227708042,19.617578049232115,0.08247020434724475,6.471327413412351,1.2052088211676917
pg_01269,cl_002,protect,"High performance, low staleness/volatility risk.",0.10105175593585942,19.91748192201669,0.1296519407097262,1.0831140641446586,1.28225550909552
pg_01099,cl_026,protect,"High performance, low staleness/volatility risk.",0.10086021432035264,23.02167631440239,0.07500900172069494,1.899846582673519,0.7700514005967808
pg_00168,cl_020,protect,"High performance, low staleness/volatility risk.",0.10070742814441036,23.745515744743436,0.061167507612239144,5.485664441921193,0.6293923772195886
pg_03053,cl_021,protect,"High performance, low staleness/volatility risk.",0.10053025111012304,18.619896795318375,0.10922617538634025,5.068247291108579,0.9700415567644108
pg_00418,cl_017,protect,"High performance, low staleness/volatility risk.",0.10023712622853789,19.2141090704854,0.09906122211788604,8.675056361985881,0.6975134223558898
pg_03990,cl_045,protect,"High performance, low staleness/volatility risk.",0.10014747158360156,17.760909644497055,0.09993743154784848,3.287675132366361,0.6494256311714145
pg_03559,cl_028,protect,"High performance, low staleness/volatility risk.",0.09949400005108221,21.902555612776734,0.14938144380948803,3.144981351509306,1.4768409927714092
pg_02188,cl_027,protect,"High performance, low staleness/volatility risk.",0.09946422409508693,21.015887598117356,0.08121712810916404,1.8204127054754662,1.0052456001125731
pg_02159,cl_020,protect,"High performance, low staleness/volatility risk.",0.09905590266790355,20.77333140404037,0.07623169242715586,6.229854377514468,0.5682057189995371
pg_02245,cl_049,protect,"High performance, low staleness/volatility risk.",0.09903657174036616,19.941118326470885,0.07440257984988796,8.221449428510814,1.2328061386085942
pg_02458,cl_028,protect,"High performance, low staleness/volatility risk.",0.09821645334560425,16.246200866423514,0.07583816899317528,3.548363017243464,0.6268911224705062
pg_00512,cl_050,protect,"High performance, low staleness/volatility risk.",0.09794147747001192,20.953868539788022,0.08476345613728509,3.756774368537077,0.09256677068944408
pg_01967,cl_028,protect,"High performance, low staleness/volatility risk.",0.09794070517012861,15.85267065243412,0.05999382218295878,1.0,0.9755715635507877
pg_01127,cl_038,protect,"High performance, low staleness/volatility risk.",0.09761907431309524,19.00303406498689,0.07498403453415901,1.9442469024184246,0.41689151054873075
pg_03699,cl_045,protect,"High performance, low staleness/volatility risk.",0.09751147207871237,22.101624782657503,0.1008333830214026,3.963578590242699,0.4801404184678489
pg_02379,cl_039,protect,"High performance, low staleness/volatility risk.",0.09711964303660317,25.248975069421395,0.09230800172106318,3.7546705073108706,0.6344925526687781
pg_01081,cl_059,protect,"High performance, low staleness/volatility risk.",0.09701956255912726,23.86051352660691,0.06598450268153865,3.8820335974414437,0.5972638642421173
pg_02387,cl_058,protect,"High performance, low staleness/volatility risk.",0.09701847748495049,16.717896151996207,0.10599978907268834,2.7723992681924328,0.3026422578025501
pg_01396,cl_037,protect,"High performance, low staleness/volatility risk.",0.09697863417011526,22.06452656779669,0.07548495276835941,1.007152559324913,0.429326220615622
pg_00476,cl_050,protect,"High performance, low staleness/volatility risk.",0.09692220304629706,20.540648364458704,0.061110413176942185,4.368285371492552,0.5820282186968513
pg_00151,cl_016,protect,"High performance, low staleness/volatility risk.",0.09690883684692837,21.727293784977455,0.09292263281913896,7.890322003103961,1.037181258983568
pg_01985,cl_047,protect,"High performance, low staleness/volatility risk.",0.09673835754311372,20.042324298803216,0.08848229981988555,5.05537066908664,0.5189273773804874
pg_01198,cl_048,protect,"High performance, low staleness/volatility risk.",0.09671674765816042,23.309466793666147,0.11794020770089197,4.801731932241374,1.1784218490653435
pg_02848,cl_016,protect,"High performance, low staleness/volatility risk.",0.096625546354971,17.813343707819083,0.098703373426301,3.895685496200379,0.542136612032972
pg_00988,cl_014,protect,"High performance, low staleness/volatility risk.",0.09650803381584246,20.602983435601033,0.09881211841431378,4.903940222319626,0.5964267447342544
pg_00345,cl_015,protect,"High performance, low staleness/volatility risk.",0.09649058728756799,19.20200506863254,0.043166139182871086,2.317613482520314,0.7400030394242294
pg_01594,cl_042,protect,"High performance, low staleness/volatility risk.",0.09642053858505881,15.927898626410418,0.10072525226842378,3.1053798873836027,1.0091659723062172
pg_03510,cl_058,protect,"High performance, low staleness/volatility risk.",0.09615279961623806,18.32784888076624,0.08874925115642557,4.277744409601023,0.44693540899160933
pg_01157,cl_051,protect,"High performance, low staleness/volatility risk.",0.0956406620673175,19.235057659278443,0.09090021550982695,2.264179295474667,0.5443560072287231
pg_00460,cl_043,monitor,Performing but unstable — position volatility flags it.,0.09550189475326533,17.364664278324312,0.04396173571166169,10.36435986714011,3.0079404591633936
pg_00112,cl_033,protect,"High performance, low staleness/volatility risk.",0.09541156191193018,20.666839069710864,0.1144294440041514,4.117343221535256,0.7650789212820397
pg_03333,cl_050,protect,"High performance, low staleness/volatility risk.",0.09468308157850086,22.700219908959703,0.08205977975408371,2.254006443504985,0.7608105573679712
pg_00121,cl_040,protect,"High performance, low staleness/volatility risk.",0.09390659290252817,18.546211607750227,0.08530141143503456,4.962149477100575,0.6026795619332096
pg_00915,cl_027,protect,"High performance, low staleness/volatility risk.",0.09349332688541462,19.631608711272793,0.10278235546066701,3.653452617438102,0.8846812482950277
pg_03092,cl_043,protect,"High performance, low staleness/volatility risk.",0.09338764034987601,17.312589953482032,0.02612900950433518,4.902466439634297,1.2164422133258728
pg_01185,cl_018,protect,"High performance, low staleness/volatility risk.",0.09300790337748743,17.21618947849312,0.08273049992077353,3.8520474340969577,0.8593226558006232
pg_00708,cl_028,protect,"High performance, low staleness/volatility risk.",0.09263602576377503,23.114153816797185,0.10282642776930712,5.749850702655938,0.5006924456666402
pg_00227,cl_034,protect,"High performance, low staleness/volatility risk.",0.09251667331168238,20.181848827845016,0.1314216519843323,4.044626116988293,0.5207986523196612
pg_00943,cl_028,protect,"High performance, low staleness/volatility risk.",0.09194713282189833,20.294156432277518,0.0899361143421787,2.8264637979739593,0.4454279267604302
pg_02514,cl_006,protect,"High performance, low staleness/volatility risk.",0.09184551269890942,23.255242662086275,0.08765996897056072,4.997237742930288,0.1867478811415667
pg_02089,cl_001,protect,"High performance, low staleness/volatility risk.",0.09184341360080284,17.527176211778517,0.12197141235622813,1.6007616991136495,0.8629744748198247
pg_01168,cl_059,protect,"High performance, low staleness/volatility risk.",0.09141757020458785,16.34795604145148,0.1185878528020264,2.664543526169055,0.5522397193118893
pg_03793,cl_039,protect,"High performance, low staleness/volatility risk.",0.09131717855129513,22.074457995699788,0.0830452967441453,4.706304594808358,0.05
pg_00348,cl_010,protect,"High performance, low staleness/volatility risk.",0.09117245878077652,16.020906248880816,0.08387979753806382,6.511538860280233,0.3841788540939074
pg_00159,cl_047,protect,"High performance, low staleness/volatility risk.",0.09093590338891946,19.51229385521833,0.13459590230389942,5.876664223468269,1.034680207425256
pg_00580,cl_005,protect,"High performance, low staleness/volatility risk.",0.09077349357005045,19.181813615867647,0.10091327445487958,3.8123079576328927,0.23598099767723962
pg_01920,cl_023,protect,"High performance, low staleness/volatility risk.",0.09075091203151177,19.100816157391066,0.04983997982743152,9.861890532247703,1.1680449886794233
pg_00902,cl_013,protect,"High performance, low staleness/volatility risk.",0.0905782678439246,21.5365674558564,0.0692341409930696,4.25300149930705,0.9402651090497542
pg_03217,cl_025,protect,"High performance, low staleness/volatility risk.",0.0903087590249487,23.08469737223347,0.11150808137864995,4.094975209322936,1.0485234071348926
pg_01517,cl_002,protect,"High performance, low staleness/volatility risk.",0.09020547166906157,21.858973598434034,0.076275060639611,3.148077779503371,0.43852753213842055
pg_02738,cl_029,protect,"High performance, low staleness/volatility risk.",0.08982425625592971,22.40083853582468,0.07238741670496154,3.5952983207910876,0.8930721792456898
pg_01531,cl_000,protect,"High performance, low staleness/volatility risk.",0.08975885067605728,18.055310087564155,0.06414259541978501,2.3391737492613984,0.5096246481236324
pg_00730,cl_043,protect,"High performance, low staleness/volatility risk.",0.08962920925039634,16.58303537090526,0.035805405144381,3.5145621387272645,0.7275309402190293
pg_02493,cl_036,protect,"High performance, low staleness/volatility risk.",0.08940569875990961,22.07559752545986,0.10684065902748416,4.140397886259043,1.0436897203095454
pg_02675,cl_035,protect,"High performance, low staleness/volatility risk.",0.08938800006994166,17.331469963354515,0.09543245841757794,3.657866436269196,0.5386442216797707
pg_00982,cl_032,protect,"High performance, low staleness/volatility risk.",0.08937388549693723,19.420178997082793,0.10471968209731182,1.263078044429213,0.06394570482426676
pg_03874,cl_037,protect,"High performance, low staleness/volatility risk.",0.08920316185634719,21.03675482155608,0.0830345894307337,5.600822912752243,0.897805450731159
pg_00059,cl_040,protect,"High performance, low staleness/volatility risk.",0.0887864107917836,24.984679046229996,0.08911829725784405,3.5131046561544776,0.3874465539543245
pg_03324,cl_026,protect,"High performance, low staleness/volatility risk.",0.08867221229625889,18.725030898738332,0.13308635480414555,3.5310917032301203,0.8297638987239389
pg_00415,cl_040,protect,"High performance, low staleness/volatility risk.",0.088512333457265,19.311831260392296,0.09951004666303764,3.212601227867981,1.0469166756631116
pg_01352,cl_029,protect,"High performance, low staleness/volatility risk.",0.0882320519252698,21.73666937788736,0.10793655147798564,2.9839572464407107,0.43093570273960013
pg_00820,cl_001,protect,"High performance, low staleness/volatility risk.",0.08787934476716157,15.19562606254609,0.045533892413893245,12.24954874453553,1.4979555233811617
pg_00922,cl_026,protect,"High performance, low staleness/volatility risk.",0.08784508895207066,20.99088946165252,0.11286151177011312,8.052951901410825,0.4602980111152015
pg_01679,cl_030,protect,"High performance, low staleness/volatility risk.",0.08781057278925701,20.5084020044811,0.10756303823847646,3.7050584524411607,0.944522324246202
pg_00505,cl_027,protect,"High performance, low staleness/volatility risk.",0.08744262918446319,15.60976542433665,0.12041907466782126,2.2688984106186867,0.1571469680064395
pg_02290,cl_023,protect,"High performance, low staleness/volatility risk.",0.08741775419323354,20.156560461068057,0.08568077796931282,4.986597583229006,0.5802907834078668
pg_01095,cl_004,protect,"High performance, low staleness/volatility risk.",0.0873758685172589,13.812726890996329,0.08897323994926408,5.751937474018538,0.05
pg_03182,cl_044,protect,"High performance, low staleness/volatility risk.",0.08722991558124138,24.554450859843072,0.08281288369381669,3.998311150905052,0.646889781580865
pg_02314,cl_013,protect,"High performance, low staleness/volatility risk.",0.08721302573455014,19.302753684307156,0.06054349803060629,3.7854605953256364,0.11470644874473246
pg_01685,cl_031,protect,"High performance, low staleness/volatility risk.",0.0870640714356978,20.55738301599405,0.10597862174118476,3.4931543699431153,0.6534922809475648
pg_00350,cl_031,protect,"High performance, low staleness/volatility risk.",0.0870386184175394,26.31357152253318,0.08159484204599529,4.832604580107017,0.7263537250992678
pg_03691,cl_037,protect,"High performance, low staleness/volatility risk.",0.08692996586248825,15.583080374648864,0.08441218344859582,3.121317674789047,0.8734668359843089
pg_03418,cl_005,protect,"High performance, low staleness/volatility risk.",0.08687487803847495,28.10177597426757,0.11491650588034509,3.900480083713687,0.5643813927950401
pg_02815,cl_005,protect,"High performance, low staleness/volatility risk.",0.08687071756442752,17.472141776199717,0.0868881381502857,4.072012207312174,1.3061364229386938
pg_03386,cl_046,protect,"High performance, low staleness/volatility risk.",0.08684441128881772,18.37235478524147,0.11837270624127907,5.421153454831112,0.23427993076347498
pg_02011,cl_023,protect,"High performance, low staleness/volatility risk.",0.08666258241640569,14.657649589164588,0.08003840345003368,6.857984796182248,0.6317580459513423
pg_01413,cl_047,protect,"High performance, low staleness/volatility risk.",0.08658689873014452,14.009063509075077,0.09116958846116599,2.672201576494076,0.772773500373953
pg_00051,cl_011,protect,"High performance, low staleness/volatility risk.",0.08628964255039673,21.439926785312352,0.10438550473840642,2.2704769271010545,0.31100037885913673
pg_00008,cl_012,protect,"High performance, low staleness/volatility risk.",0.08549352096630425,15.256744536579992,0.08566613491888159,4.864104255342086,1.1021923485813139
pg_00874,cl_041,protect,"High performance, low staleness/volatility risk.",0.08534372714960974,18.87354047994418,0.07988774594774348,3.4667999988288942,0.4293840422629934
pg_00570,cl_056,protect,"High performance, low staleness/volatility risk.",0.0851655343734673,19.770775909302113,0.10959858219394375,2.0693242651483374,0.5634766628667259
pg_02941,cl_056,protect,"High performance, low staleness/volatility risk.",0.08510490340932778,16.046108971158354,0.051733436158673034,5.206275749659011,0.3920976755799854
pg_02329,cl_008,monitor,Performing but unstable — position volatility flags it.,0.08476865753405699,18.53731733232111,0.027130313087030705,13.793117496874807,4.9302798130146135
pg_02417,cl_015,protect,"High performance, low staleness/volatility risk.",0.08453674513713924,19.812486200590783,0.09780438721168278,5.988771524632618,0.05
pg_02500,cl_041,protect,"High performance, low staleness/volatility risk.",0.08434468208318302,27.255715227151363,0.09930949474105884,4.421076557481197,1.0975834706634977
pg_02538,cl_031,protect,"High performance, low staleness/volatility risk.",0.08424997720055849,15.309308673347267,0.10796263706020685,3.69460898118366,0.6168828942045652
pg_03754,cl_002,protect,"High performance, low staleness/volatility risk.",0.08424213230157584,20.86159571074838,0.09560945477689209,4.586177935413777,0.843605922229582
pg_01070,cl_040,protect,"High performance, low staleness/volatility risk.",0.08342962330297599,16.950000671676904,0.08115969439061188,4.161643133014481,0.4211368749975235
pg_02659,cl_009,protect,"High performance, low staleness/volatility risk.",0.08325809497069592,17.27172170575481,0.06113591389827903,3.8550871698977676,1.0224991065892866
pg_03208,cl_025,protect,"High performance, low staleness/volatility risk.",0.08320902782001671,22.48433698837844,0.08237226015620516,1.2071753797935263,0.231798270658214
pg_01400,cl_051,protect,"High performance, low staleness/volatility risk.",0.08308015347680155,15.167881637417159,0.059018719602877745,1.3253264696596765,0.2651883854400724
pg_03355,cl_026,monitor,Performing but unstable — position volatility flags it.,0.0828790330007009,11.439617601892763,0.04934704917159276,14.371929884423952,4.222620942644506
pg_00457,cl_038,protect,"High performance, low staleness/volatility risk.",0.0827479904544784,17.46853929131216,0.0805977148846225,2.2926618253746214,0.822578975912679
pg_01350,cl_003,protect,"High performance, low staleness/volatility risk.",0.08272486954643918,17.257573430847522,0.11315350320561454,3.7993838765407997,0.848336084607944
pg_01954,cl_058,protect,"High performance, low staleness/volatility risk.",0.08267589400057569,16.00208037316072,0.08668972542060327,5.799606078464095,0.8218767409265413
pg_01368,cl_057,protect,"High performance, low staleness/volatility risk.",0.08259081164076289,12.852791313991364,0.05714030879627156,2.5303169920031956,0.9595954419399535
pg_01837,cl_018,protect,"High performance, low staleness/volatility risk.",0.08239433641814549,21.98485157059754,0.0809193756894995,5.291179704773848,0.6621340290344481
pg_01031,cl_010,protect,"High performance, low staleness/volatility risk.",0.08228927149186316,22.94848204915351,0.0960573302900307,5.086004962805275,1.0119264397818464
pg_01527,cl_008,protect,"High performance, low staleness/volatility risk.",0.08226928566743107,17.320370756807026,0.09672792531257747,4.637327793852224,0.9283358253916638
pg_03551,cl_031,protect,"High performance, low staleness/volatility risk.",0.08216568723504296,19.297612100073046,0.11256978073043569,1.8156805169960162,0.16054745626483624
pg_03218,cl_059,protect,"High performance, low staleness/volatility risk.",0.08213147264156626,16.470439387467266,0.07033358827602021,15.455276925540108,1.4283081747684452
pg_03986,cl_018,protect,"High performance, low staleness/volatility risk.",0.08164666200213554,16.8558032741012,0.10744724183226617,3.3959411568898057,1.040164621506872
pg_00311,cl_040,protect,"High performance, low staleness/volatility risk.",0.08160586508145524,19.184493689849223,0.09689634155779576,4.873528911050684,0.768384157920365
pg_01096,cl_050,protect,"High performance, low staleness/volatility risk.",0.08138493922706058,15.305383045818376,0.08841007248610291,1.9427482878337767,0.8015301649762394
pg_03004,cl_042,protect,"High performance, low staleness/volatility risk.",0.08137924884143916,18.41961152061046,0.09668445174279892,6.240983521535016,0.2655628284893627
pg_01008,cl_044,protect,"High performance, low staleness/volatility risk.",0.08126289157220166,21.079395337394395,0.12922903647527295,3.8106334308478287,0.5876108053978312
pg_02676,cl_057,protect,"High performance, low staleness/volatility risk.",0.08124578281360251,15.914097731614833,0.08495993449070938,4.332969593231506,0.4537167882549303
pg_01025,cl_003,protect,"High performance, low staleness/volatility risk.",0.08106610685109267,21.53663983614821,0.11149856689172712,3.8690587826807543,0.5277875862561823
pg_00034,cl_053,protect,"High performance, low staleness/volatility risk.",0.08105835480916214,17.031664767410383,0.06234476787814347,4.337675090557604,0.5839971113259816
pg_02737,cl_011,protect,"High performance, low staleness/volatility risk.",0.08105592634192858,13.13869624970481,0.04293746598609815,3.851808107965631,0.7411211904583688
pg_01426,cl_040,protect,"High performance, low staleness/volatility risk.",0.08103833953265795,16.88635704079765,0.09218196088903974,4.3175481392047175,0.8276388694494479
pg_03251,cl_044,protect,"High performance, low staleness/volatility risk.",0.08081677763220947,18.544194053297083,0.07288220155215461,3.662598434245331,0.3922723345740093
pg_02018,cl_043,protect,"High performance, low staleness/volatility risk.",0.08074207446063046,13.717898634969751,0.12103941290153969,5.338462731594317,1.0165638904971315
pg_03957,cl_044,protect,"High performance, low staleness/volatility risk.",0.0806542900043537,18.56818218463962,0.07349968060040421,1.723084468996773,0.7059589255203707
pg_00361,cl_053,protect,"High performance, low staleness/volatility risk.",0.08061264408729418,18.23939642086018,0.05370476502649606,2.9043006116365726,0.5160216521391436
pg_02838,cl_012,protect,"High performance, low staleness/volatility risk.",0.0803358485060058,16.396700822764213,0.0754315440484602,2.8347218363494724,0.6917711943845004
pg_00129,cl_038,protect,"High performance, low staleness/volatility risk.",0.08016318495968555,18.23474083492338,0.08884890675068162,3.414453513100503,0.33157380378957013
pg_00889,cl_016,protect,"High performance, low staleness/volatility risk.",0.08012597781497754,22.103091519665778,0.09924704921342117,2.7597984434034917,0.502251834767008
pg_00101,cl_011,protect,"High performance, low staleness/volatility risk.",0.08010456902857127,19.2880321783391,0.1126277352391662,3.8811939385179826,0.5392053020099374
pg_02235,cl_047,protect,"High performance, low staleness/volatility risk.",0.07944553733538935,23.060798912806177,0.09967198630521042,3.3997101824541223,0.5810069241466622
pg_01452,cl_003,protect,"High performance, low staleness/volatility risk.",0.07938894264618292,12.654586008493906,0.10629257027232634,6.7160674943775645,1.0222495121844983
pg_03719,cl_015,protect,"High performance, low staleness/volatility risk.",0.07917186662156259,18.81037367055462,0.11218471600081556,3.693966918846377,0.6852314426690127
pg_03209,cl_014,protect,"High performance, low staleness/volatility risk.",0.07909657586349574,19.059208848619836,0.10402263399210208,4.613820113830241,0.9437848504180508
pg_02125,cl_015,protect,"High performance, low staleness/volatility risk.",0.07902931325603302,19.702679672315828,0.07885022557912909,3.3188107542432497,0.17624987981541035
pg_03971,cl_055,protect,"High performance, low staleness/volatility risk.",0.07878552571184477,18.43749567474875,0.06571054941787945,4.196082149238943,0.7954689797158436
pg_02935,cl_013,protect,"High performance, low staleness/volatility risk.",0.0787647957321016,19.205470711980354,0.11031800405560828,4.304647479382871,0.1066001901032928
pg_01601,cl_044,protect,"High performance, low staleness/volatility risk.",0.07866338552609253,12.112582500806115,0.07190399832522548,5.521259893372448,0.6297028868107029
pg_01787,cl_005,protect,"High performance, low staleness/volatility risk.",0.07816686202024259,16.983622643602086,0.09601020953650244,2.005726505272772,0.7423752758818563
pg_01605,cl_053,protect,"High performance, low staleness/volatility risk.",0.07773447673945316,15.569912516625,0.1246101367470571,1.0,0.713137032381066
pg_01885,cl_010,protect,"High performance, low staleness/volatility risk.",0.07742761598386443,19.263551741192916,0.08555383669879853,3.6123993167978146,0.20522946491279714
pg_01259,cl_048,protect,"High performance, low staleness/volatility risk.",0.07740325429723188,15.12552723110285,0.07451734116301231,3.6944233290955637,0.8664152807439809
pg_00098,cl_038,protect,"High performance, low staleness/volatility risk.",0.07720188624381606,17.194399586199314,0.10853120138434116,2.2595692810602204,0.6037036372278419
pg_02217,cl_059,protect,"High performance, low staleness/volatility risk.",0.07678857679233132,18.731524734524122,0.09761381937033323,7.607664200985959,1.0958034648655297
pg_02464,cl_027,protect,"High performance, low staleness/volatility risk.",0.07650150139258538,18.13091934674761,0.10852297846892134,4.689660700666783,0.7566671825725129
pg_01777,cl_009,protect,"High performance, low staleness/volatility risk.",0.07607674482402257,13.966046048261802,0.06645466879171445,3.9447041455344607,0.05
pg_00881,cl_051,protect,"High performance, low staleness/volatility risk.",0.07575775653127775,17.638934780115484,0.07612474948904223,4.578338208322708,0.5798976190595749
pg_01438,cl_019,protect,"High performance, low staleness/volatility risk.",0.07555098567370655,19.266378177950656,0.09211043868005768,5.6393313367613604,0.6886400524072218
pg_00441,cl_018,protect,"High performance, low staleness/volatility risk.",0.07505877567080624,18.085133646132903,0.0562606752278292,3.7160195161481533,0.5090831443902935
pg_02672,cl_051,protect,"High performance, low staleness/volatility risk.",0.07494093158690156,15.16863499288711,0.09800247664650483,4.585789748450523,1.1571313257189733
pg_00547,cl_035,protect,"High performance, low staleness/volatility risk.",0.07432549725527708,18.743182273701002,0.10764395279886355,4.322656351632196,0.7666184722326943
pg_00890,cl_005,protect,"High performance, low staleness/volatility risk.",0.07430349542092167,12.730775664581842,0.10497918996397124,2.247517127712098,1.2054331670267344
pg_01254,cl_038,protect,"High performance, low staleness/volatility risk.",0.07393319795737845,19.317610078502852,0.06645565773453155,3.2930584314544005,1.0668312715156594
pg_03226,cl_034,protect,"High performance, low staleness/volatility risk.",0.07386122978881592,13.81697424983779,0.06986344048019391,4.221772832427911,0.21139569874032527
pg_02846,cl_051,protect,"High performance, low staleness/volatility risk.",0.07359944847824812,13.425631280057585,0.09297276768925346,5.266893579452638,0.5216454314516933
pg_02641,cl_029,protect,"High performance, low staleness/volatility risk.",0.07336167253356934,16.049630489518616,0.07990190874096417,4.069891250659052,0.9294382402210304
pg_02552,cl_013,protect,"High performance, low staleness/volatility risk.",0.07304315871237453,15.974853129897134,0.11284996565852198,5.848029555364059,0.9982766414848987
pg_03634,cl_057,protect,"High performance, low staleness/volatility risk.",0.07301513852748433,18.000386190591676,0.08800380733612759,3.9428410632267825,1.0701684191063712
pg_01940,cl_009,protect,"High performance, low staleness/volatility risk.",0.07259855423777702,16.95706127522717,0.10806576970894559,5.275322578174721,0.5899679661391367
pg_02663,cl_029,protect,"High performance, low staleness/volatility risk.",0.072594202283606,15.198847098626903,0.06680487569577809,4.397134166603366,0.44114657027339044
pg_00359,cl_044,protect,"High performance, low staleness/volatility risk.",0.07235807364427085,15.489383927081116,0.09142529431157129,4.24582115361406,0.42035209636296467
pg_00258,cl_010,protect,"High performance, low staleness/volatility risk.",0.07228926862881385,14.076417931621211,0.07299600732788272,4.138398400214766,0.23891993553136415
pg_02837,cl_053,protect,"High performance, low staleness/volatility risk.",0.07217624846607769,14.592956490631574,0.0879375454870519,3.700089793017604,0.795319836821181
pg_03978,cl_032,protect,"High performance, low staleness/volatility risk.",0.07198308125544389,15.050549312106622,0.08209012077697213,3.091475402219201,0.7318505605603105
pg_03278,cl_059,protect,"High performance, low staleness/volatility risk.",0.0719565981073954,12.79707099981912,0.07432393213493244,4.360360212993433,0.5867062693733746
pg_03610,cl_033,protect,"High performance, low staleness/volatility risk.",0.07122916415922952,16.075984532729684,0.08497279075569539,2.854096025939692,0.05649493907657788
pg_00265,cl_034,protect,"High performance, low staleness/volatility risk.",0.07097951367416967,12.99787190377501,0.11091661183521395,3.954722714281221,0.3061817499291693
pg_00814,cl_046,protect,"High performance, low staleness/volatility risk.",0.07095776105683019,14.29859048262845,0.07356907121013129,4.596631714113026,0.05
pg_00722,cl_050,protect,"High performance, low staleness/volatility risk.",0.07081973386097197,14.40322862448999,0.03996487917719563,14.91146989645193,0.8506779020634591
pg_02227,cl_055,protect,"High performance, low staleness/volatility risk.",0.07055736477564949,15.061693653342358,0.0795417532994278,3.164697212129343,0.2790609600579905
pg_02558,cl_001,protect,"High performance, low staleness/volatility risk.",0.07040936437767141,14.962720020143024,0.04925126988619094,3.4170011691289286,1.0066438198840653
pg_03708,cl_029,protect,"High performance, low staleness/volatility risk.",0.07022526225749536,13.824020582896923,0.09815103720356609,2.5585517590690796,0.6577978950732731
pg_01424,cl_015,protect,"High performance, low staleness/volatility risk.",0.07011082988436051,15.184485787202092,0.07779749917983869,5.915132222369499,0.8559528474852043
pg_01811,cl_039,protect,"High performance, low staleness/volatility risk.",0.0695252800144217,16.856535354452696,0.07180874247504564,1.272880924597792,0.8061032874337145
pg_03911,cl_058,protect,"High performance, low staleness/volatility risk.",0.06946397622530005,12.516128164352239,0.09922736631834042,7.585203864823827,0.8855555404143823
pg_03506,cl_050,protect,"High performance, low staleness/volatility risk.",0.06923756820940731,14.726174510895666,0.07423800707994871,6.232175404854004,0.39066196365970196
pg_01307,cl_014,protect,"High performance, low staleness/volatility risk.",0.06917624205636126,10.894400861655981,0.08253711454107515,3.9025285285142814,0.12790857122938837
pg_01393,cl_044,protect,"High performance, low staleness/volatility risk.",0.06891611469022976,14.560192702290495,0.11498459067440238,4.761419147549578,0.5617474622855528
pg_02971,cl_003,protect,"High performance, low staleness/volatility risk.",0.06841754840014101,16.131686582934016,0.0842714744276452,3.5133784368594276,0.46372297310557214
pg_03304,cl_007,protect,"High performance, low staleness/volatility risk.",0.06818816210052019,14.935882471222495,0.06983529015027898,3.554388230124935,0.22072974360070818
pg_01184,cl_025,protect,"High performance, low staleness/volatility risk.",0.06774986357362349,19.43041174255908,0.10203442745211269,5.637835793341993,0.26036297132114344
pg_01320,cl_006,protect,"High performance, low staleness/volatility risk.",0.06767867865001836,19.293625083932778,0.1239154386125488,3.203719588784136,0.3727169151335152
pg_01007,cl_030,protect,"High performance, low staleness/volatility risk.",0.06764180643794439,15.131936559814404,0.09566284519009419,3.062493930700792,0.6230893149755866
pg_01793,cl_016,protect,"High performance, low staleness/volatility risk.",0.0675805865664564,17.744635388085445,0.13791814791370666,1.4128862606001644,0.3546149774184575
pg_02550,cl_039,protect,"High performance, low staleness/volatility risk.",0.06746966427723379,17.59756729557322,0.09280530494565016,2.9590132732684395,0.6238178893990995
pg_03760,cl_010,protect,"High performance, low staleness/volatility risk.",0.06713485882652516,15.370787456223956,0.08558549488447302,5.715842755858952,0.46769630539697127
pg_01980,cl_039,protect,"High performance, low staleness/volatility risk.",0.06699393371029694,12.335052877804166,0.07572137082668816,3.541334532144882,0.5014057152331486
pg_01805,cl_002,protect,"High performance, low staleness/volatility risk.",0.06695539131836108,17.570428529606737,0.12810298544097634,1.7291151748865978,0.10867499004553866
pg_03961,cl_051,protect,"High performance, low staleness/volatility risk.",0.06692332349059193,12.783475944379447,0.10505433557544272,5.319003696157841,0.5061480749144446
pg_00587,cl_005,protect,"High performance, low staleness/volatility risk.",0.06690943766928537,15.005302075330997,0.08696646753813425,4.887701528396512,0.29851576823991205
pg_01655,cl_013,protect,"High performance, low staleness/volatility risk.",0.06668683819033087,22.80058336130358,0.09625882672979923,2.1968338617452483,0.5327956429435163
pg_00822,cl_008,protect,"High performance, low staleness/volatility risk.",0.0666015859677679,15.958075111558987,0.08639730739764868,2.376022413815864,0.7268064873926555
pg_03423,cl_022,protect,"High performance, low staleness/volatility risk.",0.06637351200063708,14.660204283953215,0.0898340646476043,4.088222224313356,0.05
pg_02375,cl_059,protect,"High performance, low staleness/volatility risk.",0.06635329180779752,13.65918399863629,0.11339628902838185,2.834250116241545,0.7897253166392711
pg_03960,cl_056,protect,"High performance, low staleness/volatility risk.",0.06588503108369503,16.364026634449818,0.07900481268485039,2.8234202712473144,0.785346843076778
pg_03186,cl_045,protect,"High performance, low staleness/volatility risk.",0.06561761637403206,16.923736247369995,0.09196390673605609,2.8178552000816466,0.3941842687332142
pg_02638,cl_009,protect,"High performance, low staleness/volatility risk.",0.06543709598529637,14.98351317601254,0.10398529011917046,3.241301866328591,0.5126076340359971
pg_00724,cl_047,protect,"High performance, low staleness/volatility risk.",0.06501752872037611,11.540483698334558,0.07619790183895733,6.127105831187146,0.6136673463340786
pg_01974,cl_033,protect,"High performance, low staleness/volatility risk.",0.0649715634597619,14.651367459145142,0.10219559267945356,4.390835308756792,0.8033422251981543
pg_00839,cl_054,protect,"High performance, low staleness/volatility risk.",0.0649432769465714,16.49827698535694,0.07992597805772371,3.3859496054862457,0.5899461628019058
pg_03237,cl_059,protect,"High performance, low staleness/volatility risk.",0.0648827570391822,13.912003380746253,0.09542724569744271,3.6058202503573566,0.8569729956098922
pg_01976,cl_055,protect,"High performance, low staleness/volatility risk.",0.0646223545531082,19.937052337068636,0.11314562614987127,5.532531680403235,0.5661683839361137
pg_00516,cl_052,protect,"High performance, low staleness/volatility risk.",0.06446696308443045,15.146731671691033,0.0743909175098267,1.0685929198681219,1.1208075437580531
pg_00378,cl_022,protect,"High performance, low staleness/volatility risk.",0.06415651238977273,12.950126064008737,0.07548271915013549,2.403194462866003,0.05
pg_01153,cl_054,protect,"High performance, low staleness/volatility risk.",0.06406122107424679,10.37110824574771,0.08346292006802034,2.015594585645229,1.0983641530716928
pg_00316,cl_043,protect,"High performance, low staleness/volatility risk.",0.06390542441988759,11.084675662445722,0.07397041198513951,2.8437330603132898,0.43854893503547854
pg_00193,cl_021,protect,"High performance, low staleness/volatility risk.",0.06388986757420206,15.776405765271697,0.08637553122416183,3.517527477037053,0.6596312032466155
pg_00880,cl_005,protect,"High performance, low staleness/volatility risk.",0.06369719740254436,17.733577439977026,0.09217397800030137,5.3460859379874694,0.815592670593205
pg_02073,cl_020,protect,"High performance, low staleness/volatility risk.",0.0636656192193843,12.573758274686522,0.129157985159117,3.6742360080038474,0.5677491464007396
pg_03885,cl_024,protect,"High performance, low staleness/volatility risk.",0.06366247455635808,14.556276404481828,0.08712297132945772,3.0632492133862366,0.36200678605522985
pg_03469,cl_051,protect,"High performance, low staleness/volatility risk.",0.0634710430282796,12.97795791100897,0.08684268777553175,6.145584582081467,0.5744492436727429
pg_02198,cl_034,protect,"High performance, low staleness/volatility risk.",0.06346811109908428,13.009284120225349,0.08762475550265181,6.766456259807194,0.5221834456593778
pg_03658,cl_020,protect,"High performance, low staleness/volatility risk.",0.06344812993630064,17.80431901575843,0.10440875966169627,4.216766637123252,0.7034023261084121
pg_01208,cl_017,protect,"High performance, low staleness/volatility risk.",0.06337228181088542,14.72422686396681,0.1098753421011256,4.796628937208013,0.6349310791750599
pg_01759,cl_034,protect,"High performance, low staleness/volatility risk.",0.06332112801109438,13.104119373859024,0.0862909102985539,3.523654847910792,0.46756563689513664
pg_00869,cl_002,protect,"High performance, low staleness/volatility risk.",0.06328435283870845,10.903641710843065,0.09609252838958483,2.3240382060848996,0.6492696417937395
pg_00764,cl_021,protect,"High performance, low staleness/volatility risk.",0.06311698408710914,12.845731405575279,0.06810589034227502,4.847337110326964,0.7839287072325247
pg_03201,cl_054,protect,"High performance, low staleness/volatility risk.",0.06277375962691427,12.80601390286176,0.09792149955538897,4.463063173076537,0.2837581832728261
pg_02007,cl_009,protect,"High performance, low staleness/volatility risk.",0.06269192188403058,11.987778062736863,0.10976723350507045,4.941948121590064,0.39434796231539115
pg_02247,cl_010,protect,"High performance, low staleness/volatility risk.",0.0625535235594618,14.854100895718855,0.1060973269708214,4.340829905648164,0.8112849061198509
pg_03524,cl_017,protect,"High performance, low staleness/volatility risk.",0.06254858431370704,10.484671019025718,0.07155519833096179,9.823140431332702,2.2922279470628766
pg_03571,cl_050,protect,"High performance, low staleness/volatility risk.",0.062482145455832284,10.09063252362128,0.07482417113888719,2.050604421732669,1.188328736537703
pg_00559,cl_051,protect,"High performance, low staleness/volatility risk.",0.06243563183000181,14.839221654731519,0.12556032153614574,5.870750376053851,0.5523501850595237
pg_01697,cl_008,protect,"High performance, low staleness/volatility risk.",0.06238705106453499,14.493240424337426,0.06721071553702375,3.5672429597391093,0.7738014811262663
pg_02487,cl_003,protect,"High performance, low staleness/volatility risk.",0.06211562431398535,11.834722148593738,0.09839028576893408,6.7733842558621475,0.17065626152445412
pg_03835,cl_043,protect,"High performance, low staleness/volatility risk.",0.06209834271783435,15.535652822568983,0.08307006772548695,4.729555657937296,0.7801098712835973
pg_03601,cl_036,protect,"High performance, low staleness/volatility risk.",0.06208342493841576,14.96340810497669,0.08105619129185972,7.257074590202846,1.1473028355300183
pg_00950,cl_005,protect,"High performance, low staleness/volatility risk.",0.061890913534823414,12.253253357540624,0.07954978082383878,3.1793350552785222,0.6813498890510329
pg_00753,cl_056,protect,"High performance, low staleness/volatility risk.",0.06173055364299085,13.787851952763804,0.06933353674122988,4.392619142075796,0.1951209627040817
pg_03419,cl_017,rewrite,Under-performing and aging — needs a content refresh.,0.0617203809281371,1.0,0.021340132566976172,10.556547828789471,1.8003087331549459
pg_00697,cl_035,protect,"High performance, low staleness/volatility risk.",0.06166855842479572,13.998804830634135,0.11939507875970032,4.045104406170372,0.22929792575551194
pg_00593,cl_058,protect,"High performance, low staleness/volatility risk.",0.06157263160524608,13.364225979776826,0.08407708815618212,3.360602690983324,0.6695812525885764
pg_02280,cl_045,protect,"High performance, low staleness/volatility risk.",0.06141276388241962,15.556654035094672,0.1124963605261168,3.5059764111450775,0.4146431662614264
pg_03370,cl_059,protect,"High performance, low staleness/volatility risk.",0.06137923107832042,12.12197708051646,0.09076816168737037,4.4938953766147876,0.1740686859677258
pg_03574,cl_057,rewrite,Under-performing and aging — needs a content refresh.,0.06114313999754099,1.0,0.027637099919363858,8.642748487196423,1.134694459384367
pg_00658,cl_004,protect,"High performance, low staleness/volatility risk.",0.06107431674383708,10.86968674985545,0.08511333217452659,5.4769622324998934,1.2026080920869462
pg_01462,cl_002,protect,"High performance, low staleness/volatility risk.",0.060937194316162985,14.144101933891946,0.060847052860305444,7.4888675750729705,0.621358685621849
pg_01630,cl_034,protect,"High performance, low staleness/volatility risk.",0.06089374537987811,16.677291677159772,0.07944203345348304,3.3504006911095345,0.7799701301948699
pg_02513,cl_045,protect,"High performance, low staleness/volatility risk.",0.06073738372850747,12.558798815167112,0.04666208659973748,5.078210208621794,0.6733396699155237
pg_00398,cl_016,protect,"High performance, low staleness/volatility risk.",0.06071953810806651,11.733074114130499,0.09676961227378064,6.204356043642266,0.42749409106367575
pg_02577,cl_027,protect,"High performance, low staleness/volatility risk.",0.06064983193315095,13.75020838701975,0.10782757544449617,4.330244461343413,0.3348899475429583
pg_01764,cl_034,protect,"High performance, low staleness/volatility risk.",0.06016198887288191,13.290287109670645,0.07341712727667667,3.0147351667936046,0.05
pg_01231,cl_044,protect,"High performance, low staleness/volatility risk.",0.060098178949998894,10.99713369818486,0.1268103182448516,3.5075139272307,0.6269815187462976
pg_03701,cl_013,protect,"High performance, low staleness/volatility risk.",0.05994873466911882,10.844926221598142,0.10329617252593618,3.699266249366838,0.3260462538644314
pg_00156,cl_007,protect,"High performance, low staleness/volatility risk.",0.05889093277465623,14.316522116380368,0.08943373328695466,2.8480668493897734,0.3692609346768436
pg_02535,cl_058,protect,"High performance, low staleness/volatility risk.",0.0588801996157335,11.517587987462743,0.08856351793173121,4.425302657053946,0.20914832607373313
pg_02858,cl_043,protect,"High performance, low staleness/volatility risk.",0.05881886354595122,12.381630355076911,0.07084071554952656,4.41718182959407,0.7316943586401077
pg_00420,cl_055,protect,"High performance, low staleness/volatility risk.",0.05875477089286984,10.974103972453928,0.07825951217865901,1.9100762419669044,1.0777504901016888
pg_03902,cl_030,protect,"High performance, low staleness/volatility risk.",0.058427414839554104,13.108055801577429,0.06039730940549214,6.108094251935733,0.7986990171550559
pg_02772,cl_012,protect,"High performance, low staleness/volatility risk.",0.058151978070868394,12.284077102022154,0.12083160248283292,4.700914402757721,0.21334499103626064
pg_00048,cl_040,protect,"High performance, low staleness/volatility risk.",0.057803623711510356,14.036181864415129,0.10289028177364391,3.194696300693801,0.284421653406053
pg_01343,cl_034,protect,"High performance, low staleness/volatility risk.",0.05768990338535338,11.358356296655927,0.08394619536099276,3.1733772882685285,0.30123242223765084
pg_02196,cl_017,protect,"High performance, low staleness/volatility risk.",0.0576855917608424,12.43266073579145,0.08138749299630414,5.146450182297277,0.6733378797803896
pg_00886,cl_003,protect,"High performance, low staleness/volatility risk.",0.05751137636112113,12.710150210469505,0.058629843239248094,6.277403369148176,0.1410589528515006
pg_03083,cl_014,protect,"High performance, low staleness/volatility risk.",0.057440929559383395,11.47941770468163,0.10001638444197833,5.0801148491192984,0.3679602621542128
pg_00010,cl_031,protect,"High performance, low staleness/volatility risk.",0.0571885717374696,13.378654933560822,0.09270851970491059,6.577149994359734,0.5280858664407595
pg_03143,cl_034,monitor,Performing but unstable — position volatility flags it.,0.05716006670658307,12.323742331230576,0.05764025081409176,8.84107468627844,5.200061170628966
pg_01315,cl_017,protect,"High performance, low staleness/volatility risk.",0.057038082234229154,11.925717090834343,0.07553159456661486,4.079808148673346,0.7176840988737302
pg_00375,cl_005,protect,"High performance, low staleness/volatility risk.",0.056403300833542884,10.374211527129155,0.11470957194928293,3.9386257573399117,0.6237299461637464
pg_01262,cl_026,protect,"High performance, low staleness/volatility risk.",0.05634656745330229,11.263875579865264,0.09743184832290605,6.618017528203701,0.7703667462334838
pg_02034,cl_059,protect,"High performance, low staleness/volatility risk.",0.05629631005697882,13.874335536563184,0.09196301709111762,3.7275233070646436,0.9210731181111367
pg_02351,cl_045,protect,"High performance, low staleness/volatility risk.",0.05597581634440977,14.910421036029147,0.09836873855818262,6.116679542745447,0.47407064114308917
pg_02968,cl_043,protect,"High performance, low staleness/volatility risk.",0.05588555109102257,18.404353217035865,0.08849188343992165,4.730395661640009,0.6425483755369217
pg_00918,cl_015,protect,"High performance, low staleness/volatility risk.",0.05566753359748505,13.248830473284993,0.12219267404618187,3.8243850083778472,0.7930756138299382
pg_01800,cl_003,protect,"High performance, low staleness/volatility risk.",0.05541098346567287,12.938009778423941,0.08032672875724206,2.807861782445528,0.5275807618599955
pg_00727,cl_005,protect,"High performance, low staleness/volatility risk.",0.0553387007244067,10.574097620106338,0.1091909212528957,3.6954142493970066,0.1510478316618301
pg_02567,cl_037,protect,"High performance, low staleness/volatility risk.",0.05531552922685014,13.566759011511682,0.08103821150382591,1.9161425584718494,0.16371770254341855
pg_00749,cl_009,protect,"High performance, low staleness/volatility risk.",0.05496208021164887,10.68840755194472,0.06636489755590756,6.291956768084523,0.738316793443542
pg_00030,cl_027,protect,"High performance, low staleness/volatility risk.",0.05488460345912889,12.934007394325034,0.10408823337112197,1.0,0.7704933926897637
pg_00911,cl_011,protect,"High performance, low staleness/volatility risk.",0.054860377765144734,12.14969087449414,0.08640665023438708,3.9510594662366376,0.931961795577734
pg_02418,cl_017,protect,"High performance, low staleness/volatility risk.",0.05485626912410712,12.655022562877923,0.09678379738255287,3.960574063686833,0.31824809037116636
pg_01939,cl_012,protect,"High performance, low staleness/volatility risk.",0.05479690971823077,10.379735068615114,0.11409486166798892,3.087641876470534,0.7357236354143964
pg_03299,cl_048,protect,"High performance, low staleness/volatility risk.",0.05435406573686829,10.446676548951185,0.07677844936361143,1.467409365772625,0.05
pg_01928,cl_010,protect,"High performance, low staleness/volatility risk.",0.05434193319560389,10.32974104920239,0.08783246312091704,3.1665678105846418,0.7053431931137427
pg_02564,cl_026,protect,"High performance, low staleness/volatility risk.",0.05417531334104088,13.045627199557622,0.058883026263555974,1.293084849944231,0.9739507252345492
pg_03464,cl_021,protect,"High performance, low staleness/volatility risk.",0.05387158765788891,12.504819494706005,0.08189880610620355,5.912488715753985,0.24981637945362684
pg_00740,cl_049,protect,"High performance, low staleness/volatility risk.",0.05357179235639158,12.229306929614598,0.08799152584364305,5.142199622783486,0.2592611739330306
pg_03676,cl_021,protect,"High performance, low staleness/volatility risk.",0.053550400638381825,14.531824131397144,0.06188707796152719,1.4978572754922563,0.3898714856128357
pg_00924,cl_014,protect,"High performance, low staleness/volatility risk.",0.05352436491657547,10.849618912164543,0.03756692156191641,4.184849845227318,0.545291712209163
pg_02722,cl_006,rewrite,Under-performing and aging — needs a content refresh.,0.0533248297726401,1.0,0.03384334913498569,8.704766749823134,1.431304384152593
pg_00275,cl_028,protect,"High performance, low staleness/volatility risk.",0.05316168048448107,12.795254174136815,0.09911160874673153,6.1866800420671035,0.690088031232354
pg_03861,cl_038,protect,"High performance, low staleness/volatility risk.",0.053097141920066177,11.641330651545701,0.0854514269940541,5.217949143627822,0.7191764040101234
pg_00339,cl_057,protect,"High performance, low staleness/volatility risk.",0.053073009425531614,14.149050295750843,0.07249398379675367,4.976109141485842,0.5803360374651113
pg_01924,cl_021,protect,"High performance, low staleness/volatility risk.",0.053043748035372096,10.750286402559617,0.03644461229588546,7.279998447098498,1.3025400397720674
pg_03311,cl_024,rewrite,Under-performing and aging — needs a content refresh.,0.0528697018968594,1.0,0.0503223270640049,9.093887624643436,1.4156807928718496
pg_02252,cl_014,protect,"High performance, low staleness/volatility risk.",0.052771811048785755,12.27156709293294,0.052435645975328314,4.630253654978445,0.7078344482138572
pg_01305,cl_040,protect,"High performance, low staleness/volatility risk.",0.05257979187172473,10.762765326350753,0.06540409352067227,4.420349172209795,1.029484395682377
pg_03570,cl_047,protect,"High performance, low staleness/volatility risk.",0.052485239172020484,12.07053918152869,0.06914127321404132,2.862001405991872,0.527711301486264
pg_03220,cl_041,protect,"High performance, low staleness/volatility risk.",0.05236556814149536,14.509879837355767,0.10111866951211407,4.629825770745133,1.1959809215073713
pg_01453,cl_014,protect,"High performance, low staleness/volatility risk.",0.05231241839403096,13.633461158908563,0.08900971576535194,4.0700788671763055,0.6440998225387756
pg_03372,cl_018,protect,"High performance, low staleness/volatility risk.",0.05219268271933855,11.04490909947371,0.070723621354648,6.315473976075442,0.8618736282897588
pg_02070,cl_011,rewrite,Under-performing and aging — needs a content refresh.,0.052149115372883165,1.0,0.03763343854353536,9.37655886164286,1.0302019221094199
pg_03696,cl_018,protect,"High performance, low staleness/volatility risk.",0.05198110832250861,11.491280206346731,0.0809034008759135,3.757848012247027,0.8312381829425437
pg_00209,cl_046,protect,"High performance, low staleness/volatility risk.",0.05187199363784224,11.748405969962457,0.10899359805632718,2.822038611046401,1.1205068999321628
pg_03887,cl_010,protect,"High performance, low staleness/volatility risk.",0.051834888885444276,13.700149342374642,0.10848967137739539,4.309960111320225,0.528863393407609
pg_02996,cl_018,protect,"High performance, low staleness/volatility risk.",0.05174266005193754,10.85502509836974,0.08658706045159167,2.7447013640730358,0.7899619199658366
pg_03756,cl_038,protect,"High performance, low staleness/volatility risk.",0.051543995963134505,9.458055659800026,0.08996401745906848,1.3469607921686486,0.7750794142593639
pg_02456,cl_050,protect,"High performance, low staleness/volatility risk.",0.05125304114150278,12.578642318206224,0.11505717138315827,1.0,0.9509650843726347
pg_01544,cl_013,protect,"High performance, low staleness/volatility risk.",0.05063303893672292,9.161835525801102,0.04384852755221787,7.309493162565454,1.4860600757906517
pg_00804,cl_044,protect,"High performance, low staleness/volatility risk.",0.050616729319598514,10.074314980382423,0.07634317451068956,2.8934827333232547,0.518698564533482
pg_01235,cl_020,protect,"High performance, low staleness/volatility risk.",0.050438236239287,9.821540988574645,0.07873545846109208,3.289295233888459,0.22066639671322064
pg_03714,cl_043,protect,"High performance, low staleness/volatility risk.",0.050382122928974184,14.500757461507897,0.09552398572384817,4.636966593161021,1.0957794272371328
pg_03562,cl_025,protect,"High performance, low staleness/volatility risk.",0.05022996640931352,14.912793247869677,0.09691798292548338,6.660416344981415,0.2616088006311971
pg_03498,cl_007,protect,"High performance, low staleness/volatility risk.",0.0501913528892917,8.548642788764305,0.08804209467324116,2.6193905375950415,0.5312713603602104
pg_03722,cl_045,protect,"High performance, low staleness/volatility risk.",0.05014694039926824,8.641672730036886,0.07830799024682394,4.067302587742179,1.1064794503322013
pg_03435,cl_036,protect,"High performance, low staleness/volatility risk.",0.049756165789923625,11.273471465394783,0.06385280827689503,3.4230585753594465,0.8122587923990181
pg_02365,cl_005,protect,"High performance, low staleness/volatility risk.",0.049750367279761655,11.376309654364212,0.1147312822681045,3.9296699510516517,1.0071588192755936
pg_03877,cl_014,protect,"High performance, low staleness/volatility risk.",0.04962086533994453,11.832926120751509,0.08905441620798485,3.864342416702927,0.9379614845347477
pg_02291,cl_019,protect,"High performance, low staleness/volatility risk.",0.04943528532988288,9.0449068088513,0.06828043233376918,3.4122769261999832,0.6613714949100982
pg_00781,cl_038,protect,"High performance, low staleness/volatility risk.",0.049265927930599286,8.447688810616572,0.04515862559728658,2.504843872292267,0.27088048833943285
pg_00972,cl_028,protect,"High performance, low staleness/volatility risk.",0.04910257898860245,12.390653766046809,0.12038167353465763,5.084859373288419,0.7934174262192626
pg_02876,cl_039,protect,"High performance, low staleness/volatility risk.",0.049031066026346735,8.850329864822825,0.026998596259644746,10.708094266205544,0.562584652932016
pg_02337,cl_049,protect,"High performance, low staleness/volatility risk.",0.04859650154218939,15.670043418004811,0.08567903423116044,3.064116563825638,0.5896182001408199
pg_03647,cl_036,protect,"High performance, low staleness/volatility risk.",0.048535321952464426,10.726452284326616,0.05312648011207795,2.455540835277618,0.6951532399115707
pg_03168,cl_049,protect,"High performance, low staleness/volatility risk.",0.04853177058677265,10.236125775695275,0.0878058953660895,6.19858440853975,0.22154484731732338
pg_03929,cl_044,protect,"High performance, low staleness/volatility risk.",0.04822320083269083,9.095633627598875,0.10791631294990588,1.0,0.8204451200186127
pg_01744,cl_012,protect,"High performance, low staleness/volatility risk.",0.04788698150799129,9.327198260889883,0.08552923516891044,2.2365924875339838,0.7471978786241974
pg_00241,cl_035,rewrite,Under-performing and aging — needs a content refresh.,0.0473560030963948,1.0,0.03884640524331987,3.4010634073751405,0.18643075691936728
pg_02340,cl_025,protect,"High performance, low staleness/volatility risk.",0.04723584824177432,12.607100281235954,0.061531997907159755,2.771385508205326,0.6950861981717498
pg_01162,cl_050,protect,"High performance, low staleness/volatility risk.",0.04701501891487562,9.538075488527811,0.09988883098425753,4.748800988707854,0.3553105699060345
pg_03686,cl_006,protect,"High performance, low staleness/volatility risk.",0.04668915580158869,9.887048603604184,0.10750167102917352,1.7355027149080708,0.7887157405031778
pg_00389,cl_009,protect,"High performance, low staleness/volatility risk.",0.04650247847253894,12.061331025264122,0.06472499361186956,4.321470228882261,0.5552300744460034
pg_03702,cl_014,protect,"High performance, low staleness/volatility risk.",0.04641738344295559,12.335019309698165,0.10641259694415986,2.4647301217361224,0.662783045261263
pg_03619,cl_005,protect,"High performance, low staleness/volatility risk.",0.046298392302949125,8.69903292575294,0.07992282409031373,4.1455008631814145,0.2197803270120829
pg_03467,cl_015,protect,"High performance, low staleness/volatility risk.",0.04611926026811893,10.20987888153441,0.08914070876091608,5.069026371235562,0.30407254681174267
pg_00140,cl_058,monitor,Performing but unstable — position volatility flags it.,0.046105970149821526,9.822372533417962,0.0540987864730715,9.804054047756193,5.283246672218176
pg_00809,cl_059,protect,"High performance, low staleness/volatility risk.",0.045248987161751325,10.531175983920246,0.08904966055600606,6.182842594588471,0.7373702791523727
pg_00718,cl_014,protect,"High performance, low staleness/volatility risk.",0.0447534346520858,12.490111794116388,0.07263537651970572,5.1856453220263505,1.0469112110224312
pg_03811,cl_026,protect,"High performance, low staleness/volatility risk.",0.044656647842187265,12.459545805960866,0.07130347572671109,1.615739134341434,0.7874410005076522
pg_00986,cl_036,protect,"High performance, low staleness/volatility risk.",0.04465383031442101,11.164722067782044,0.10789855382898497,4.3410699828976265,0.10630193288270973
pg_01533,cl_011,protect,"High performance, low staleness/volatility risk.",0.04450463899945062,10.781823939331545,0.095653175804598,3.806637585898751,0.8512430438717439
pg_03734,cl_019,protect,"High performance, low staleness/volatility risk.",0.044353346166252576,10.729682267580372,0.07083656503714857,2.727724323948639,0.7948442399819796
pg_00208,cl_015,protect,"High performance, low staleness/volatility risk.",0.04410445480175103,10.018075765656299,0.06825529356823293,3.5659975176205236,0.4602755974783911
pg_01166,cl_001,protect,"High performance, low staleness/volatility risk.",0.043908095361720564,9.523764141129941,0.06115814005380249,4.15044409645991,0.2997466094051445
pg_02283,cl_047,protect,"High performance, low staleness/volatility risk.",0.04372109712716289,9.376954244434561,0.09838549326800518,3.9907109582350944,0.23493942198187134
pg_00695,cl_015,protect,"High performance, low staleness/volatility risk.",0.04347239167492077,9.161965777438816,0.05329535847109935,4.748979352530683,0.5006458817843553
pg_01644,cl_007,protect,"High performance, low staleness/volatility risk.",0.04300077560905181,9.32983044918439,0.12046189832470094,1.8863701141997624,0.7456098532636632
pg_02373,cl_023,protect,"High performance, low staleness/volatility risk.",0.04282341224601784,7.390865201924823,0.07423206547637627,6.517493275692927,0.4342158126836284
pg_02181,cl_014,protect,"High performance, low staleness/volatility risk.",0.04266442695379531,9.993079761506095,0.07874317854424286,3.720294885072322,1.1384141074243765
pg_01458,cl_015,protect,"High performance, low staleness/volatility risk.",0.04264588012375226,7.68163167697745,0.07405791131736993,5.003216350715983,0.5988964637813262
pg_02118,cl_032,protect,"High performance, low staleness/volatility risk.",0.04253328600356047,8.833673055082713,0.030770335395523873,9.863463024956664,1.7576827509462252
pg_02670,cl_047,protect,"High performance, low staleness/volatility risk.",0.042448559801064656,11.879231819312425,0.09062750212313213,2.566803614868732,0.7900611225193745
pg_01318,cl_026,protect,"High performance, low staleness/volatility risk.",0.04204268112508308,11.52278104823754,0.12329885702345358,1.9321024184669775,0.5152185445566897
pg_03407,cl_038,protect,"High performance, low staleness/volatility risk.",0.04165210665043383,10.562817944710776,0.08888227894206488,4.661112405494143,0.22274641240352994
pg_01137,cl_021,protect,"High performance, low staleness/volatility risk.",0.041601284306471205,9.643327287679346,0.09267433615493025,5.09413950089826,0.9580203979327742
pg_00462,cl_044,protect,"High performance, low staleness/volatility risk.",0.041599795112504535,9.362230210045288,0.1106282612588141,6.217047691490445,0.38976221672431743
pg_03638,cl_004,protect,"High performance, low staleness/volatility risk.",0.040873027273316966,7.863065281493201,0.07071920150698344,3.642137254865101,0.7409989457217777
pg_03222,cl_046,protect,"High performance, low staleness/volatility risk.",0.0406102342267336,9.406090744945757,0.09543486282701806,4.625762623394837,0.16636850432083433
pg_02579,cl_034,protect,"High performance, low staleness/volatility risk.",0.040430396202686666,8.840172148228268,0.10335871334361064,1.4127741432387926,0.564004555413508
pg_01256,cl_013,protect,"High performance, low staleness/volatility risk.",0.04042353418218148,9.620180728441944,0.0557957568735662,2.983567426915047,1.0167597917596123
pg_00183,cl_041,protect,"High performance, low staleness/volatility risk.",0.04018668459986944,8.8939260370037,0.07951634187489995,3.646930010780515,0.5569282060085508
pg_00285,cl_056,protect,"High performance, low staleness/volatility risk.",0.04002583973650369,7.808131040370591,0.08584355622559246,2.8584491445598212,0.8121122175290698
pg_03852,cl_006,protect,"High performance, low staleness/volatility risk.",0.039949187951999,9.813174709402436,0.08059755684758263,4.610316592777523,0.4485631693253209
pg_02865,cl_002,protect,"High performance, low staleness/volatility risk.",0.03977295167731701,10.76658270665721,0.09116226348267743,4.059534298684491,0.7668112324039242
pg_01606,cl_008,protect,"High performance, low staleness/volatility risk.",0.03965009580751231,7.728736858560666,0.04288071957057642,3.4592048538561384,1.1544146372731658
pg_01306,cl_015,protect,"High performance, low staleness/volatility risk.",0.039567474670295255,8.521974416168824,0.07543952010360447,5.831528890569906,0.4628264384576726
pg_02409,cl_001,protect,"High performance, low staleness/volatility risk.",0.039303278912532214,11.760312876187706,0.10387419904925316,5.5846241830042835,0.8989317936488134
pg_03471,cl_044,protect,"High performance, low staleness/volatility risk.",0.039203179638784294,10.0055313708412,0.1232642022577723,5.067233240590639,0.49644103534209827
pg_00173,cl_043,protect,"High performance, low staleness/volatility risk.",0.03906420911212667,8.423138912075313,0.09128937852205345,4.942223916636721,0.5291200664906994
pg_03320,cl_005,protect,"High performance, low staleness/volatility risk.",0.03885956282039147,10.396956154374699,0.11813911155563617,4.912650826440412,1.0328675077543865
pg_00682,cl_057,protect,"High performance, low staleness/volatility risk.",0.03859692542565175,7.470542015667596,0.07352216910597498,4.117481037608397,0.539151610902
pg_02802,cl_059,protect,"High performance, low staleness/volatility risk.",0.03856048392684558,9.986533259990384,0.096156337403254,4.292992247548906,0.48944926699133623
pg_03114,cl_021,protect,"High performance, low staleness/volatility risk.",0.038411724046637646,9.136229017707961,0.08734437522927756,3.4654517406690677,0.5405146235834754
pg_00605,cl_032,protect,"High performance, low staleness/volatility risk.",0.03830014289204137,11.261973811870247,0.08640285511413444,5.086713175247819,0.8522182284511254
pg_01141,cl_020,protect,"High performance, low staleness/volatility risk.",0.03822708612840914,7.340540599733082,0.0922817482914865,4.9311961587210975,0.9578016700246988
pg_01593,cl_001,protect,"High performance, low staleness/volatility risk.",0.038188971933612266,9.819226267566066,0.08014820085422844,5.214318273325187,0.643651965789485
pg_02187,cl_015,protect,"High performance, low staleness/volatility risk.",0.036962456741353594,12.209576324365676,0.11031312125095878,2.362233074607764,0.31670545979776416
pg_01681,cl_000,protect,"High performance, low staleness/volatility risk.",0.03686177836772986,8.847168872356587,0.13248155172357878,5.1524492329876495,1.0021161999080155
pg_03502,cl_018,protect,"High performance, low staleness/volatility risk.",0.03681695177905453,9.320315426819299,0.10049276240329973,2.4881270128678628,0.7505991263748835
pg_02256,cl_047,protect,"High performance, low staleness/volatility risk.",0.036799155715101874,8.892440935411887,0.09472584397193348,2.591636889425055,0.7113403808129349
pg_03750,cl_034,protect,"High performance, low staleness/volatility risk.",0.03673925948981505,8.73605099462554,0.07318781750025624,4.562587007276285,0.5364749789289177
pg_00533,cl_017,protect,"High performance, low staleness/volatility risk.",0.03542927636231593,9.15263922765541,0.07988515790846118,7.060740121486806,0.2039596050067502
pg_02078,cl_015,protect,"High performance, low staleness/volatility risk.",0.035191223344056714,8.4969710168272,0.09066856108694951,3.270059294282123,0.5601263507600764
pg_01175,cl_020,protect,"High performance, low staleness/volatility risk.",0.03477191900683992,7.837254333301424,0.10629007642902999,1.0,0.4321825021070442
pg_03174,cl_059,protect,"High performance, low staleness/volatility risk.",0.034671858802517844,8.075800788202088,0.12386310178534271,6.0342435758290485,0.1946167492634588
pg_02965,cl_035,protect,"High performance, low staleness/volatility risk.",0.03451944505213326,8.721975649293347,0.0817835768798051,3.9763949702184593,0.8875713084605719
pg_03030,cl_043,protect,"High performance, low staleness/volatility risk.",0.033831925749278416,9.631814749191633,0.11769324715985756,4.331463090370369,0.3675914280755393
pg_03223,cl_046,protect,"High performance, low staleness/volatility risk.",0.0338126084500253,7.5352776362638,0.0603843507745493,4.932569594983841,0.9550139654108656
pg_01051,cl_021,protect,"High performance, low staleness/volatility risk.",0.03376039059505575,7.438903578722503,0.07024199092660383,4.229757860889377,1.3073097690079107
pg_02989,cl_025,protect,"High performance, low staleness/volatility risk.",0.033635464809583536,8.288216929558214,0.10103849253512939,3.3422995574680225,0.34874235135817955
pg_00426,cl_051,protect,"High performance, low staleness/volatility risk.",0.033223926055669595,8.485049174807244,0.09532445969269124,5.898915376222898,0.76631740055209
pg_00149,cl_003,protect,"High performance, low staleness/volatility risk.",0.03318537132618898,11.246049330797689,0.10807651377219035,5.933248588466483,0.8909693080966238
pg_01522,cl_011,protect,"High performance, low staleness/volatility risk.",0.03307334189221247,6.837401889429719,0.1006694302522785,4.620761401212753,0.5431791996580512
pg_00333,cl_049,protect,"High performance, low staleness/volatility risk.",0.032982820480574916,8.010836625933281,0.11510815420973283,3.1441259472195244,0.543557194458571
pg_01803,cl_015,protect,"High performance, low staleness/volatility risk.",0.032968631110004275,9.09240243354036,0.11795715957155073,2.4261091232068206,0.5121280842853561
pg_03475,cl_012,protect,"High performance, low staleness/volatility risk.",0.03285415149609571,6.441216472177661,0.07075876604860681,4.354807117310525,0.8152591491227597
pg_00713,cl_045,protect,"High performance, low staleness/volatility risk.",0.032787874628007675,7.601454897520848,0.11472287945457868,3.122179746909719,1.0259866738447396
pg_02145,cl_026,protect,"High performance, low staleness/volatility risk.",0.0326889869833151,8.11644341007041,0.06014488978645942,10.498993466862691,0.8262393358181224
pg_02064,cl_035,protect,"High performance, low staleness/volatility risk.",0.03216939713479329,9.1638966011675,0.09798118395004435,2.017908754224129,0.7715910057741173
pg_03192,cl_040,protect,"High performance, low staleness/volatility risk.",0.031901237860778996,9.127211017041448,0.06941765370894683,4.80094172772446,0.36227546687233037
pg_03173,cl_020,protect,"High performance, low staleness/volatility risk.",0.031246516084358685,6.967502489551835,0.0606051532969457,7.290015079112219,0.7986323989548401
pg_00999,cl_030,protect,"High performance, low staleness/volatility risk.",0.031226928733564897,7.326728065586234,0.09428682150740618,4.2267358475185555,0.05
pg_02234,cl_035,protect,"High performance, low staleness/volatility risk.",0.030883835421457347,7.901306725465736,0.06849302752766344,4.633287475216472,0.16460632775367057
pg_03106,cl_051,protect,"High performance, low staleness/volatility risk.",0.030414030069831247,7.059312982017075,0.07961329539804808,3.036037200299742,0.49553908579933115
pg_02190,cl_021,protect,"High performance, low staleness/volatility risk.",0.030371718753159166,6.153805423486599,0.10428558475386925,4.166235286460368,0.8950960785632674
pg_02745,cl_024,protect,"High performance, low staleness/volatility risk.",0.030000620166546976,6.812570634791218,0.13086673840857557,6.006012056849416,1.0762714520274124
pg_01342,cl_007,protect,"High performance, low staleness/volatility risk.",0.029690683542645976,6.590794331397703,0.0921031576904521,1.0,0.5092447158557313
pg_03063,cl_007,protect,"High performance, low staleness/volatility risk.",0.02955810201052966,6.574620184797157,0.09220195190429122,7.214180659302907,0.44999594392491093
pg_02371,cl_049,protect,"High performance, low staleness/volatility risk.",0.029480620441548273,6.104552206139596,0.09541467420270318,2.2794114446913114,1.379708443437166
pg_03899,cl_055,protect,"High performance, low staleness/volatility risk.",0.029055821099817587,7.928550036122352,0.10287272001207481,3.6545185581617643,0.07395391227479453
pg_01961,cl_059,protect,"High performance, low staleness/volatility risk.",0.02905095645294343,7.65744343223544,0.09684799195901851,5.59571751493826,0.9047160560937728
pg_01183,cl_026,protect,"High performance, low staleness/volatility risk.",0.02897432696441742,8.239471971957649,0.07411193205199018,4.449778516261118,0.5540088853985461
pg_00567,cl_014,protect,"High performance, low staleness/volatility risk.",0.028731283389411045,6.834761632746407,0.08579888454003601,2.0574404847529006,0.311491800373921
pg_00475,cl_047,protect,"High performance, low staleness/volatility risk.",0.02865944926226397,9.216573751384548,0.09958248435926172,6.126000075151527,0.5885819629673973
pg_01224,cl_025,protect,"High performance, low staleness/volatility risk.",0.028545059010842172,5.450715474429588,0.09152094235109415,4.83020185208222,0.634663851723032
pg_03872,cl_051,protect,"High performance, low staleness/volatility risk.",0.028375895077773484,7.894392373100253,0.12355910819847447,4.56293705474181,0.361354551751722
pg_01442,cl_056,protect,"High performance, low staleness/volatility risk.",0.027920593418756374,8.294073480876639,0.08287195319497616,1.8381499999539717,0.6530933292256437
pg_02981,cl_003,protect,"High performance, low staleness/volatility risk.",0.02790795673576206,6.015397455908833,0.044283940559991984,8.416083623402894,0.6494937326229484
pg_02635,cl_001,protect,"High performance, low staleness/volatility risk.",0.027576064075987557,6.305064412901887,0.09251954433015673,4.994811444739631,1.1037037343691072
pg_00384,cl_001,protect,"High performance, low staleness/volatility risk.",0.02750909180335734,7.358322421157771,0.0903550194441435,4.2762204593673605,1.0641378838628304
pg_00500,cl_006,protect,"High performance, low staleness/volatility risk.",0.027333414924247058,4.757747289019578,0.08279344825148026,2.1571146761322306,0.5854285533602188
pg_00393,cl_035,protect,"High performance, low staleness/volatility risk.",0.0271161836014465,5.19379189232578,0.04627413508746136,5.618252371389911,0.6334155183993239
pg_03204,cl_017,protect,"High performance, low staleness/volatility risk.",0.0265636517907434,7.984325252305046,0.10066068569965042,4.214689125686377,0.4232921292026742
pg_02155,cl_029,protect,"High performance, low staleness/volatility risk.",0.02648904680561159,7.562410256450302,0.07191732423459565,5.2445509235952334,0.3211574933812443
pg_03175,cl_033,protect,"High performance, low staleness/volatility risk.",0.026436921080884565,7.46525124916028,0.0873535030967926,2.394872355997057,0.5710261611267438
pg_03500,cl_003,protect,"High performance, low staleness/volatility risk.",0.02641835387415475,6.751039019933543,0.1398087973975999,3.309246223660409,1.2011417686527537
pg_03759,cl_033,protect,"High performance, low staleness/volatility risk.",0.02622984458110464,5.954490718941196,0.10178153171699353,4.358857180401554,0.4706286247845227
pg_02990,cl_027,protect,"High performance, low staleness/volatility risk.",0.0261612951751063,6.346481871329097,0.09643098722052032,4.308723244945994,1.0550240299967852
pg_03344,cl_032,protect,"High performance, low staleness/volatility risk.",0.02584419066423791,5.894513978918205,0.059989925527607166,13.664464403726804,1.2703217460308829
pg_02616,cl_059,protect,"High performance, low staleness/volatility risk.",0.02581425927969762,6.559210526233635,0.11064440521109731,4.032974095857975,0.8846183807444905
pg_02681,cl_006,protect,"High performance, low staleness/volatility risk.",0.025776696543873476,7.8765752330309855,0.07892394806677953,4.60701003238633,0.620815111841335
pg_00128,cl_034,protect,"High performance, low staleness/volatility risk.",0.025748579418416424,8.393230562281957,0.09286602337295391,1.3388549540735442,0.8054863669965024
pg_01260,cl_015,protect,"High performance, low staleness/volatility risk.",0.025680335092398334,6.996354389081166,0.09000178061927276,5.063100327483899,0.35266018535617666
pg_00096,cl_014,protect,"High performance, low staleness/volatility risk.",0.025557020036800233,6.469100027648423,0.08009502759612688,6.720604105472079,0.6723419076000066
pg_03118,cl_001,protect,"High performance, low staleness/volatility risk.",0.025257932558011478,6.138596965604355,0.09078504147900067,5.635233452330531,0.6346076144889559
pg_01992,cl_017,protect,"High performance, low staleness/volatility risk.",0.025176130865937618,6.898844034581604,0.08572238604435838,6.744886043395667,0.5676186610219781
pg_02341,cl_023,protect,"High performance, low staleness/volatility risk.",0.025013768923098922,6.356067803439123,0.09519127856440085,6.593729843029527,0.6511802031652006
pg_03184,cl_037,protect,"High performance, low staleness/volatility risk.",0.02466248535731626,5.131704306167826,0.10521582926121814,6.065139553451226,0.948845619635621
pg_00320,cl_019,protect,"High performance, low staleness/volatility risk.",0.024647803300735238,5.899611107988523,0.10818123015610194,3.6835565809439776,0.46806124515317776
pg_00546,cl_025,monitor,Performing but unstable — position volatility flags it.,0.024183797465975692,3.0901582302817445,0.030463830138500576,14.403431893525157,4.70359628054087
pg_02013,cl_055,protect,"High performance, low staleness/volatility risk.",0.023902582924283156,5.596276975642965,0.07787856820211755,2.58576142257624,1.068797485928191
pg_03125,cl_053,protect,"High performance, low staleness/volatility risk.",0.02384617160302495,7.696277976392009,0.09484553977730423,4.126585761758014,1.157453285081463
pg_01214,cl_004,protect,"High performance, low staleness/volatility risk.",0.023812108105715008,5.719253718642181,0.09746126190750255,5.18726225791978,0.9465424398584531
pg_00196,cl_020,protect,"High performance, low staleness/volatility risk.",0.02353808591665476,7.137138783475173,0.09192114278234885,2.5518149831322035,0.10170243329789336
pg_01004,cl_007,protect,"High performance, low staleness/volatility risk.",0.023512014596747045,6.0259485713030685,0.12016154369088189,7.0867033518781035,0.6703771404691328
pg_03901,cl_057,protect,"High performance, low staleness/volatility risk.",0.02288184585663733,7.079011709422116,0.10353811418159263,3.442521660928518,0.5781679998342115
pg_03514,cl_015,protect,"High performance, low staleness/volatility risk.",0.022842748114590087,5.04399947765166,0.11870160036001406,2.9216800110628207,0.497259567295031
pg_01418,cl_051,protect,"High performance, low staleness/volatility risk.",0.022617491524940924,6.077770446779951,0.12765747352931553,4.146083912755265,0.2717690871450041
pg_03080,cl_026,protect,"High performance, low staleness/volatility risk.",0.022288372626191967,5.623384906527445,0.10681688801654093,2.952489552141503,0.4840899334179339
pg_02572,cl_043,protect,"High performance, low staleness/volatility risk.",0.022254556878954238,4.453890488362317,0.07151188406276436,5.33850480569637,0.9637231293193317
pg_02326,cl_020,protect,"High performance, low staleness/volatility risk.",0.02219347371340555,4.986322416574204,0.055181702324865134,5.016099820538805,1.1942659201265893
pg_03059,cl_016,protect,"High performance, low staleness/volatility risk.",0.022126427364019607,4.756513347398684,0.1066453608701576,6.787879924624341,0.5920119744133793
pg_01530,cl_005,protect,"High performance, low staleness/volatility risk.",0.021924575076126836,2.3479996498052635,0.0920091854166579,3.4006823306244773,0.5217509663275128
pg_00538,cl_032,protect,"High performance, low staleness/volatility risk.",0.021924313905321832,6.503589648641153,0.11309464205090325,4.881876918870433,0.9447609413011628
pg_02202,cl_002,protect,"High performance, low staleness/volatility risk.",0.021377080888821967,5.984065278046865,0.07017851427950686,2.624021608421147,1.0564973991140854
pg_02960,cl_055,protect,"High performance, low staleness/volatility risk.",0.021147335243193,4.977668639827577,0.06441361363824309,4.322073095582969,0.6805564435382299
pg_00584,cl_024,protect,"High performance, low staleness/volatility risk.",0.020885414250865417,4.667187726632475,0.09102773340872372,4.552130062871308,0.08928281319269094
pg_01371,cl_020,protect,"High performance, low staleness/volatility risk.",0.020631393223612442,5.964151695098382,0.08315898031798996,4.805791218972447,0.5365687214165704
pg_01234,cl_038,protect,"High performance, low staleness/volatility risk.",0.02054068938776364,4.655881963086205,0.11254805454129156,4.039977253001227,0.43332984107204375
pg_02146,cl_010,protect,"High performance, low staleness/volatility risk.",0.020467118573263575,6.679510235927124,0.12791910599696615,6.1171087097191315,0.5641677685369507
pg_02323,cl_039,protect,"High performance, low staleness/volatility risk.",0.01992738035305436,6.615100438781427,0.10792657097485892,4.383049176520839,0.46961514150592043
pg_02643,cl_027,protect,"High performance, low staleness/volatility risk.",0.019900611535088583,7.47249909758165,0.11284423099083296,3.811560295823995,0.48176450706024787
pg_00895,cl_036,protect,"High performance, low staleness/volatility risk.",0.019884342867803266,3.5729154013629056,0.06443180119920752,5.96027683550852,0.7591689369394943
pg_01373,cl_025,protect,"High performance, low staleness/volatility risk.",0.019850912749116892,3.453193364950696,0.10309562171542828,5.06222883718596,0.44689045348288625
pg_02223,cl_025,protect,"High performance, low staleness/volatility risk.",0.019736209442379596,5.852838146486709,0.06480623386698614,3.3363597896027954,0.6348085191860613
pg_03631,cl_032,protect,"High performance, low staleness/volatility risk.",0.01973276498433391,3.0606623983862473,0.04937798314791351,4.853697353528532,0.9211118652707126
pg_03248,cl_008,protect,"High performance, low staleness/volatility risk.",0.019427819947101927,4.276802854810423,0.07117336488734163,2.0093082857478795,0.3169347541127028
pg_01944,cl_022,protect,"High performance, low staleness/volatility risk.",0.019333961250405037,4.584130302865859,0.07622340615632398,2.9778665411781327,0.6553181212765866
pg_02853,cl_005,protect,"High performance, low staleness/volatility risk.",0.01927701317647116,4.550090393349874,0.07443373452430889,3.161762142300499,0.5499898818608416
pg_01704,cl_055,protect,"High performance, low staleness/volatility risk.",0.01905722803701475,3.5713552720963158,0.0850538298878489,6.026570958451467,0.48764490810915784
pg_01104,cl_018,protect,"High performance, low staleness/volatility risk.",0.01902723424292513,3.160187412122667,0.03044509543271273,12.632112410559436,0.6535254347472035
pg_03593,cl_034,protect,"High performance, low staleness/volatility risk.",0.018916736198043432,2.5731505657759985,0.07470156188385145,4.34422737330132,1.0701069024019736
pg_03102,cl_000,protect,"High performance, low staleness/volatility risk.",0.018548433877125892,2.663233410092971,0.09618755228994948,1.9948494127320884,0.5705613783492134
pg_00114,cl_030,protect,"High performance, low staleness/volatility risk.",0.018517496115481633,5.800198889263035,0.10953928300857424,1.9423366633135477,0.5242277886026393
pg_03041,cl_017,protect,"High performance, low staleness/volatility risk.",0.018465314379796732,4.219255311186476,0.07341366211686276,6.21187916098794,0.4875583364032223
pg_00228,cl_032,protect,"High performance, low staleness/volatility risk.",0.018114355503025238,3.3224808240158037,0.11164686108870495,2.844807876038969,0.5715574321830034
pg_01538,cl_042,protect,"High performance, low staleness/volatility risk.",0.017990231050269114,3.632135089462958,0.08748581080562551,4.547093705939057,0.0630977932835638
pg_03487,cl_057,protect,"High performance, low staleness/volatility risk.",0.017838854086010138,4.783300359379684,0.10677839108609678,3.9530577852125046,1.0348556922871928
pg_02465,cl_011,protect,"High performance, low staleness/volatility risk.",0.017380019652988184,5.8163076309992015,0.08341572561247551,3.2158462028832706,0.2433313639264435
pg_01376,cl_057,protect,"High performance, low staleness/volatility risk.",0.017216702357642343,3.5295609580126914,0.08844038996211145,3.248380795588702,0.24289015912872003
pg_00952,cl_036,protect,"High performance, low staleness/volatility risk.",0.017171692880688125,3.710756440070014,0.056010469064271116,3.9937213665523545,1.4696401840678561
pg_02207,cl_050,protect,"High performance, low staleness/volatility risk.",0.01672401982101071,2.7790801224024957,0.08583482333784434,5.258928038490497,1.164623919664719
pg_00939,cl_030,protect,"High performance, low staleness/volatility risk.",0.01663723592029909,1.1501687867425332,0.0961619306902816,3.171244964693023,0.6634530040297413
pg_02413,cl_036,protect,"High performance, low staleness/volatility risk.",0.016610143002594415,1.1043699410470431,0.057349497273671675,3.7973259881119765,0.3472322852413465
pg_03896,cl_031,protect,"High performance, low staleness/volatility risk.",0.016482905370653975,2.528841216299547,0.07973015651169867,4.099104532060457,0.3989276281383372
pg_01139,cl_032,protect,"High performance, low staleness/volatility risk.",0.015794165199431894,1.5524624713006787,0.06692656698605245,10.790799694199201,0.8821664952513776
pg_01494,cl_024,protect,"High performance, low staleness/volatility risk.",0.015581823610897239,1.3560862629068975,0.08428320580886738,4.234396647307316,0.9222111263962842
pg_01641,cl_003,protect,"High performance, low staleness/volatility risk.",0.01538559091295688,4.405120716420646,0.0966370745355982,5.795703133790732,0.531617557357945
pg_00341,cl_017,protect,"High performance, low staleness/volatility risk.",0.0153618933271447,2.373254879816775,0.10078877041273296,2.5942761902302993,0.8754697579600346
pg_02708,cl_043,protect,"High performance, low staleness/volatility risk.",0.015203707891342302,2.170943982145337,0.13452813797946245,1.8366748568370697,0.6206958210949504
pg_03925,cl_034,protect,"High performance, low staleness/volatility risk.",0.015164335479600706,3.786445825994445,0.14506054437757507,3.7866521355008143,0.7589664049677192
pg_01057,cl_046,protect,"High performance, low staleness/volatility risk.",0.015083666436138591,2.224619826418696,0.08736512948576056,4.311008454419228,0.4490348807164426
pg_00513,cl_048,protect,"High performance, low staleness/volatility risk.",0.014716958486424667,4.018976469106736,0.08044082174864867,2.991511599778269,0.6353508226552893
pg_02473,cl_012,protect,"High performance, low staleness/volatility risk.",0.014487982835543083,2.5081840536732862,0.09877703579191197,2.6795029407499564,0.9380002868375501
pg_00045,cl_058,protect,"High performance, low staleness/volatility risk.",0.014455796242999848,1.5560519671669475,0.06310510507367174,5.164848327567363,0.5820761463118669
pg_02332,cl_016,protect,"High performance, low staleness/volatility risk.",0.014414149825102814,1.934241334254347,0.08918736820083037,4.022210527345393,1.0696694460274359
pg_03953,cl_027,protect,"High performance, low staleness/volatility risk.",0.014312911897554098,1.6385017878758639,0.09012370837956907,4.5550389766723205,1.038453095207388
pg_03131,cl_027,protect,"High performance, low staleness/volatility risk.",0.013388089857056033,1.9605841296105062,0.07848753069701585,4.983467214675326,0.8667588687133705
pg_00383,cl_014,protect,"High performance, low staleness/volatility risk.",0.012837091381876845,1.576456625337988,0.09029403650558875,4.858623373844791,0.8722786707926986
pg_02135,cl_041,protect,"High performance, low staleness/volatility risk.",0.01199902598305564,2.8638363256075845,0.09784206994643496,3.7335179057205763,0.5549528887526057
pg_00937,cl_008,protect,"High performance, low staleness/volatility risk.",0.011845333049887777,1.7294195763849167,0.1032743748737084,5.170829783984164,1.0709986180143418
pg_03606,cl_019,protect,"High performance, low staleness/volatility risk.",0.011290722440291608,1.098441816064021,0.06733126233717379,2.2271781862439775,0.5131274538359759
pg_00382,cl_056,protect,"High performance, low staleness/volatility risk.",0.010515869133445786,2.6437590067131644,0.08783758323566157,2.882303774153966,0.7145889100454424
pg_03439,cl_049,protect,"High performance, low staleness/volatility risk.",0.009227547660401828,1.0,0.10188752171139723,5.870185413588224,0.8732123853900289
pg_01243,cl_029,protect,"High performance, low staleness/volatility risk.",0.008986249950457716,1.0,0.03650001488236605,7.47607728827545,1.5950055493059159
pg_01750,cl_055,protect,"High performance, low staleness/volatility risk.",0.008950052485927985,1.0,0.05901474484342579,6.978109541667287,0.40304992511106685
pg_01217,cl_043,protect,"High performance, low staleness/volatility risk.",0.00871650709669562,1.0,0.027610501522639788,3.8023272655676124,1.2960691125428565
pg_01548,cl_029,protect,"High performance, low staleness/volatility risk.",0.008464461720113723,1.0,0.09126686307389689,5.398179287883017,0.5453018962296061
pg_03832,cl_048,protect,"High performance, low staleness/volatility risk.",0.00840608149847414,1.0,0.03376488599581128,7.547922300257914,1.011215912301013
pg_02791,cl_009,protect,"High performance, low staleness/volatility risk.",0.008246663357209765,1.0,0.1026702694776984,5.662940796191749,0.9570534138574536
pg_00022,cl_010,protect,"High performance, low staleness/volatility risk.",0.008129363496088728,1.0,0.10390754295721297,1.2877559296093906,0.7280306766652512
pg_00118,cl_014,protect,"High performance, low staleness/volatility risk.",0.007819124358997476,1.0,0.05328602619145794,4.569008749426359,0.19132515603976213
pg_03873,cl_028,protect,"High performance, low staleness/volatility risk.",0.007764275571827213,1.0,0.1018123536443675,5.04422379061547,0.5352669446539376
pg_03848,cl_044,protect,"High performance, low staleness/volatility risk.",0.0076090294876104666,1.0,0.08293622225740575,5.409975731000246,0.42721569319764185
pg_03316,cl_037,protect,"High performance, low staleness/volatility risk.",0.007443074455951277,1.0,0.11501618643557052,5.490910065183392,0.7573355234624176
pg_00742,cl_038,protect,"High performance, low staleness/volatility risk.",0.0074226640129182245,1.0,0.08764811032296935,2.2549133438571607,1.0293739737870045
pg_03317,cl_023,monitor,Performing but unstable — position volatility flags it.,0.007420918022517902,1.0,0.04481176603048447,4.908535095978668,4.848928140751448
pg_01635,cl_032,protect,"High performance, low staleness/volatility risk.",0.007410706051093789,1.0,0.10216030871225713,4.16763204616219,0.5706520703891705
pg_03323,cl_038,protect,"High performance, low staleness/volatility risk.",0.007331456509876992,1.0,0.09070011512304677,3.8263507189441373,0.174669455080316
pg_01873,cl_056,protect,"High performance, low staleness/volatility risk.",0.007294266537781466,1.0,0.07077571559092294,3.641726895708773,0.2373774885718029
pg_03775,cl_011,protect,"High performance, low staleness/volatility risk.",0.007273527689293892,1.0,0.10386811772453275,3.575278945513643,0.1434404476459038
pg_03944,cl_007,protect,"High performance, low staleness/volatility risk.",0.00724674897878513,1.0,0.1316951191341603,4.734106825242167,0.6513424548147381
pg_01734,cl_051,protect,"High performance, low staleness/volatility risk.",0.007211062489632127,1.0,0.15053303183390132,6.217260166634965,1.0020547700673643
pg_01659,cl_015,protect,"High performance, low staleness/volatility risk.",0.007172608495480042,1.0,0.08951127530267357,5.348640259933826,0.6172277324339056
pg_02312,cl_030,protect,"High performance, low staleness/volatility risk.",0.007152262349149602,1.0,0.058794653423263114,10.006387879288921,0.4279933274374935
pg_00295,cl_031,protect,"High performance, low staleness/volatility risk.",0.007089420958711783,1.0,0.13036531087584372,3.362072204202836,0.6423286146486418
pg_00079,cl_040,protect,"High performance, low staleness/volatility risk.",0.007055686682056321,1.0,0.06830077393086846,4.054665588739464,0.8537026105359966
pg_03403,cl_059,protect,"High performance, low staleness/volatility risk.",0.007050116725728578,1.0,0.10711282756776422,3.3900981516348327,0.1790959981315604
pg_00779,cl_051,protect,"High performance, low staleness/volatility risk.",0.007006671140972547,1.0,0.07805996482957904,4.691818178056521,0.6582408797842515
pg_02292,cl_014,protect,"High performance, low staleness/volatility risk.",0.0069617354974314954,1.0,0.07439847178569953,1.0049619328384023,0.41487754380658803
pg_00941,cl_024,protect,"High performance, low staleness/volatility risk.",0.006951575949495827,1.0,0.042849903627367666,12.607469337457687,2.1350242542281075
pg_01178,cl_015,protect,"High performance, low staleness/volatility risk.",0.006915840784757349,1.0,0.08089793576277286,5.914168061419624,0.7567964432593262
pg_02466,cl_018,protect,"High performance, low staleness/volatility risk.",0.00685654455877811,1.0,0.08152745002815703,3.6041765103456105,0.6315111228083525
pg_01279,cl_051,protect,"High performance, low staleness/volatility risk.",0.006774017257943502,1.0,0.09055762083000027,4.932359158629126,0.5594189830301248
pg_03345,cl_045,protect,"High performance, low staleness/volatility risk.",0.006743601467762524,1.0,0.09751425307826353,6.788698837691412,0.7427206499060781
pg_01815,cl_006,protect,"High performance, low staleness/volatility risk.",0.006734709161936247,1.0,0.03548752568008238,11.40215949102332,1.273987995612061
pg_01206,cl_030,protect,"High performance, low staleness/volatility risk.",0.006651652911960082,1.0,0.08075864908562733,2.187588640860919,0.4185080034391597
pg_02335,cl_032,protect,"High performance, low staleness/volatility risk.",0.006596339469578408,1.0,0.12275494918409545,1.1339819541194505,0.4246376601506937
pg_02608,cl_031,protect,"High performance, low staleness/volatility risk.",0.006556683353217622,1.0,0.07650304739676837,3.2759582235840434,0.3278682186891715
pg_01995,cl_000,protect,"High performance, low staleness/volatility risk.",0.006250490947058715,1.0,0.06379740690552875,2.481006625930899,0.8802150882336506
pg_02706,cl_042,protect,"High performance, low staleness/volatility risk.",0.0062434731083727745,1.0,0.13178103166557653,6.384594767070098,0.665140725557787
pg_03462,cl_052,protect,"High performance, low staleness/volatility risk.",0.0062322262378500795,1.0,0.10316415956103327,1.114094459882491,0.5124999417098922
pg_00200,cl_021,protect,"High performance, low staleness/volatility risk.",0.006224831195935445,1.0,0.08804993542166485,2.9215794521956546,0.5205684687285799
pg_02157,cl_037,protect,"High performance, low staleness/volatility risk.",0.006218860595992965,1.0,0.12319065199517121,4.4783287963682445,0.05
pg_01197,cl_058,protect,"High performance, low staleness/volatility risk.",0.0061745018486381266,1.0,0.10662682740216574,3.437884170540484,0.5215748103059197
pg_03110,cl_032,protect,"High performance, low staleness/volatility risk.",0.006114181034802448,1.0,0.08344095825384056,4.220372145888823,0.30245254289000856
pg_02983,cl_049,protect,"High performance, low staleness/volatility risk.",0.006084412302505371,1.0,0.07668629812829356,3.766744796110286,0.44519833090875627
pg_00780,cl_052,protect,"High performance, low staleness/volatility risk.",0.006052872768590807,1.0,0.09414275833314162,4.549838205324534,0.9851285994596098
pg_01317,cl_035,protect,"High performance, low staleness/volatility risk.",0.006049781514117322,1.0,0.05926852308620491,3.3729237039145454,0.2044745171084585
pg_01299,cl_001,protect,"High performance, low staleness/volatility risk.",0.006026733336260068,1.0,0.09859763146322965,2.3871038478087074,0.581238241273575
pg_01898,cl_044,protect,"High performance, low staleness/volatility risk.",0.005990300375084214,1.0,0.08623364512826986,3.179836249369128,0.7732731955252978
pg_03416,cl_036,protect,"High performance, low staleness/volatility risk.",0.005943167643276991,1.0,0.13083077568633888,4.3187368254009755,0.6377487851493023
pg_02902,cl_051,protect,"High performance, low staleness/volatility risk.",0.005919062548714071,1.0,0.10276620716287463,4.5881452078896725,0.6097635095285773
pg_00446,cl_018,protect,"High performance, low staleness/volatility risk.",0.005850944422587209,1.0,0.11748942431980831,3.7897973073579907,0.05
pg_03362,cl_002,protect,"High performance, low staleness/volatility risk.",0.005818458077278921,1.0,0.11728951703292999,4.465380590895242,0.7182377597669609
pg_01143,cl_050,protect,"High performance, low staleness/volatility risk.",0.005701598634949329,1.0,0.07657737856578983,2.790609228585569,0.41040387846024695
pg_02090,cl_053,protect,"High performance, low staleness/volatility risk.",0.005580224100756501,1.0,0.11787422297634637,1.0,1.3309183914104374
pg_00263,cl_055,protect,"High performance, low staleness/volatility risk.",0.005528407148480734,1.0,0.07315035914862546,3.6446536613300595,0.47487353185741465
pg_01351,cl_023,protect,"High performance, low staleness/volatility risk.",0.005510958335614655,1.0,0.05771961134112116,1.0,0.83579549254
pg_02304,cl_054,protect,"High performance, low staleness/volatility risk.",0.0055082757017141755,1.0,0.07829275390793985,2.668955542217188,0.05
pg_02088,cl_018,protect,"High performance, low staleness/volatility risk.",0.00548302595642765,1.0,0.08534673013890673,3.5108842213626597,0.5630147045319643
pg_01017,cl_029,protect,"High performance, low staleness/volatility risk.",0.005456370322981054,1.0,0.10289529939145978,3.609382429641384,0.7394336586301575
pg_03154,cl_004,protect,"High performance, low staleness/volatility risk.",0.005379989005464625,1.0,0.09076297021681642,1.0,0.6475717229436193
pg_00865,cl_041,protect,"High performance, low staleness/volatility risk.",0.005331889930466026,1.0,0.07971468337473549,7.255186214396267,1.10322580800428
pg_03808,cl_031,protect,"High performance, low staleness/volatility risk.",0.005280932721982885,1.0,0.1043099127063293,4.891222069608902,0.3830785480027023
pg_03792,cl_015,protect,"High performance, low staleness/volatility risk.",0.005269857529583491,1.0,0.0688923944782858,2.8943013317852664,1.06661501712022
pg_00962,cl_050,protect,"High performance, low staleness/volatility risk.",0.005101000569132357,1.0,0.10683896665065251,2.1472540417367805,0.53470588342929
pg_02199,cl_010,protect,"High performance, low staleness/volatility risk.",0.005071950369424289,1.0,0.11790183074641572,4.673889061039035,0.5606968696339831
pg_01332,cl_025,protect,"High performance, low staleness/volatility risk.",0.004931822713192381,1.0,0.07792643652676629,2.273035750888954,0.9609774669050366
pg_00037,cl_049,protect,"High performance, low staleness/volatility risk.",0.0048977169559347306,1.0,0.10409152834115103,5.1450082712973995,0.6140928588898493
pg_02540,cl_017,protect,"High performance, low staleness/volatility risk.",0.004442873649915986,1.0,0.11209922549796653,2.88390242322304,0.6216193057468641
